"Xloc","Yloc","long","lat","Landuse","Rock"
0.3,1.7,6.82331316687865,47.1265180717047,"Pasture","Sequanian"
0.35,1.7,6.82396841755536,47.1265230125574,"Pasture","Sequanian"
0.35,1.75,6.82395959134573,47.1269715377459,"Pasture","Sequanian"
0.4,1.7,6.82462366835321,47.1265279496727,"Pasture","Kimmeridgian"
0.4,1.75,6.82461484763502,47.1269764749112,"Forest","Kimmeridgian"
0.4,1.8,6.82460602676878,47.127425000103,"Forest","Kimmeridgian"
0.4,1.85,6.82459720575449,47.1278735252479,"Forest","Sequanian"
0.4,1.9,6.82458838459215,47.1283220503462,"Forest","Sequanian"
0.4,2.1,6.82455309846214,47.1301161502704,"Meadow","Argovian"
0.4,2.15,6.82454427655946,47.1305646751343,"Meadow","Argovian"
0.4,2.2,6.8245354545087,47.1310131999512,"Meadow","Argovian"
0.4,2.4,6.82450016482476,47.1328072987486,"Meadow","Argovian"
0.4,2.45,6.82449134203354,47.1332558233304,"Meadow","Argovian"
0.4,2.5,6.82448251909422,47.133704347865,"Meadow","Argovian"
0.4,2.55,6.82447369600678,47.1341528723524,"Meadow","Argovian"
0.4,2.6,6.82446487277124,47.1346013967927,"Meadow","Argovian"
0.4,2.65,6.82445604938757,47.1350499211858,"Meadow","Argovian"
0.4,2.7,6.82444722585579,47.1354984455316,"Meadow","Argovian"
0.45,1.7,6.8252789192721,47.1265328830506,"Pasture","Kimmeridgian"
0.45,1.75,6.82527010404535,47.126981408339,"Forest","Kimmeridgian"
0.45,1.8,6.82526128867065,47.1274299335806,"Forest","Kimmeridgian"
0.45,1.85,6.825252473148,47.1278784587755,"Forest","Sequanian"
0.45,1.9,6.82524365747737,47.1283269839236,"Forest","Sequanian"
0.45,1.95,6.82523484165878,47.1287755090249,"Forest","Quaternary"
0.45,2.1,6.82520839331517,47.1301210840476,"Meadow","Argovian"
0.45,2.15,6.82519957690467,47.1305696089614,"Meadow","Argovian"
0.45,2.2,6.82519076034618,47.1310181338282,"Meadow","Argovian"
0.45,2.25,6.8251819436397,47.131466658648,"Meadow","Argovian"
0.45,2.4,6.82515549263227,47.1328122328253,"Meadow","Argovian"
0.45,2.45,6.82514667533379,47.133260757457,"Meadow","Argovian"
0.45,2.5,6.82513785788729,47.1337092820414,"Meadow","Argovian"
0.45,2.55,6.82512904029277,47.1341578065789,"Meadow","Argovian"
0.45,2.6,6.82512022255024,47.134606331069,"Meadow","Argovian"
0.45,2.65,6.82511140465968,47.1350548555121,"Meadow","Argovian"
0.45,2.7,6.8251025866211,47.1355033799079,"Meadow","Argovian"
0.5,1.7,6.82593417031193,47.126537812691,"Forest","Kimmeridgian"
0.5,1.75,6.82592536057664,47.1269863380292,"Forest","Kimmeridgian"
0.5,1.8,6.82591655069348,47.1274348633208,"Forest","Kimmeridgian"
0.5,1.85,6.82590774066245,47.1278833885655,"Forest","Kimmeridgian"
0.5,1.9,6.82589893048356,47.1283319137635,"Forest","Kimmeridgian"
0.5,1.95,6.82589012015678,47.1287804389147,"Forest","Quaternary"
0.5,2,6.82588130968213,47.129228964019,"Forest","Quaternary"
0.5,2.05,6.8258724990596,47.1296774890765,"Forest","Quaternary"
0.5,2.1,6.82586368828918,47.130126014087,"Forest","Argovian"
0.5,2.15,6.82585487737086,47.1305745390507,"Forest","Argovian"
0.5,2.2,6.82584606630465,47.1310230639674,"Forest","Argovian"
0.5,2.25,6.82583725509054,47.1314715888371,"Meadow","Argovian"
0.5,2.3,6.82582844372853,47.1319201136598,"Meadow","Argovian"
0.5,2.35,6.82581963221861,47.1323686384355,"Meadow","Argovian"
0.5,2.4,6.82581082056078,47.1328171631641,"Pasture","Argovian"
0.5,2.45,6.82580200875503,47.1332656878456,"Pasture","Argovian"
0.5,2.5,6.82579319680136,47.13371421248,"Meadow","Argovian"
0.5,2.55,6.82578438469977,47.1341627370672,"Meadow","Argovian"
0.5,2.6,6.82577557245025,47.1346112616073,"Meadow","Argovian"
0.5,2.65,6.8257667600528,47.1350597861002,"Forest","Argovian"
0.5,2.7,6.82575794750742,47.135508310546,"Forest","Argovian"
0.55,1.7,6.82658942147263,47.1265427385938,"Forest","Kimmeridgian"
0.55,1.75,6.82658061722878,47.1269912639819,"Forest","Kimmeridgian"
0.55,1.8,6.82657181283717,47.1274397893233,"Forest","Kimmeridgian"
0.55,1.85,6.82656300829778,47.127888314618,"Forest","Kimmeridgian"
0.55,1.9,6.82655420361061,47.1283368398658,"Forest","Kimmeridgian"
0.55,1.95,6.82654539877566,47.1287853650668,"Forest","Kimmeridgian"
0.55,2,6.82653659379292,47.129233890221,"Forest","Kimmeridgian"
0.55,2.05,6.82652778866239,47.1296824153283,"Forest","Kimmeridgian"
0.55,2.1,6.82651898338407,47.1301309403887,"Forest","Quaternary"
0.55,2.15,6.82651017795795,47.1305794654022,"Meadow","Argovian"
0.55,2.2,6.82650137238402,47.1310279903688,"Meadow","Argovian"
0.55,2.25,6.82649256666228,47.1314765152883,"Pasture","Argovian"
0.55,2.3,6.82648376079274,47.1319250401609,"Pasture","Argovian"
0.55,2.35,6.82647495477538,47.1323735649864,"Pasture","Argovian"
0.55,2.4,6.82646614861019,47.1328220897649,"Pasture","Argovian"
0.55,2.45,6.82645734229719,47.1332706144963,"Pasture","Argovian"
0.55,2.5,6.82644853583636,47.1337191391805,"Forest","Argovian"
0.55,2.55,6.82643972922769,47.1341676638177,"Forest","Argovian"
0.55,2.6,6.82643092247119,47.1346161884076,"Forest","Argovian"
0.55,2.65,6.82642211556685,47.1350647129504,"Forest","Argovian"
0.55,2.7,6.82641330851467,47.1355132374459,"Forest","Argovian"
0.6,1.6,6.82726226981584,47.1256506097433,"Meadow","Kimmeridgian"
0.6,1.65,6.8272534713588,47.1260991352746,"Meadow","Kimmeridgian"
0.6,1.7,6.82724467275409,47.1265476607592,"Forest","Kimmeridgian"
0.6,1.75,6.8272358740017,47.1269961861972,"Forest","Kimmeridgian"
0.6,1.8,6.82722707510163,47.1274447115883,"Forest","Kimmeridgian"
0.6,1.85,6.82721827605388,47.1278932369328,"Forest","Kimmeridgian"
0.6,1.9,6.82720947685845,47.1283417622304,"Forest","Kimmeridgian"
0.6,1.95,6.82720067751532,47.1287902874813,"Forest","Kimmeridgian"
0.6,2,6.8271918780245,47.1292388126853,"Forest","Kimmeridgian"
0.6,2.05,6.82718307838598,47.1296873378424,"Forest","Kimmeridgian"
0.6,2.1,6.82717427859976,47.1301358629527,"Forest","Quaternary"
0.6,2.15,6.82716547866583,47.130584388016,"Meadow","Argovian"
0.6,2.2,6.82715667858418,47.1310329130323,"Meadow","Argovian"
0.6,2.25,6.82714787835483,47.1314814380017,"Pasture","Argovian"
0.6,2.3,6.82713907797775,47.1319299629241,"Pasture","Argovian"
0.6,2.35,6.82713027745295,47.1323784877995,"Pasture","Argovian"
0.6,2.4,6.82712147678042,47.1328270126278,"Pasture","Argovian"
0.6,2.45,6.82711267596016,47.133275537409,"Pasture","Argovian"
0.6,2.5,6.82710387499217,47.1337240621431,"Forest","Argovian"
0.6,2.55,6.82709507387644,47.1341725868301,"Forest","Argovian"
0.6,2.6,6.82708627261296,47.1346211114698,"Forest","Argovian"
0.6,2.65,6.82707747120174,47.1350696360625,"Forest","Argovian"
0.6,2.7,6.82706866964276,47.1355181606078,"Forest","Argovian"
0.65,1.6,6.82791751023533,47.1256555280716,"Meadow","Kimmeridgian"
0.65,1.65,6.82790871726956,47.1261040536527,"Meadow","Kimmeridgian"
0.65,1.7,6.82789992415622,47.1265525791871,"Forest","Kimmeridgian"
0.65,1.75,6.82789113089529,47.1270011046748,"Forest","Kimmeridgian"
0.65,1.8,6.82788233748678,47.1274496301158,"Forest","Kimmeridgian"
0.65,1.85,6.82787354393067,47.1278981555101,"Forest","Kimmeridgian"
0.65,1.9,6.82786475022697,47.1283466808575,"Forest","Kimmeridgian"
0.65,1.95,6.82785595637567,47.1287952061581,"Forest","Kimmeridgian"
0.65,2,6.82784716237677,47.1292437314119,"Forest","Kimmeridgian"
0.65,2.05,6.82783836823027,47.1296922566189,"Forest","Kimmeridgian"
0.65,2.1,6.82782957393614,47.1301407817789,"Forest","Quaternary"
0.65,2.15,6.82782077949441,47.130589306892,"Meadow","Argovian"
0.65,2.2,6.82781198490506,47.1310378319581,"Meadow","Argovian"
0.65,2.25,6.82780319016808,47.1314863569773,"Pasture","Argovian"
0.65,2.3,6.82779439528348,47.1319348819495,"Pasture","Argovian"
0.65,2.35,6.82778560025124,47.1323834068747,"Pasture","Argovian"
0.65,2.4,6.82777680507137,47.1328319317527,"Pasture","Argovian"
0.65,2.45,6.82776800974387,47.1332804565838,"Pasture","Argovian"
0.65,2.5,6.82775921426872,47.1337289813677,"Forest","Argovian"
0.65,2.55,6.82775041864592,47.1341775061044,"Forest","Argovian"
0.65,2.6,6.82774162287546,47.134626030794,"Forest","Argovian"
0.65,2.65,6.82773282695736,47.1350745554364,"Forest","Argovian"
0.65,2.7,6.82772403089159,47.1355230800316,"Forest","Argovian"
0.7,1.6,6.82857275077539,47.1256604426625,"Forest","Kimmeridgian"
0.7,1.65,6.82856396330091,47.1261089682933,"Forest","Kimmeridgian"
0.7,1.7,6.82855517567893,47.1265574938775,"Forest","Kimmeridgian"
0.7,1.75,6.82854638790947,47.127006019415,"Forest","Kimmeridgian"
0.7,1.8,6.82853759999251,47.1274545449057,"Forest","Sequanian"
0.7,1.85,6.82852881192805,47.1279030703497,"Forest","Kimmeridgian"
0.7,1.9,6.8285200237161,47.1283515957469,"Forest","Kimmeridgian"
0.7,1.95,6.82851123535663,47.1288001210973,"Forest","Kimmeridgian"
0.7,2,6.82850244684965,47.1292486464008,"Forest","Kimmeridgian"
0.7,2.05,6.82849365819516,47.1296971716575,"Pasture","Sequanian"
0.7,2.1,6.82848486939314,47.1301456968673,"Pasture","Sequanian"
0.7,2.15,6.82847608044361,47.1305942220302,"Pasture","Quaternary"
0.7,2.2,6.82846729134655,47.1310427471461,"Pasture","Quaternary"
0.7,2.25,6.82845850210196,47.1314912722151,"Pasture","Argovian"
0.7,2.3,6.82844971270983,47.131939797237,"Pasture","Argovian"
0.7,2.35,6.82844092317017,47.132388322212,"Pasture","Argovian"
0.7,2.4,6.82843213348296,47.1328368471398,"Pasture","Argovian"
0.7,2.45,6.8284233436482,47.1332853720206,"Pasture","Argovian"
0.7,2.5,6.8284145536659,47.1337338968542,"Forest","Argovian"
0.7,2.55,6.82840576353604,47.1341824216408,"Forest","Argovian"
0.7,2.6,6.82839697325862,47.1346309463801,"Forest","Argovian"
0.7,2.65,6.82838818283363,47.1350794710723,"Forest","Argovian"
0.7,2.7,6.82837939226108,47.1355279957172,"Forest","Argovian"
0.75,1.6,6.82922799143594,47.125665353516,"Meadow","Sequanian"
0.75,1.65,6.82921920945274,47.1261138791965,"Meadow","Sequanian"
0.75,1.7,6.82921042732214,47.1265624048304,"Meadow","Sequanian"
0.75,1.75,6.82920164504414,47.1270109304176,"Meadow","Sequanian"
0.75,1.8,6.82919286261874,47.1274594559581,"Meadow","Sequanian"
0.75,1.85,6.82918408004593,47.1279079814518,"Forest","Kimmeridgian"
0.75,1.9,6.82917529732572,47.1283565068987,"Forest","Kimmeridgian"
0.75,1.95,6.82916651445809,47.1288050322988,"Meadow","Kimmeridgian"
0.75,2,6.82915773144304,47.1292535576521,"Meadow","Kimmeridgian"
0.75,2.05,6.82914894828056,47.1297020829586,"Pasture","Sequanian"
0.75,2.1,6.82914016497067,47.1301506082181,"Pasture","Sequanian"
0.75,2.15,6.82913138151334,47.1305991334307,"Pasture","Sequanian"
0.75,2.2,6.82912259790857,47.1310476585963,"Pasture","Sequanian"
0.75,2.25,6.82911381415637,47.131496183715,"Pasture","Sequanian"
0.75,2.3,6.82910503025672,47.1319447087867,"Pasture","Quaternary"
0.75,2.35,6.82909624620963,47.1323932338113,"Pasture","Quaternary"
0.75,2.4,6.82908746201509,47.1328417587889,"Pasture","Argovian"
0.75,2.45,6.82907867767309,47.1332902837194,"Pasture","Argovian"
0.75,2.5,6.82906989318363,47.1337388086028,"Pasture","Argovian"
0.75,2.55,6.82906110854671,47.1341873334391,"Pasture","Argovian"
0.75,2.6,6.82905232376232,47.1346358582282,"Pasture","Argovian"
0.75,2.65,6.82904353883047,47.1350843829701,"Pasture","Argovian"
0.75,2.7,6.82903475375113,47.1355329076648,"Pasture","Argovian"
0.75,2.75,6.82902596852432,47.1359814323122,"Pasture","Argovian"
0.8,1.5,6.82990078475883,47.1247732090316,"Meadow","Sequanian"
0.8,1.55,6.8298920085615,47.1252217348551,"Meadow","Sequanian"
0.8,1.6,6.82988323221688,47.125670260632,"Meadow","Sequanian"
0.8,1.65,6.82987445572496,47.1261187863623,"Meadow","Sequanian"
0.8,1.7,6.82986567908574,47.1265673120458,"Meadow","Sequanian"
0.8,1.75,6.82985690229922,47.1270158376827,"Meadow","Sequanian"
0.8,1.8,6.82984812536538,47.1274643632729,"Meadow","Sequanian"
0.8,1.85,6.82983934828423,47.1279128888163,"Forest","Kimmeridgian"
0.8,1.9,6.82983057105576,47.1283614143129,"Forest","Kimmeridgian"
0.8,1.95,6.82982179367996,47.1288099397627,"Meadow","Kimmeridgian"
0.8,2,6.82981301615685,47.1292584651657,"Meadow","Kimmeridgian"
0.8,2.05,6.8298042384864,47.1297069905218,"Meadow","Kimmeridgian"
0.8,2.1,6.82979546066861,47.1301555158311,"Pasture","Kimmeridgian"
0.8,2.15,6.82978668270349,47.1306040410933,"Pasture","Sequanian"
0.8,2.2,6.82977790459102,47.1310525663087,"Pasture","Sequanian"
0.8,2.25,6.82976912633121,47.1315010914771,"Pasture","Sequanian"
0.8,2.3,6.82976034792405,47.1319496165985,"Pasture","Quaternary"
0.8,2.35,6.82975156936953,47.1323981416728,"Pasture","Quaternary"
0.8,2.4,6.82974279066766,47.1328466667001,"Pasture","Argovian"
0.8,2.45,6.82973401181842,47.1332951916803,"Pasture","Argovian"
0.8,2.5,6.82972523282182,47.1337437166134,"Pasture","Argovian"
0.8,2.55,6.82971645367784,47.1341922414994,"Pasture","Argovian"
0.8,2.6,6.82970767438649,47.1346407663382,"Pasture","Argovian"
0.8,2.65,6.82969889494776,47.1350892911298,"Pasture","Argovian"
0.8,2.7,6.82969011536165,47.1355378158742,"Pasture","Argovian"
0.8,2.75,6.82968133562815,47.1359863405713,"Pasture","Argovian"
0.8,2.8,6.82967255574727,47.1364348652212,"Pasture","Argovian"
0.85,1.5,6.83055601467777,47.1247781123108,"Meadow","Sequanian"
0.85,1.55,6.83054724397155,47.125226638184,"Meadow","Sequanian"
0.85,1.6,6.83053847311812,47.1256751640106,"Meadow","Sequanian"
0.85,1.65,6.83052970211749,47.1261236897905,"Meadow","Sequanian"
0.85,1.7,6.83052093096965,47.1265722155238,"Pasture","Sequanian"
0.85,1.75,6.8305121596746,47.1270207412103,"Meadow","Sequanian"
0.85,1.8,6.83050338823233,47.1274692668501,"Meadow","Sequanian"
0.85,1.85,6.83049461664284,47.1279177924432,"Meadow","Sequanian"
0.85,1.9,6.83048584490612,47.1283663179895,"Meadow","Sequanian"
0.85,1.95,6.83047707302217,47.128814843489,"Pasture","Kimmeridgian"
0.85,2,6.83046830099098,47.1292633689416,"Pasture","Kimmeridgian"
0.85,2.05,6.83045952881256,47.1297118943474,"Pasture","Kimmeridgian"
0.85,2.1,6.83045075648689,47.1301604197063,"Pasture","Kimmeridgian"
0.85,2.15,6.83044198401398,47.1306089450183,"Pasture","Sequanian"
0.85,2.2,6.83043321139382,47.1310574702833,"Pasture","Sequanian"
0.85,2.25,6.8304244386264,47.1315059955014,"Pasture","Sequanian"
0.85,2.3,6.83041566571173,47.1319545206724,"Pasture","Sequanian"
0.85,2.35,6.83040689264979,47.1324030457964,"Pasture","Sequanian"
0.85,2.4,6.83039811944059,47.1328515708734,"Pasture","Quaternary"
0.85,2.45,6.83038934608412,47.1333000959033,"Pasture","Argovian"
0.85,2.5,6.83038057258037,47.1337486208861,"Pasture","Argovian"
0.85,2.55,6.83037179892934,47.1341971458217,"Pasture","Argovian"
0.85,2.6,6.83036302513103,47.1346456707102,"Pasture","Argovian"
0.85,2.65,6.83035425118544,47.1350941955515,"Pasture","Argovian"
0.85,2.7,6.83034547709255,47.1355427203455,"Pasture","Argovian"
0.85,2.75,6.83033670285237,47.1359912450924,"Pasture","Argovian"
0.85,2.8,6.83032792846489,47.1364397697919,"Forest","Argovian"
0.85,2.85,6.83031915393011,47.1368882944441,"Forest","Argovian"
0.9,1.4,6.83122877470582,47.1238859598674,"Meadow","Sequanian"
0.9,1.45,6.83122000978491,47.1243344858834,"Meadow","Sequanian"
0.9,1.5,6.83121124471691,47.1247830118528,"Meadow","Sequanian"
0.9,1.55,6.8312024795018,47.1252315377756,"Meadow","Sequanian"
0.9,1.6,6.83119371413957,47.1256800636518,"Meadow","Sequanian"
0.9,1.65,6.83118494863024,47.1261285894813,"Meadow","Sequanian"
0.9,1.7,6.83117618297378,47.1265771152642,"Pasture","Sequanian"
0.9,1.75,6.83116741717021,47.1270256410004,"Meadow","Sequanian"
0.9,1.8,6.8311586512195,47.1274741666899,"Meadow","Sequanian"
0.9,1.85,6.83114988512167,47.1279226923326,"Meadow","Sequanian"
0.9,1.9,6.83114111887671,47.1283712179285,"Meadow","Sequanian"
0.9,1.95,6.8311323524846,47.1288197434776,"Pasture","Kimmeridgian"
0.9,2,6.83112358594536,47.1292682689798,"Pasture","Kimmeridgian"
0.9,2.05,6.83111481925896,47.1297167944353,"Pasture","Kimmeridgian"
0.9,2.1,6.83110605242542,47.1301653198438,"Pasture","Kimmeridgian"
0.9,2.15,6.83109728544472,47.1306138452054,"Pasture","Sequanian"
0.9,2.2,6.83108851831687,47.1310623705201,"Pasture","Sequanian"
0.9,2.25,6.83107975104185,47.1315108957878,"Pasture","Sequanian"
0.9,2.3,6.83107098361967,47.1319594210085,"Pasture","Sequanian"
0.9,2.35,6.83106221605032,47.1324079461821,"Pasture","Sequanian"
0.9,2.4,6.83105344833379,47.1328564713087,"Pasture","Quaternary"
0.9,2.45,6.83104468047008,47.1333049963883,"Pasture","Argovian"
0.9,2.5,6.8310359124592,47.1337535214207,"Pasture","Argovian"
0.9,2.55,6.83102714430112,47.134202046406,"Pasture","Argovian"
0.9,2.6,6.83101837599586,47.1346505713441,"Pasture","Argovian"
0.9,2.65,6.8310096075434,47.135099096235,"Pasture","Argovian"
0.9,2.7,6.83100083894374,47.1355476210787,"Pasture","Argovian"
0.9,2.75,6.83099207019688,47.1359961458752,"Pasture","Argovian"
0.9,2.8,6.83098330130281,47.1364446706244,"Forest","Argovian"
0.9,2.85,6.83097453226154,47.1368931953263,"Forest","Argovian"
0.9,2.9,6.83096576307304,47.1373417199808,"Forest","Argovian"
0.95,1.4,6.83188399388312,47.1238908555727,"Meadow","Argovian"
0.95,1.45,6.83187523445314,47.1243393816383,"Meadow","Sequanian"
0.95,1.5,6.83186647487616,47.1247879076573,"Meadow","Sequanian"
0.95,1.55,6.83185771515216,47.1252364336297,"Meadow","Sequanian"
0.95,1.6,6.83184895528114,47.1256849595555,"Meadow","Sequanian"
0.95,1.65,6.8318401952631,47.1261334854346,"Meadow","Sequanian"
0.95,1.7,6.83183143509804,47.1265820112671,"Pasture","Sequanian"
0.95,1.75,6.83182267478594,47.1270305370529,"Meadow","Sequanian"
0.95,1.8,6.83181391432681,47.127479062792,"Meadow","Sequanian"
0.95,1.85,6.83180515372065,47.1279275884843,"Pasture","Sequanian"
0.95,1.9,6.83179639296744,47.1283761141298,"Pasture","Sequanian"
0.95,1.95,6.83178763206718,47.1288246397285,"Pasture","Sequanian"
0.95,2,6.83177887101987,47.1292731652804,"Pasture","Sequanian"
0.95,2.05,6.83177010982552,47.1297216907855,"Pasture","Sequanian"
0.95,2.1,6.8317613484841,47.1301702162436,"Pasture","Kimmeridgian"
0.95,2.15,6.83175258699562,47.1306187416548,"Pasture","Sequanian"
0.95,2.2,6.83174382536008,47.1310672670191,"Pasture","Sequanian"
0.95,2.25,6.83173506357746,47.1315157923364,"Pasture","Sequanian"
0.95,2.3,6.83172630164777,47.1319643176067,"Pasture","Sequanian"
0.95,2.35,6.83171753957101,47.1324128428299,"Pasture","Sequanian"
0.95,2.4,6.83170877734716,47.1328613680061,"Pasture","Sequanian"
0.95,2.45,6.83170001497623,47.1333098931353,"Pasture","Sequanian"
0.95,2.5,6.8316912524582,47.1337584182173,"Pasture","Quaternary"
0.95,2.55,6.83168248979308,47.1342069432522,"Pasture","Argovian"
0.95,2.6,6.83167372698086,47.13465546824,"Pasture","Argovian"
0.95,2.65,6.83166496402154,47.1351039931805,"Pasture","Argovian"
0.95,2.7,6.83165620091512,47.1355525180738,"Pasture","Argovian"
0.95,2.75,6.83164743766158,47.1360010429199,"Pasture","Argovian"
0.95,2.8,6.83163867426093,47.1364495677187,"Forest","Argovian"
0.95,2.85,6.83162991071317,47.1368980924702,"Forest","Argovian"
0.95,2.9,6.83162114701828,47.1373466171744,"Pasture","Argovian"
0.95,2.95,6.83161238317626,47.1377951418312,"Meadow","Argovian"
1,1.3,6.83255672061778,47.1229986951709,"Meadow","Argovian"
1,1.35,6.83254796697256,47.1234472213791,"Meadow","Argovian"
1,1.4,6.83253921318043,47.1238957475408,"Meadow","Argovian"
1,1.45,6.83253045924138,47.1243442736559,"Meadow","Sequanian"
1,1.5,6.83252170515542,47.1247927997245,"Meadow","Sequanian"
1,1.55,6.83251295092254,47.1252413257464,"Meadow","Sequanian"
1,1.6,6.83250419654273,47.1256898517218,"Meadow","Sequanian"
1,1.65,6.83249544201599,47.1261383776505,"Meadow","Sequanian"
1,1.7,6.83248668734232,47.1265869035326,"Pasture","Sequanian"
1,1.75,6.83247793252171,47.1270354293679,"Pasture","Sequanian"
1,1.8,6.83246917755416,47.1274839551565,"Pasture","Sequanian"
1,1.85,6.83246042243966,47.1279324808984,"Pasture","Sequanian"
1,1.9,6.83245166717821,47.1283810065935,"Pasture","Sequanian"
1,1.95,6.83244291176981,47.1288295322418,"Pasture","Sequanian"
1,2,6.83243415621445,47.1292780578433,"Pasture","Sequanian"
1,2.05,6.83242540051213,47.1297265833979,"Pasture","Sequanian"
1,2.1,6.83241664466284,47.1301751089056,"Pasture","Kimmeridgian"
1,2.15,6.83240788866658,47.1306236343664,"Pasture","Kimmeridgian"
1,2.2,6.83239913252335,47.1310721597802,"Pasture","Kimmeridgian"
1,2.25,6.83239037623315,47.1315206851471,"Pasture","Kimmeridgian"
1,2.3,6.83238161979596,47.131969210467,"Meadow","Sequanian"
1,2.35,6.83237286321178,47.1324177357398,"Meadow","Sequanian"
1,2.4,6.83236410648061,47.1328662609656,"Pasture","Sequanian"
1,2.45,6.83235534960245,47.1333147861444,"Pasture","Sequanian"
1,2.5,6.8323465925773,47.133763311276,"Pasture","Quaternary"
1,2.55,6.83233783540513,47.1342118363604,"Pasture","Argovian"
1,2.6,6.83232907808597,47.1346603613978,"Pasture","Argovian"
1,2.65,6.83232032061979,47.1351088863879,"Pasture","Argovian"
1,2.7,6.8323115630066,47.1355574113308,"Pasture","Argovian"
1,2.75,6.8323028052464,47.1360059362265,"Pasture","Argovian"
1,2.8,6.83229404733917,47.1364544610748,"Pasture","Argovian"
1,2.85,6.83228528928491,47.1369029858759,"Pasture","Argovian"
1,2.9,6.83227653108362,47.1373515106297,"Pasture","Argovian"
1,2.95,6.83226777273531,47.1378000353361,"Meadow","Argovian"
1,3,6.83225901423995,47.1382485599951,"Meadow","Argovian"
1.05,1.3,6.83321192905342,47.1230035833026,"Meadow","Argovian"
1.05,1.35,6.83320318089895,47.1234521095603,"Meadow","Argovian"
1.05,1.4,6.83319443259766,47.1239006357715,"Meadow","Argovian"
1.05,1.45,6.83318568414955,47.1243491619361,"Meadow","Sequanian"
1.05,1.5,6.83317693555462,47.1247976880543,"Meadow","Sequanian"
1.05,1.55,6.83316818681286,47.1252462141258,"Meadow","Sequanian"
1.05,1.6,6.83315943792426,47.1256947401507,"Meadow","Sequanian"
1.05,1.65,6.83315068888882,47.126143266129,"Meadow","Sequanian"
1.05,1.7,6.83314193970654,47.1265917920605,"Pasture","Sequanian"
1.05,1.75,6.83313319037742,47.1270403179454,"Pasture","Sequanian"
1.05,1.8,6.83312444090145,47.1274888437836,"Pasture","Sequanian"
1.05,1.85,6.83311569127862,47.127937369575,"Pasture","Sequanian"
1.05,1.9,6.83310694150894,47.1283858953196,"Pasture","Sequanian"
1.05,1.95,6.8330981915924,47.1288344210175,"Pasture","Sequanian"
1.05,2,6.83308944152899,47.1292829466685,"Pasture","Sequanian"
1.05,2.05,6.83308069131871,47.1297314722726,"Pasture","Sequanian"
1.05,2.1,6.83307194096155,47.1301799978298,"Pasture","Kimmeridgian"
1.05,2.15,6.83306319045752,47.1306285233402,"Pasture","Kimmeridgian"
1.05,2.2,6.83305443980661,47.1310770488036,"Pasture","Kimmeridgian"
1.05,2.25,6.83304568900881,47.13152557422,"Pasture","Kimmeridgian"
1.05,2.3,6.83303693806412,47.1319740995895,"Meadow","Sequanian"
1.05,2.35,6.83302818697254,47.1324226249118,"Meadow","Sequanian"
1.05,2.4,6.83301943573406,47.1328711501872,"Pasture","Sequanian"
1.05,2.45,6.83301068434868,47.1333196754155,"Pasture","Sequanian"
1.05,2.5,6.83300193281639,47.1337682005966,"Pasture","Quaternary"
1.05,2.55,6.83299318113719,47.1342167257307,"Pasture","Argovian"
1.05,2.6,6.83298442931108,47.1346652508175,"Pasture","Argovian"
1.05,2.65,6.83297567733805,47.1351137758572,"Pasture","Argovian"
1.05,2.7,6.8329669252181,47.1355623008496,"Pasture","Argovian"
1.05,2.75,6.83295817295122,47.1360108257948,"Pasture","Argovian"
1.05,2.8,6.83294942053742,47.1364593506928,"Pasture","Argovian"
1.05,2.85,6.83294066797668,47.1369078755435,"Pasture","Argovian"
1.05,2.9,6.832931915269,47.1373564003467,"Pasture","Argovian"
1.05,2.95,6.83292316241438,47.1378049251027,"Meadow","Argovian"
1.05,3,6.83291440941282,47.1382534498113,"Meadow","Argovian"
1.05,3.05,6.8329056562643,47.1387019744725,"Meadow","Argovian"
1.1,0.7,6.83397203813034,47.1176261483933,"Meadow","Sequanian"
1.1,1.2,6.83388462249615,47.1221114149432,"Meadow","Argovian"
1.1,1.25,6.83387588012587,47.1225599413433,"Meadow","Argovian"
1.1,1.3,6.83386713760888,47.123008467697,"Meadow","Argovian"
1.1,1.35,6.83385839494516,47.1234569940042,"Meadow","Argovian"
1.1,1.4,6.83384965213472,47.1239055202649,"Meadow","Argovian"
1.1,1.45,6.83384090917755,47.124354046479,"Pasture","Sequanian"
1.1,1.5,6.83383216607365,47.1248025726467,"Pasture","Sequanian"
1.1,1.55,6.83382342282301,47.1252510987677,"Pasture","Sequanian"
1.1,1.6,6.83381467942562,47.1256996248421,"Pasture","Sequanian"
1.1,1.65,6.8338059358815,47.1261481508698,"Pasture","Sequanian"
1.1,1.7,6.83379719219062,47.126596676851,"Pasture","Sequanian"
1.1,1.75,6.83378844835299,47.1270452027853,"Pasture","Sequanian"
1.1,1.8,6.8337797043686,47.127493728673,"Pasture","Sequanian"
1.1,1.85,6.83377096023745,47.1279422545139,"Pasture","Sequanian"
1.1,1.9,6.83376221595953,47.1283907803081,"Pasture","Sequanian"
1.1,1.95,6.83375347153485,47.1288393060554,"Pasture","Sequanian"
1.1,2,6.83374472696339,47.129287831756,"Pasture","Sequanian"
1.1,2.05,6.83373598224516,47.1297363574096,"Meadow","Sequanian"
1.1,2.1,6.83372723738014,47.1301848830164,"Meadow","Sequanian"
1.1,2.15,6.83371849236834,47.1306334085762,"Pasture","Kimmeridgian"
1.1,2.2,6.83370974720974,47.1310819340891,"Pasture","Kimmeridgian"
1.1,2.25,6.83370100190436,47.1315304595551,"Meadow","Kimmeridgian"
1.1,2.3,6.83369225645218,47.131978984974,"Meadow","Kimmeridgian"
1.1,2.35,6.83368351085319,47.1324275103459,"Meadow","Kimmeridgian"
1.1,2.4,6.8336747651074,47.1328760356708,"Meadow","Kimmeridgian"
1.1,2.45,6.8336660192148,47.1333245609486,"Meadow","Kimmeridgian"
1.1,2.5,6.83365727317539,47.1337730861792,"Meadow","Sequanian"
1.1,2.55,6.83364852698915,47.1342216113628,"Meadow","Quaternary"
1.1,2.6,6.8336397806561,47.1346701364992,"Meadow","Quaternary"
1.1,2.65,6.83363103417622,47.1351186615884,"Meadow","Argovian"
1.1,2.7,6.83362228754952,47.1355671866304,"Meadow","Argovian"
1.1,2.75,6.83361354077598,47.1360157116251,"Meadow","Argovian"
1.1,2.8,6.8336047938556,47.1364642365726,"Pasture","Argovian"
1.1,2.85,6.83359604678838,47.1369127614727,"Pasture","Argovian"
1.1,2.9,6.83358729957431,47.1373612863256,"Pasture","Argovian"
1.1,2.95,6.8335785522134,47.1378098111311,"Pasture","Argovian"
1.1,3,6.83356980470563,47.1382583358892,"Meadow","Argovian"
1.1,3.05,6.833561057051,47.1387068605999,"Meadow","Argovian"
1.1,3.1,6.83355230924951,47.1391553852632,"Meadow","Argovian"
1.15,0.7,6.83462718092362,47.1176310284568,"Meadow","Sequanian"
1.15,0.75,6.83461844550995,47.1180795553694,"Meadow","Sequanian"
1.15,1.2,6.8345398201901,47.1221162955014,"Meadow","Argovian"
1.15,1.25,6.83453108331039,47.122564821951,"Meadow","Argovian"
1.15,1.3,6.83452234628407,47.1230133483541,"Meadow","Argovian"
1.15,1.35,6.83451360911111,47.1234618747108,"Meadow","Argovian"
1.15,1.4,6.83450487179152,47.123910401021,"Meadow","Argovian"
1.15,1.45,6.83449613432529,47.1243589272846,"Pasture","Sequanian"
1.15,1.5,6.83448739671242,47.1248074535017,"Pasture","Sequanian"
1.15,1.55,6.83447865895291,47.1252559796722,"Pasture","Sequanian"
1.15,1.6,6.83446992104674,47.1257045057961,"Pasture","Sequanian"
1.15,1.65,6.83446118299393,47.1261530318733,"Pasture","Sequanian"
1.15,1.7,6.83445244479445,47.1266015579039,"Pasture","Sequanian"
1.15,1.75,6.83444370644832,47.1270500838877,"Pasture","Sequanian"
1.15,1.8,6.83443496795552,47.1274986098249,"Pasture","Sequanian"
1.15,1.85,6.83442622931604,47.1279471357153,"Pasture","Sequanian"
1.15,1.9,6.8344174905299,47.128395661559,"Pasture","Sequanian"
1.15,1.95,6.83440875159708,47.1288441873558,"Pasture","Sequanian"
1.15,2,6.83440001251758,47.1292927131057,"Pasture","Sequanian"
1.15,2.05,6.83439127329139,47.1297412388089,"Meadow","Sequanian"
1.15,2.1,6.83438253391851,47.1301897644652,"Meadow","Sequanian"
1.15,2.15,6.83437379439894,47.1306382900744,"Pasture","Kimmeridgian"
1.15,2.2,6.83436505473267,47.1310868156369,"Pasture","Kimmeridgian"
1.15,2.25,6.8343563149197,47.1315353411523,"Meadow","Kimmeridgian"
1.15,2.3,6.83434757496003,47.1319838666207,"Meadow","Kimmeridgian"
1.15,2.35,6.83433883485365,47.1324323920421,"Meadow","Kimmeridgian"
1.15,2.4,6.83433009460055,47.1328809174165,"Meadow","Kimmeridgian"
1.15,2.45,6.83432135420074,47.1333294427437,"Meadow","Kimmeridgian"
1.15,2.5,6.8343126136542,47.1337779680239,"Meadow","Sequanian"
1.15,2.55,6.83430387296094,47.1342264932569,"Meadow","Quaternary"
1.15,2.6,6.83429513212095,47.1346750184429,"Meadow","Quaternary"
1.15,2.65,6.83428639113422,47.1351235435815,"Meadow","Argovian"
1.15,2.7,6.83427765000076,47.135572068673,"Meadow","Argovian"
1.15,2.75,6.83426890872056,47.1360205937172,"Meadow","Argovian"
1.15,2.8,6.83426016729361,47.1364691187142,"Pasture","Argovian"
1.15,2.85,6.83425142571992,47.1369176436638,"Pasture","Argovian"
1.15,2.9,6.83424268399946,47.1373661685661,"Pasture","Argovian"
1.15,2.95,6.83423394213226,47.1378146934211,"Pasture","Argovian"
1.15,3,6.83422520011829,47.1382632182288,"Meadow","Argovian"
1.15,3.05,6.83421645795755,47.138711742989,"Meadow","Argovian"
1.15,3.1,6.83420771565005,47.1391602677017,"Meadow","Argovian"
1.15,3.15,6.83419897319577,47.139608792367,"Meadow","Argovian"
1.2,0.6,6.83529978324505,47.1167388507211,"Tillage","Quaternary"
1.2,0.65,6.83529105361402,47.1171873777754,"Tillage","Quaternary"
1.2,0.7,6.83528232383649,47.1176359047835,"Tillage","Argovian"
1.2,0.75,6.83527359391248,47.1180844317455,"Tillage","Argovian"
1.2,0.8,6.83526486384197,47.1185329586614,"Meadow","Argovian"
1.2,0.85,6.83525613362496,47.118981485531,"Meadow","Argovian"
1.2,0.9,6.83524740326146,47.1194300123544,"Meadow","Argovian"
1.2,0.95,6.83523867275145,47.1198785391315,"Meadow","Argovian"
1.2,1,6.83522994209493,47.1203270658624,"Meadow","Argovian"
1.2,1.05,6.8352212112919,47.1207755925469,"Meadow","Argovian"
1.2,1.1,6.83521248034234,47.1212241191852,"Forest","Argovian"
1.2,1.15,6.83520374924627,47.121672645777,"Forest","Argovian"
1.2,1.2,6.83519501800368,47.1221211723224,"Forest","Argovian"
1.2,1.25,6.83518628661455,47.1225696988215,"Forest","Argovian"
1.2,1.3,6.8351775550789,47.123018225274,"Forest","Quaternary"
1.2,1.35,6.8351688233967,47.1234667516802,"Pasture","Argovian"
1.2,1.4,6.83516009156796,47.1239152780398,"Pasture","Argovian"
1.2,1.45,6.83515135959268,47.1243638043528,"Pasture","Sequanian"
1.2,1.5,6.83514262747085,47.1248123306194,"Pasture","Sequanian"
1.2,1.55,6.83513389520246,47.1252608568393,"Pasture","Sequanian"
1.2,1.6,6.83512516278752,47.1257093830126,"Pasture","Sequanian"
1.2,1.65,6.83511643022602,47.1261579091393,"Pasture","Sequanian"
1.2,1.7,6.83510769751795,47.1266064352193,"Pasture","Sequanian"
1.2,1.75,6.83509896466331,47.1270549612526,"Pasture","Sequanian"
1.2,1.8,6.8350902316621,47.1275034872392,"Pasture","Sequanian"
1.2,1.85,6.83508149851431,47.1279520131791,"Meadow","Sequanian"
1.2,1.9,6.83507276521995,47.1284005390722,"Meadow","Sequanian"
1.2,1.95,6.83506403177899,47.1288490649184,"Pasture","Sequanian"
1.2,2,6.83505529819145,47.1292975907179,"Pasture","Sequanian"
1.2,2.05,6.83504656445731,47.1297461164705,"Meadow","Sequanian"
1.2,2.1,6.83503783057658,47.1301946421761,"Meadow","Sequanian"
1.2,2.15,6.83502909654925,47.1306431678349,"Meadow","Quaternary"
1.2,2.2,6.83502036237531,47.1310916934468,"Meadow","Quaternary"
1.2,2.25,6.83501162805476,47.1315402190117,"Meadow","Kimmeridgian"
1.2,2.3,6.8350028935876,47.1319887445295,"Meadow","Kimmeridgian"
1.2,2.35,6.83499415897382,47.1324372700004,"Meadow","Kimmeridgian"
1.2,2.4,6.83498542421342,47.1328857954242,"Meadow","Kimmeridgian"
1.2,2.45,6.83497668930639,47.133334320801,"Meadow","Kimmeridgian"
1.2,2.5,6.83496795425273,47.1337828461306,"Meadow","Kimmeridgian"
1.2,2.55,6.83495921905245,47.134231371413,"Meadow","Sequanian"
1.2,2.6,6.83495048370552,47.1346798966484,"Meadow","Sequanian"
1.2,2.65,6.83494174821196,47.1351284218365,"Meadow","Sequanian"
1.2,2.7,6.83493301257175,47.1355769469774,"Meadow","Sequanian"
1.2,2.75,6.83492427678489,47.1360254720711,"Meadow","Sequanian"
1.2,2.8,6.83491554085137,47.1364739971176,"Meadow","Argovian"
1.2,2.85,6.8349068047712,47.1369225221167,"Meadow","Argovian"
1.2,2.9,6.83489806854437,47.1373710470685,"Meadow","Argovian"
1.2,2.95,6.83488933217087,47.137819571973,"Meadow","Argovian"
1.2,3,6.8348805956507,47.13826809683,"Meadow","Argovian"
1.2,3.05,6.83487185898387,47.1387166216397,"Meadow","Argovian"
1.2,3.1,6.83486312217035,47.1391651464019,"Meadow","Argovian"
1.2,3.15,6.83485438521015,47.1396136711167,"Meadow","Argovian"
1.2,3.2,6.83484564810327,47.140062195784,"Meadow","Argovian"
1.25,0.6,6.83595491529839,47.1167437232121,"Tillage","Quaternary"
1.25,0.65,6.83594619115682,47.1171922503158,"Tillage","Quaternary"
1.25,0.7,6.83593746686887,47.1176407773733,"Tillage","Argovian"
1.25,0.75,6.83592874243451,47.1180893043847,"Tillage","Argovian"
1.25,0.8,6.83592001785376,47.11853783135,"Tillage","Argovian"
1.25,0.85,6.8359112931266,47.118986358269,"Tillage","Argovian"
1.25,0.9,6.83590256825303,47.1194348851418,"Tillage","Argovian"
1.25,0.95,6.83589384323304,47.1198834119683,"Tillage","Argovian"
1.25,1,6.83588511806664,47.1203319387486,"Meadow","Argovian"
1.25,1.05,6.83587639275383,47.1207804654826,"Meadow","Argovian"
1.25,1.1,6.83586766729458,47.1212289921702,"Meadow","Argovian"
1.25,1.15,6.8358589416889,47.1216775188114,"Meadow","Argovian"
1.25,1.2,6.8358502159368,47.1221260454063,"Forest","Quaternary"
1.25,1.25,6.83584149003825,47.1225745719547,"Forest","Argovian"
1.25,1.3,6.83583276399327,47.1230230984567,"Forest","Argovian"
1.25,1.35,6.83582403780184,47.1234716249122,"Meadow","Quaternary"
1.25,1.4,6.83581531146395,47.1239201513212,"Meadow","Quaternary"
1.25,1.45,6.83580658497962,47.1243686776837,"Meadow","Quaternary"
1.25,1.5,6.83579785834883,47.1248172039996,"Meadow","Quaternary"
1.25,1.55,6.83578913157158,47.125265730269,"Meadow","Quaternary"
1.25,1.6,6.83578040464787,47.1257142564917,"Meadow","Sequanian"
1.25,1.65,6.83577167757768,47.1261627826678,"Meadow","Sequanian"
1.25,1.7,6.83576295036102,47.1266113087972,"Pasture","Sequanian"
1.25,1.75,6.83575422299789,47.12705983488,"Pasture","Sequanian"
1.25,1.8,6.83574549548827,47.127508360916,"Meadow","Sequanian"
1.25,1.85,6.83573676783217,47.1279568869053,"Meadow","Sequanian"
1.25,1.9,6.83572804002958,47.1284054128477,"Meadow","Sequanian"
1.25,1.95,6.8357193120805,47.1288539387434,"Pasture","Sequanian"
1.25,2,6.83571058398492,47.1293024645923,"Pasture","Sequanian"
1.25,2.05,6.83570185574284,47.1297509903943,"Pasture","Sequanian"
1.25,2.1,6.83569312735425,47.1301995161494,"Meadow","Sequanian"
1.25,2.15,6.83568439881915,47.1306480418576,"Pasture","Sequanian"
1.25,2.2,6.83567567013755,47.1310965675189,"Pasture","Sequanian"
1.25,2.25,6.83566694130942,47.1315450931332,"Meadow","Kimmeridgian"
1.25,2.3,6.83565821233478,47.1319936187005,"Meadow","Kimmeridgian"
1.25,2.35,6.8356494832136,47.1324421442208,"Meadow","Kimmeridgian"
1.25,2.4,6.8356407539459,47.132890669694,"Meadow","Kimmeridgian"
1.25,2.45,6.83563202453167,47.1333391951202,"Meadow","Kimmeridgian"
1.25,2.5,6.8356232949709,47.1337877204992,"Meadow","Kimmeridgian"
1.25,2.55,6.83561456526359,47.1342362458311,"Meadow","Sequanian"
1.25,2.6,6.83560583540974,47.1346847711159,"Meadow","Sequanian"
1.25,2.65,6.83559710540933,47.1351332963535,"Meadow","Sequanian"
1.25,2.7,6.83558837526237,47.1355818215438,"Meadow","Sequanian"
1.25,2.75,6.83557964496886,47.136030346687,"Meadow","Sequanian"
1.25,2.8,6.83557091452878,47.1364788717828,"Meadow","Sequanian"
1.25,2.85,6.83556218394214,47.1369273968314,"Meadow","Sequanian"
1.25,2.9,6.83555345320893,47.1373759218326,"Meadow","Argovian"
1.25,2.95,6.83554472232915,47.1378244467865,"Meadow","Argovian"
1.25,3,6.83553599130279,47.138272971693,"Meadow","Argovian"
1.25,3.05,6.83552726012985,47.138721496552,"Meadow","Argovian"
1.25,3.1,6.83551852881032,47.1391700213637,"Pasture","Argovian"
1.25,3.15,6.83550979734421,47.1396185461279,"Meadow","Argovian"
1.25,3.2,6.8355010657315,47.1400670708446,"Meadow","Argovian"
1.3,0.6,6.83661004747113,47.1167485919663,"Tillage","Quaternary"
1.3,0.65,6.83660132881904,47.1171971191193,"Tillage","Quaternary"
1.3,0.7,6.83659261002065,47.1176456462262,"Tillage","Argovian"
1.3,0.75,6.83658389107596,47.118094173287,"Tillage","Argovian"
1.3,0.8,6.83657517198496,47.1185427003016,"Tillage","Argovian"
1.3,0.85,6.83656645274765,47.11899122727,"Tillage","Argovian"
1.3,0.9,6.83655773336402,47.1194397541922,"Tillage","Argovian"
1.3,0.95,6.83654901383407,47.1198882810681,"Tillage","Argovian"
1.3,1,6.83654029415779,47.1203368078977,"Meadow","Argovian"
1.3,1.05,6.83653157433519,47.120785334681,"Meadow","Argovian"
1.3,1.1,6.83652285436625,47.121233861418,"Meadow","Argovian"
1.3,1.15,6.83651413425098,47.1216823881086,"Meadow","Argovian"
1.3,1.2,6.83650541398936,47.1221309147529,"Forest","Quaternary"
1.3,1.25,6.8364966935814,47.1225794413507,"Forest","Argovian"
1.3,1.3,6.83648797302709,47.1230279679021,"Forest","Argovian"
1.3,1.35,6.83647925232643,47.123476494407,"Meadow","Quaternary"
1.3,1.4,6.83647053147941,47.1239250208654,"Meadow","Quaternary"
1.3,1.45,6.83646181048603,47.1243735472772,"Meadow","Quaternary"
1.3,1.5,6.83645308934629,47.1248220736425,"Meadow","Quaternary"
1.3,1.55,6.83644436806017,47.1252705999613,"Meadow","Quaternary"
1.3,1.6,6.83643564662769,47.1257191262334,"Meadow","Sequanian"
1.3,1.65,6.83642692504882,47.1261676524589,"Meadow","Sequanian"
1.3,1.7,6.83641820332358,47.1266161786377,"Meadow","Sequanian"
1.3,1.75,6.83640948145195,47.1270647047698,"Meadow","Sequanian"
1.3,1.8,6.83640075943393,47.1275132308552,"Meadow","Sequanian"
1.3,1.85,6.83639203726952,47.1279617568938,"Meadow","Sequanian"
1.3,1.9,6.83638331495871,47.1284102828857,"Meadow","Sequanian"
1.3,1.95,6.8363745925015,47.1288588088308,"Pasture","Sequanian"
1.3,2,6.83636586989789,47.129307334729,"Pasture","Sequanian"
1.3,2.05,6.83635714714787,47.1297558605804,"Pasture","Sequanian"
1.3,2.1,6.83634842425143,47.130204386385,"Pasture","Sequanian"
1.3,2.15,6.83633970120858,47.1306529121425,"Pasture","Sequanian"
1.3,2.2,6.83633097801931,47.1311014378532,"Pasture","Sequanian"
1.3,2.25,6.83632225468361,47.1315499635169,"Meadow","Kimmeridgian"
1.3,2.3,6.83631353120148,47.1319984891336,"Meadow","Kimmeridgian"
1.3,2.35,6.83630480757292,47.1324470147032,"Meadow","Kimmeridgian"
1.3,2.4,6.83629608379793,47.1328955402259,"Meadow","Kimmeridgian"
1.3,2.45,6.83628735987649,47.1333440657014,"Meadow","Kimmeridgian"
1.3,2.5,6.83627863580861,47.1337925911299,"Meadow","Kimmeridgian"
1.3,2.55,6.83626991159428,47.1342411165111,"Meadow","Sequanian"
1.3,2.6,6.8362611872335,47.1346896418453,"Meadow","Sequanian"
1.3,2.65,6.83625246272625,47.1351381671323,"Meadow","Sequanian"
1.3,2.7,6.83624373807255,47.1355866923721,"Meadow","Sequanian"
1.3,2.75,6.83623501327239,47.1360352175646,"Meadow","Sequanian"
1.3,2.8,6.83622628832575,47.1364837427098,"Meadow","Sequanian"
1.3,2.85,6.83621756323265,47.1369322678078,"Meadow","Sequanian"
1.3,2.9,6.83620883799306,47.1373807928584,"Meadow","Argovian"
1.3,2.95,6.836200112607,47.1378293178617,"Meadow","Argovian"
1.3,3,6.83619138707445,47.1382778428176,"Pasture","Argovian"
1.3,3.05,6.83618266139541,47.1387263677261,"Pasture","Argovian"
1.3,3.1,6.83617393556988,47.1391748925871,"Pasture","Argovian"
1.3,3.15,6.83616520959785,47.1396234174008,"Meadow","Argovian"
1.3,3.2,6.83615648347932,47.1400719421669,"Meadow","Argovian"
1.35,0.6,6.83726517976318,47.1167534569836,"Pasture","Quaternary"
1.35,0.65,6.83725646660058,47.117201984186,"Pasture","Quaternary"
1.35,0.7,6.83724775329176,47.1176505113422,"Tillage","Argovian"
1.35,0.75,6.83723903983674,47.1180990384524,"Tillage","Argovian"
1.35,0.8,6.8372303262355,47.1185475655163,"Pasture","Argovian"
1.35,0.85,6.83722161248803,47.118996092534,"Meadow","Argovian"
1.35,0.9,6.83721289859435,47.1194446195055,"Meadow","Argovian"
1.35,0.95,6.83720418455443,47.1198931464308,"Meadow","Argovian"
1.35,1,6.83719547036829,47.1203416733098,"Meadow","Argovian"
1.35,1.05,6.8371867560359,47.1207902001425,"Meadow","Argovian"
1.35,1.1,6.83717804155727,47.1212387269288,"Tillage","Argovian"
1.35,1.15,6.8371693269324,47.1216872536687,"Tillage","Argovian"
1.35,1.2,6.83716061216128,47.1221357803623,"Forest","Quaternary"
1.35,1.25,6.83715189724391,47.1225843070095,"Meadow","Argovian"
1.35,1.3,6.83714318218028,47.1230328336102,"Meadow","Argovian"
1.35,1.35,6.83713446697039,47.1234813601644,"Meadow","Quaternary"
1.35,1.4,6.83712575161424,47.1239298866722,"Meadow","Quaternary"
1.35,1.45,6.83711703611181,47.1243784131334,"Meadow","Quaternary"
1.35,1.5,6.83710832046312,47.124826939548,"Meadow","Quaternary"
1.35,1.55,6.83709960466815,47.1252754659161,"Meadow","Quaternary"
1.35,1.6,6.83709088872689,47.1257239922376,"Meadow","Sequanian"
1.35,1.65,6.83708217263935,47.1261725185124,"Meadow","Sequanian"
1.35,1.7,6.83707345640553,47.1266210447406,"Meadow","Sequanian"
1.35,1.75,6.8370647400254,47.1270695709221,"Meadow","Sequanian"
1.35,1.8,6.83705602349899,47.1275180970568,"Meadow","Sequanian"
1.35,1.85,6.83704730682627,47.1279666231448,"Meadow","Sequanian"
1.35,1.9,6.83703859000725,47.128415149186,"Meadow","Sequanian"
1.35,1.95,6.83702987304192,47.1288636751805,"Pasture","Sequanian"
1.35,2,6.83702115593027,47.1293122011281,"Pasture","Sequanian"
1.35,2.05,6.83701243867231,47.1297607270288,"Pasture","Sequanian"
1.35,2.1,6.83700372126803,47.1302092528827,"Pasture","Sequanian"
1.35,2.15,6.83699500371743,47.1306577786896,"Pasture","Sequanian"
1.35,2.2,6.8369862860205,47.1311063044497,"Pasture","Sequanian"
1.35,2.25,6.83697756817723,47.1315548301627,"Pasture","Sequanian"
1.35,2.3,6.83696885018762,47.1320033558288,"Pasture","Quaternary"
1.35,2.35,6.83696013205168,47.1324518814478,"Pasture","Quaternary"
1.35,2.4,6.83695141376939,47.1329004070198,"Meadow","Kimmeridgian"
1.35,2.45,6.83694269534075,47.1333489325447,"Meadow","Kimmeridgian"
1.35,2.5,6.83693397676576,47.1337974580225,"Meadow","Kimmeridgian"
1.35,2.55,6.83692525804442,47.1342459834532,"Meadow","Kimmeridgian"
1.35,2.6,6.83691653917671,47.1346945088367,"Meadow","Sequanian"
1.35,2.65,6.83690782016264,47.135143034173,"Meadow","Sequanian"
1.35,2.7,6.8368991010022,47.1355915594622,"Meadow","Sequanian"
1.35,2.75,6.83689038169538,47.136040084704,"Meadow","Sequanian"
1.35,2.8,6.8368816622422,47.1364886098987,"Meadow","Sequanian"
1.35,2.85,6.83687294264262,47.136937135046,"Meadow","Sequanian"
1.35,2.9,6.83686422289667,47.137385660146,"Meadow","Argovian"
1.35,2.95,6.83685550300433,47.1378341851987,"Meadow","Argovian"
1.35,3,6.83684678296559,47.1382827102039,"Meadow","Argovian"
1.35,3.05,6.83683806278046,47.1387312351618,"Meadow","Argovian"
1.35,3.1,6.83682934244892,47.1391797600722,"Meadow","Argovian"
1.35,3.15,6.83682062197099,47.1396282849352,"Meadow","Argovian"
1.35,3.2,6.83681190134664,47.1400768097507,"Meadow","Argovian"
1.35,3.25,6.83680318057589,47.1405253345187,"Meadow","Argovian"
1.4,0.6,6.83792031217445,47.1167583182642,"Pasture","Quaternary"
1.4,0.65,6.83791160450133,47.1172068455158,"Pasture","Quaternary"
1.4,0.7,6.8379028966821,47.1176553727214,"Tillage","Argovian"
1.4,0.75,6.83789418871675,47.1181038998808,"Tillage","Argovian"
1.4,0.8,6.83788548060527,47.118552426994,"Pasture","Argovian"
1.4,0.85,6.83787677234766,47.1190009540611,"Meadow","Argovian"
1.4,0.9,6.83786806394392,47.1194494810819,"Meadow","Argovian"
1.4,0.95,6.83785935539405,47.1198980080564,"Meadow","Argovian"
1.4,1,6.83785064669803,47.1203465349848,"Meadow","Argovian"
1.4,1.05,6.83784193785587,47.1207950618667,"Meadow","Argovian"
1.4,1.1,6.83783322886755,47.1212435887024,"Tillage","Argovian"
1.4,1.15,6.83782451973309,47.1216921154917,"Tillage","Argovian"
1.4,1.2,6.83781581045247,47.1221406422346,"Forest","Quaternary"
1.4,1.25,6.83780710102569,47.122589168931,"Meadow","Argovian"
1.4,1.3,6.83779839145274,47.1230376955811,"Meadow","Argovian"
1.4,1.35,6.83778968173363,47.1234862221846,"Meadow","Quaternary"
1.4,1.4,6.83778097186834,47.1239347487417,"Meadow","Quaternary"
1.4,1.45,6.83777226185688,47.1243832752522,"Meadow","Quaternary"
1.4,1.5,6.83776355169923,47.1248318017162,"Meadow","Quaternary"
1.4,1.55,6.8377548413954,47.1252803281336,"Meadow","Quaternary"
1.4,1.6,6.83774613094539,47.1257288545044,"Meadow","Sequanian"
1.4,1.65,6.83773742034918,47.1261773808285,"Meadow","Sequanian"
1.4,1.7,6.83772870960677,47.126625907106,"Meadow","Sequanian"
1.4,1.75,6.83771999871816,47.1270744333368,"Meadow","Sequanian"
1.4,1.8,6.83771128768335,47.1275229595209,"Meadow","Sequanian"
1.4,1.85,6.83770257650233,47.1279714856582,"Meadow","Sequanian"
1.4,1.9,6.8376938651751,47.1284200117487,"Meadow","Sequanian"
1.4,1.95,6.83768515370165,47.1288685377925,"Pasture","Sequanian"
1.4,2,6.83767644208198,47.1293170637894,"Pasture","Sequanian"
1.4,2.05,6.83766773031608,47.1297655897395,"Pasture","Sequanian"
1.4,2.1,6.83765901840396,47.1302141156427,"Pasture","Sequanian"
1.4,2.15,6.83765030634561,47.130662641499,"Pasture","Sequanian"
1.4,2.2,6.83764159414101,47.1311111673083,"Pasture","Sequanian"
1.4,2.25,6.83763288179018,47.1315596930707,"Pasture","Sequanian"
1.4,2.3,6.83762416929311,47.1320082187861,"Pasture","Quaternary"
1.4,2.35,6.83761545664978,47.1324567444544,"Pasture","Quaternary"
1.4,2.4,6.8376067438602,47.1329052700758,"Meadow","Kimmeridgian"
1.4,2.45,6.83759803092437,47.13335379565,"Meadow","Kimmeridgian"
1.4,2.5,6.83758931784227,47.1338023211771,"Meadow","Kimmeridgian"
1.4,2.55,6.83758060461391,47.1342508466571,"Meadow","Kimmeridgian"
1.4,2.6,6.83757189123929,47.13469937209,"Meadow","Sequanian"
1.4,2.65,6.83756317771839,47.1351478974757,"Meadow","Sequanian"
1.4,2.7,6.83755446405121,47.1355964228141,"Meadow","Sequanian"
1.4,2.75,6.83754575023775,47.1360449481054,"Meadow","Sequanian"
1.4,2.8,6.83753703627801,47.1364934733493,"Meadow","Sequanian"
1.4,2.85,6.83752832217198,47.136941998546,"Meadow","Sequanian"
1.4,2.9,6.83751960791966,47.1373905236953,"Meadow","Argovian"
1.4,2.95,6.83751089352104,47.1378390487973,"Meadow","Argovian"
1.4,3,6.83750217897613,47.1382875738519,"Meadow","Argovian"
1.4,3.05,6.8374934642849,47.1387360988591,"Meadow","Argovian"
1.4,3.1,6.83748474944737,47.1391846238189,"Meadow","Argovian"
1.4,3.15,6.83747603446353,47.1396331487312,"Meadow","Argovian"
1.4,3.2,6.83746731933337,47.1400816735961,"Meadow","Argovian"
1.4,3.25,6.83745860405689,47.1405301984134,"Meadow","Argovian"
1.4,3.3,6.83744988863408,47.1409787231832,"Meadow","Argovian"
1.45,0.6,6.83857544470485,47.1167631758078,"Pasture","Argovian"
1.45,0.65,6.83856674252123,47.1172117031088,"Pasture","Argovian"
1.45,0.7,6.83855804019158,47.1176602303636,"Pasture","Argovian"
1.45,0.75,6.8385493377159,47.1181087575724,"Pasture","Argovian"
1.45,0.8,6.83854063509418,47.1185572847349,"Pasture","Argovian"
1.45,0.85,6.83853193232643,47.1190058118512,"Meadow","Argovian"
1.45,0.9,6.83852322941264,47.1194543389213,"Meadow","Argovian"
1.45,0.95,6.83851452635281,47.1199028659451,"Meadow","Argovian"
1.45,1,6.83850582314693,47.1203513929227,"Meadow","Argovian"
1.45,1.05,6.83849711979499,47.120799919854,"Meadow","Argovian"
1.45,1.1,6.838488416297,47.1212484467389,"Tillage","Argovian"
1.45,1.15,6.83847971265295,47.1216969735774,"Tillage","Argovian"
1.45,1.2,6.83847100886283,47.1221455003696,"Forest","Quaternary"
1.45,1.25,6.83846230492664,47.1225940271153,"Meadow","Argovian"
1.45,1.3,6.83845360084438,47.1230425538147,"Meadow","Argovian"
1.45,1.35,6.83844489661605,47.1234910804675,"Meadow","Quaternary"
1.45,1.4,6.83843619224163,47.1239396070738,"Meadow","Quaternary"
1.45,1.45,6.83842748772113,47.1243881336337,"Meadow","Quaternary"
1.45,1.5,6.83841878305454,47.1248366601469,"Meadow","Quaternary"
1.45,1.55,6.83841007824186,47.1252851866136,"Meadow","Quaternary"
1.45,1.6,6.83840137328309,47.1257337130337,"Meadow","Sequanian"
1.45,1.65,6.83839266817821,47.1261822394071,"Meadow","Sequanian"
1.45,1.7,6.83838396292723,47.1266307657339,"Meadow","Sequanian"
1.45,1.75,6.83837525753013,47.127079292014,"Pasture","Sequanian"
1.45,1.8,6.83836655198693,47.1275278182474,"Pasture","Sequanian"
1.45,1.85,6.83835784629761,47.127976344434,"Pasture","Sequanian"
1.45,1.9,6.83834914046217,47.1284248705738,"Pasture","Sequanian"
1.45,1.95,6.83834043448061,47.1288733966669,"Pasture","Sequanian"
1.45,2,6.83833172835291,47.1293219227131,"Pasture","Sequanian"
1.45,2.05,6.83832302207909,47.1297704487125,"Pasture","Sequanian"
1.45,2.1,6.83831431565913,47.1302189746649,"Pasture","Sequanian"
1.45,2.15,6.83830560909302,47.1306675005705,"Pasture","Sequanian"
1.45,2.2,6.83829690238078,47.1311160264291,"Pasture","Sequanian"
1.45,2.25,6.83828819552239,47.1315645522408,"Pasture","Sequanian"
1.45,2.3,6.83827948851784,47.1320130780055,"Pasture","Sequanian"
1.45,2.35,6.83827078136714,47.1324616037232,"Pasture","Sequanian"
1.45,2.4,6.83826207407027,47.1329101293938,"Meadow","Quaternary"
1.45,2.45,6.83825336662724,47.1333586550173,"Meadow","Quaternary"
1.45,2.5,6.83824465903805,47.1338071805938,"Meadow","Kimmeridgian"
1.45,2.55,6.83823595130268,47.1342557061231,"Meadow","Kimmeridgian"
1.45,2.6,6.83822724342114,47.1347042316052,"Meadow","Kimmeridgian"
1.45,2.65,6.83821853539341,47.1351527570402,"Meadow","Sequanian"
1.45,2.7,6.8382098272195,47.135601282428,"Meadow","Sequanian"
1.45,2.75,6.83820111889941,47.1360498077685,"Meadow","Sequanian"
1.45,2.8,6.83819241043312,47.1364983330618,"Meadow","Sequanian"
1.45,2.85,6.83818370182063,47.1369468583077,"Meadow","Sequanian"
1.45,2.9,6.83817499306195,47.1373953835064,"Meadow","Sequanian"
1.45,2.95,6.83816628415706,47.1378439086577,"Meadow","Sequanian"
1.45,3,6.83815757510596,47.1382924337616,"Meadow","Argovian"
1.45,3.05,6.83814886590865,47.1387409588181,"Meadow","Argovian"
1.45,3.1,6.83814015656512,47.1391894838272,"Meadow","Argovian"
1.45,3.15,6.83813144707538,47.1396380087889,"Meadow","Argovian"
1.45,3.2,6.83812273743941,47.140086533703,"Meadow","Argovian"
1.45,3.25,6.83811402765721,47.1405350585697,"Meadow","Argovian"
1.45,3.3,6.83810531772878,47.1409835833888,"Meadow","Argovian"
1.5,0.4,6.83926536267158,47.1149739197534,"Pasture","Kimmeridgian"
1.5,0.6,6.8392305773543,47.1167680296147,"Pasture","Argovian"
1.5,0.65,6.83922188066016,47.1172165569649,"Pasture","Argovian"
1.5,0.7,6.8392131838201,47.117665084269,"Pasture","Argovian"
1.5,0.75,6.8392044868341,47.1181136115269,"Pasture","Argovian"
1.5,0.8,6.83919578970215,47.1185621387387,"Pasture","Argovian"
1.5,0.85,6.83918709242426,47.1190106659043,"Meadow","Argovian"
1.5,0.9,6.83917839500043,47.1194591930236,"Meadow","Argovian"
1.5,0.95,6.83916969743064,47.1199077200967,"Meadow","Argovian"
1.5,1,6.83916099971489,47.1203562471235,"Meadow","Argovian"
1.5,1.05,6.83915230185319,47.120804774104,"Meadow","Argovian"
1.5,1.1,6.83914360384552,47.1212533010382,"Tillage","Argovian"
1.5,1.15,6.83913490569188,47.121701827926,"Tillage","Argovian"
1.5,1.2,6.83912620739227,47.1221503547674,"Forest","Quaternary"
1.5,1.25,6.83911750894668,47.1225988815624,"Meadow","Argovian"
1.5,1.3,6.83910881035511,47.123047408311,"Meadow","Argovian"
1.5,1.35,6.83910011161756,47.1234959350131,"Meadow","Quaternary"
1.5,1.4,6.83909141273402,47.1239444616687,"Meadow","Quaternary"
1.5,1.45,6.83908271370449,47.1243929882778,"Meadow","Quaternary"
1.5,1.5,6.83907401452896,47.1248415148403,"Meadow","Quaternary"
1.5,1.55,6.83906531520743,47.1252900413563,"Meadow","Quaternary"
1.5,1.6,6.83905661573989,47.1257385678255,"Meadow","Sequanian"
1.5,1.65,6.83904791612635,47.1261870942482,"Meadow","Sequanian"
1.5,1.7,6.8390392163668,47.1266356206243,"Meadow","Sequanian"
1.5,1.75,6.83903051646123,47.1270841469536,"Pasture","Sequanian"
1.5,1.8,6.83902181640963,47.1275326732362,"Pasture","Sequanian"
1.5,1.85,6.83901311621202,47.1279811994722,"Pasture","Sequanian"
1.5,1.9,6.83900441586837,47.1284297256612,"Pasture","Sequanian"
1.5,1.95,6.8389957153787,47.1288782518035,"Pasture","Sequanian"
1.5,2,6.83898701474298,47.129326777899,"Pasture","Sequanian"
1.5,2.05,6.83897831396123,47.1297753039477,"Pasture","Sequanian"
1.5,2.1,6.83896961303344,47.1302238299494,"Pasture","Sequanian"
1.5,2.15,6.83896091195959,47.1306723559043,"Pasture","Sequanian"
1.5,2.2,6.8389522107397,47.1311208818122,"Pasture","Sequanian"
1.5,2.25,6.83894350937374,47.1315694076731,"Pasture","Sequanian"
1.5,2.3,6.83893480786173,47.132017933487,"Pasture","Sequanian"
1.5,2.35,6.83892610620365,47.132466459254,"Pasture","Sequanian"
1.5,2.4,6.83891740439951,47.1329149849739,"Meadow","Quaternary"
1.5,2.45,6.83890870244929,47.1333635106467,"Meadow","Quaternary"
1.5,2.5,6.838900000353,47.1338120362724,"Meadow","Kimmeridgian"
1.5,2.55,6.83889129811062,47.134260561851,"Meadow","Kimmeridgian"
1.5,2.6,6.83888259572216,47.1347090873824,"Meadow","Kimmeridgian"
1.5,2.65,6.83887389318762,47.1351576128667,"Meadow","Sequanian"
1.5,2.7,6.83886519050698,47.1356061383037,"Meadow","Sequanian"
1.5,2.75,6.83885648768025,47.1360546636935,"Meadow","Sequanian"
1.5,2.8,6.83884778470741,47.136503189036,"Meadow","Sequanian"
1.5,2.85,6.83883908158848,47.1369517143313,"Meadow","Sequanian"
1.5,2.9,6.83883037832343,47.1374002395792,"Meadow","Sequanian"
1.5,2.95,6.83882167491227,47.1378487647798,"Meadow","Sequanian"
1.5,3,6.838812971355,47.138297289933,"Meadow","Argovian"
1.5,3.05,6.83880426765161,47.1387458150388,"Meadow","Argovian"
1.5,3.1,6.83879556380209,47.1391943400972,"Meadow","Argovian"
1.5,3.15,6.83878685980644,47.1396428651081,"Meadow","Argovian"
1.5,3.2,6.83877815566467,47.1400913900715,"Meadow","Argovian"
1.5,3.25,6.83876945137675,47.1405399149874,"Meadow","Argovian"
1.5,3.3,6.8387607469427,47.1409884398558,"Meadow","Argovian"
1.55,0.4,6.8399204734829,47.1149787696265,"Pasture","Kimmeridgian"
1.55,0.45,6.83991178286159,47.1154272972102,"Pasture","Kimmeridgian"
1.55,0.6,6.83988571012268,47.1167728796848,"Pasture","Argovian"
1.55,0.65,6.83987701891805,47.1172214070842,"Pasture","Argovian"
1.55,0.7,6.83986832756757,47.1176699344375,"Pasture","Argovian"
1.55,0.75,6.83985963607125,47.1181184617446,"Pasture","Argovian"
1.55,0.8,6.83985094442908,47.1185669890056,"Pasture","Argovian"
1.55,0.85,6.83984225264106,47.1190155162203,"Meadow","Argovian"
1.55,0.9,6.83983356070718,47.1194640433889,"Meadow","Argovian"
1.55,0.95,6.83982486862744,47.1199125705112,"Meadow","Argovian"
1.55,1,6.83981617640184,47.1203610975873,"Meadow","Argovian"
1.55,1.05,6.83980748403036,47.120809624617,"Meadow","Argovian"
1.55,1.1,6.83979879151302,47.1212581516004,"Tillage","Argovian"
1.55,1.15,6.8397900988498,47.1217066785374,"Tillage","Argovian"
1.55,1.2,6.8397814060407,47.1221552054281,"Forest","Quaternary"
1.55,1.25,6.83977271308571,47.1226037322723,"Meadow","Argovian"
1.55,1.3,6.83976401998484,47.1230522590701,"Meadow","Argovian"
1.55,1.35,6.83975532673807,47.1235007858214,"Meadow","Quaternary"
1.55,1.4,6.83974663334541,47.1239493125262,"Meadow","Quaternary"
1.55,1.45,6.83973793980685,47.1243978391845,"Meadow","Quaternary"
1.55,1.5,6.83972924612238,47.1248463657963,"Meadow","Quaternary"
1.55,1.55,6.839720552292,47.1252948923614,"Meadow","Quaternary"
1.55,1.6,6.83971185831572,47.12574341888,"Meadow","Sequanian"
1.55,1.65,6.83970316419351,47.1261919453519,"Meadow","Sequanian"
1.55,1.7,6.83969446992539,47.1266404717772,"Meadow","Sequanian"
1.55,1.75,6.83968577551134,47.1270889981557,"Pasture","Sequanian"
1.55,1.8,6.83967708095137,47.1275375244876,"Pasture","Sequanian"
1.55,1.85,6.83966838624546,47.1279860507727,"Pasture","Sequanian"
1.55,1.9,6.83965969139361,47.128434577011,"Pasture","Sequanian"
1.55,1.95,6.83965099639583,47.1288831032026,"Pasture","Sequanian"
1.55,2,6.8396423012521,47.1293316293473,"Pasture","Sequanian"
1.55,2.05,6.83963360596243,47.1297801554452,"Pasture","Sequanian"
1.55,2.1,6.8396249105268,47.1302286814961,"Pasture","Sequanian"
1.55,2.15,6.83961621494521,47.1306772075003,"Pasture","Sequanian"
1.55,2.2,6.83960751921767,47.1311257334573,"Pasture","Sequanian"
1.55,2.25,6.83959882334416,47.1315742593675,"Pasture","Sequanian"
1.55,2.3,6.83959012732469,47.1320227852307,"Pasture","Sequanian"
1.55,2.35,6.83958143115924,47.1324713110469,"Pasture","Sequanian"
1.55,2.4,6.83957273484782,47.1329198368161,"Meadow","Quaternary"
1.55,2.45,6.83956403839041,47.1333683625381,"Meadow","Quaternary"
1.55,2.5,6.83955534178702,47.133816888213,"Meadow","Kimmeridgian"
1.55,2.55,6.83954664503765,47.1342654138409,"Meadow","Kimmeridgian"
1.55,2.6,6.83953794814228,47.1347139394215,"Meadow","Kimmeridgian"
1.55,2.65,6.83952925110092,47.135162464955,"Meadow","Sequanian"
1.55,2.7,6.83952055391356,47.1356109904413,"Meadow","Sequanian"
1.55,2.75,6.83951185658019,47.1360595158803,"Meadow","Sequanian"
1.55,2.8,6.83950315910081,47.1365080412721,"Meadow","Sequanian"
1.55,2.85,6.83949446147543,47.1369565666166,"Meadow","Sequanian"
1.55,2.9,6.83948576370403,47.1374050919138,"Meadow","Sequanian"
1.55,2.95,6.8394770657866,47.1378536171636,"Meadow","Sequanian"
1.55,3,6.83946836772316,47.138302142366,"Meadow","Argovian"
1.55,3.05,6.83945966951369,47.1387506675211,"Meadow","Argovian"
1.55,3.1,6.83945097115818,47.1391991926287,"Meadow","Argovian"
1.55,3.15,6.83944227265664,47.1396477176889,"Meadow","Argovian"
1.55,3.2,6.83943357400906,47.1400962427016,"Meadow","Argovian"
1.55,3.25,6.83942487521544,47.1405447676667,"Meadow","Argovian"
1.55,3.3,6.83941617627577,47.1409932925843,"Meadow","Argovian"
1.55,3.35,6.83940747719004,47.1414418174544,"Meadow","Argovian"
1.6,0.3,6.84059295424025,47.1140865603596,"Meadow","Kimmeridgian"
1.6,0.35,6.84058426939952,47.1145350880843,"Meadow","Kimmeridgian"
1.6,0.4,6.84057558441307,47.1149836157631,"Pasture","Kimmeridgian"
1.6,0.45,6.84056689928089,47.1154321433958,"Pasture","Kimmeridgian"
1.6,0.5,6.84055821400297,47.1158806709826,"Pasture","Kimmeridgian"
1.6,0.55,6.84054952857932,47.1163291985233,"Pasture","Sequanian"
1.6,0.6,6.84054084300993,47.116777726018,"Pasture","Sequanian"
1.6,0.65,6.84053215729479,47.1172262534666,"Pasture","Sequanian"
1.6,0.7,6.84052347143391,47.117674780869,"Pasture","Argovian"
1.6,0.75,6.84051478542727,47.1181233082254,"Pasture","Argovian"
1.6,0.8,6.84050609927488,47.1185718355355,"Pasture","Argovian"
1.6,0.85,6.84049741297672,47.1190203627995,"Meadow","Argovian"
1.6,0.9,6.84048872653281,47.1194688900172,"Meadow","Argovian"
1.6,0.95,6.84048003994312,47.1199174171887,"Meadow","Argovian"
1.6,1,6.84047135320766,47.120365944314,"Meadow","Argovian"
1.6,1.05,6.84046266632643,47.1208144713929,"Meadow","Argovian"
1.6,1.1,6.84045397929941,47.1212629984255,"Tillage","Argovian"
1.6,1.15,6.84044529212661,47.1217115254117,"Tillage","Argovian"
1.6,1.2,6.84043660480803,47.1221600523515,"Tillage","Quaternary"
1.6,1.25,6.84042791734365,47.1226085792449,"Meadow","Argovian"
1.6,1.3,6.84041922973347,47.1230571060919,"Meadow","Argovian"
1.6,1.35,6.84041054197749,47.1235056328924,"Meadow","Quaternary"
1.6,1.4,6.84040185407571,47.1239541596464,"Meadow","Quaternary"
1.6,1.45,6.84039316602812,47.1244026863539,"Meadow","Sequanian"
1.6,1.5,6.84038447783472,47.1248512130149,"Meadow","Sequanian"
1.6,1.55,6.8403757894955,47.1252997396292,"Meadow","Sequanian"
1.6,1.6,6.84036710101047,47.125748266197,"Meadow","Sequanian"
1.6,1.65,6.84035841237961,47.1261967927181,"Meadow","Sequanian"
1.6,1.7,6.84034972360292,47.1266453191926,"Meadow","Sequanian"
1.6,1.75,6.8403410346804,47.1270938456203,"Meadow","Sequanian"
1.6,1.8,6.84033234561204,47.1275423720014,"Tillage","Sequanian"
1.6,1.85,6.84032365639785,47.1279908983357,"Pasture","Kimmeridgian"
1.6,1.9,6.8403149670378,47.1284394246232,"Pasture","Kimmeridgian"
1.6,1.95,6.84030627753191,47.128887950864,"Tillage","Sequanian"
1.6,2,6.84029758788018,47.1293364770579,"Tillage","Sequanian"
1.6,2.05,6.84028889808258,47.1297850032049,"Tillage","Sequanian"
1.6,2.1,6.84028020813912,47.1302335293051,"Tillage","Sequanian"
1.6,2.15,6.8402715180498,47.1306820553584,"Tillage","Sequanian"
1.6,2.2,6.84026282781462,47.1311305813647,"Tillage","Sequanian"
1.6,2.25,6.84025413743356,47.1315791073241,"Tillage","Sequanian"
1.6,2.3,6.84024544690662,47.1320276332365,"Tillage","Sequanian"
1.6,2.35,6.8402367562338,47.1324761591019,"Tillage","Sequanian"
1.6,2.4,6.84022806541511,47.1329246849202,"Meadow","Sequanian"
1.6,2.45,6.84021937445052,47.1333732106915,"Meadow","Sequanian"
1.6,2.5,6.84021068334004,47.1338217364157,"Meadow","Kimmeridgian"
1.6,2.55,6.84020199208367,47.1342702620927,"Meadow","Kimmeridgian"
1.6,2.6,6.84019330068139,47.1347187877226,"Meadow","Kimmeridgian"
1.6,2.65,6.84018460913322,47.1351673133053,"Meadow","Kimmeridgian"
1.6,2.7,6.84017591743913,47.1356158388407,"Meadow","Kimmeridgian"
1.6,2.75,6.84016722559914,47.136064364329,"Meadow","Kimmeridgian"
1.6,2.8,6.84015853361322,47.13651288977,"Tillage","Sequanian"
1.6,2.85,6.84014984148139,47.1369614151637,"Tillage","Sequanian"
1.6,2.9,6.84014114920364,47.1374099405101,"Meadow","Sequanian"
1.6,2.95,6.84013245677995,47.1378584658091,"Meadow","Sequanian"
1.6,3,6.84012376421034,47.1383069910608,"Meadow","Sequanian"
1.6,3.05,6.84011507149479,47.138755516265,"Meadow","Sequanian"
1.6,3.1,6.8401063786333,47.1392040414219,"Meadow","Argovian"
1.6,3.15,6.84009768562587,47.1396525665313,"Meadow","Argovian"
1.6,3.2,6.84008899247249,47.1401010915932,"Meadow","Argovian"
1.6,3.25,6.84008029917316,47.1405496166076,"Meadow","Argovian"
1.6,3.3,6.84007160572787,47.1409981415744,"Meadow","Argovian"
1.6,3.35,6.84006291213663,47.1414466664937,"Meadow","Argovian"
1.6,3.4,6.84005421839942,47.1418951913654,"Meadow","Argovian"
1.65,0.35,6.8412393749594,47.1145399304349,"Meadow","Kimmeridgian"
1.65,0.4,6.84123069546198,47.1149884581629,"Pasture","Kimmeridgian"
1.65,0.45,6.84122201581894,47.1154369858447,"Pasture","Kimmeridgian"
1.65,0.5,6.84121333603025,47.1158855134807,"Pasture","Kimmeridgian"
1.65,0.55,6.84120465609592,47.1163340410706,"Pasture","Sequanian"
1.65,0.6,6.84119597601594,47.1167825686144,"Pasture","Sequanian"
1.65,0.65,6.84118729579031,47.1172310961121,"Pasture","Sequanian"
1.65,0.7,6.84117861541902,47.1176796235638,"Pasture","Argovian"
1.65,0.75,6.84116993490207,47.1181281509692,"Pasture","Argovian"
1.65,0.8,6.84116125423946,47.1185766783285,"Pasture","Argovian"
1.65,0.85,6.84115257343117,47.1190252056416,"Meadow","Argovian"
1.65,0.9,6.84114389247722,47.1194737329085,"Meadow","Argovian"
1.65,0.95,6.84113521137759,47.1199222601292,"Meadow","Argovian"
1.65,1,6.84112653013228,47.1203707873035,"Meadow","Argovian"
1.65,1.05,6.84111784874129,47.1208193144316,"Meadow","Argovian"
1.65,1.1,6.8411091672046,47.1212678415134,"Tillage","Argovian"
1.65,1.15,6.84110048552223,47.1217163685488,"Tillage","Argovian"
1.65,1.2,6.84109180369416,47.1221648955378,"Tillage","Quaternary"
1.65,1.25,6.84108312172039,47.1226134224803,"Meadow","Argovian"
1.65,1.3,6.84107443960091,47.1230619493765,"Meadow","Argovian"
1.65,1.35,6.84106575733573,47.1235104762261,"Meadow","Quaternary"
1.65,1.4,6.84105707492483,47.1239590030293,"Meadow","Quaternary"
1.65,1.45,6.84104839236822,47.124407529786,"Meadow","Sequanian"
1.65,1.5,6.84103970966589,47.1248560564961,"Meadow","Sequanian"
1.65,1.55,6.84103102681784,47.1253045831596,"Meadow","Sequanian"
1.65,1.6,6.84102234382406,47.1257531097765,"Meadow","Sequanian"
1.65,1.65,6.84101366068454,47.1262016363468,"Meadow","Sequanian"
1.65,1.7,6.84100497739929,47.1266501628704,"Meadow","Sequanian"
1.65,1.75,6.8409962939683,47.1270986893473,"Meadow","Sequanian"
1.65,1.8,6.84098761039157,47.1275472157776,"Tillage","Sequanian"
1.65,1.85,6.84097892666908,47.127995742161,"Pasture","Kimmeridgian"
1.65,1.9,6.84097024280085,47.1284442684977,"Pasture","Kimmeridgian"
1.65,1.95,6.84096155878686,47.1288927947876,"Tillage","Sequanian"
1.65,2,6.84095287462711,47.1293413210307,"Tillage","Sequanian"
1.65,2.05,6.8409441903216,47.129789847227,"Tillage","Sequanian"
1.65,2.1,6.84093550587031,47.1302383733763,"Tillage","Sequanian"
1.65,2.15,6.84092682127326,47.1306868994788,"Tillage","Sequanian"
1.65,2.2,6.84091813653044,47.1311354255343,"Tillage","Sequanian"
1.65,2.25,6.84090945164183,47.1315839515429,"Tillage","Sequanian"
1.65,2.3,6.84090076660744,47.1320324775044,"Tillage","Sequanian"
1.65,2.35,6.84089208142726,47.132481003419,"Tillage","Sequanian"
1.65,2.4,6.84088339610129,47.1329295292865,"Meadow","Sequanian"
1.65,2.45,6.84087471062952,47.1333780551069,"Meadow","Sequanian"
1.65,2.5,6.84086602501196,47.1338265808802,"Meadow","Kimmeridgian"
1.65,2.55,6.84085733924859,47.1342751066065,"Meadow","Kimmeridgian"
1.65,2.6,6.84084865333941,47.1347236322855,"Meadow","Kimmeridgian"
1.65,2.65,6.84083996728442,47.1351721579174,"Meadow","Kimmeridgian"
1.65,2.7,6.84083128108362,47.135620683502,"Meadow","Kimmeridgian"
1.65,2.75,6.840822594737,47.1360692090395,"Meadow","Kimmeridgian"
1.65,2.8,6.84081390824455,47.1365177345297,"Tillage","Sequanian"
1.65,2.85,6.84080522160628,47.1369662599725,"Tillage","Sequanian"
1.65,2.9,6.84079653482218,47.1374147853681,"Meadow","Sequanian"
1.65,2.95,6.84078784789224,47.1378633107164,"Meadow","Sequanian"
1.65,3,6.84077916081646,47.1383118360172,"Meadow","Sequanian"
1.65,3.05,6.84077047359483,47.1387603612706,"Meadow","Sequanian"
1.65,3.1,6.84076178622736,47.1392088864766,"Meadow","Argovian"
1.65,3.15,6.84075309871405,47.1396574116352,"Meadow","Argovian"
1.65,3.2,6.84074441105487,47.1401059367463,"Meadow","Argovian"
1.65,3.25,6.84073572324983,47.1405544618099,"Meadow","Argovian"
1.65,3.3,6.84072703529893,47.1410029868259,"Meadow","Argovian"
1.65,3.35,6.84071834720217,47.1414515117944,"Meadow","Argovian"
1.65,3.4,6.84070965895953,47.1419000367153,"Meadow","Argovian"
1.7,0.4,6.84188580662956,47.1149932968259,"Pasture","Kimmeridgian"
1.7,0.45,6.84187713247565,47.1154418245569,"Pasture","Kimmeridgian"
1.7,0.5,6.84186845817619,47.115890352242,"Pasture","Kimmeridgian"
1.7,0.55,6.84185978373119,47.116338879881,"Pasture","Kimmeridgian"
1.7,0.6,6.84185110914062,47.1167874074739,"Pasture","Sequanian"
1.7,0.65,6.8418424344045,47.1172359350208,"Pasture","Sequanian"
1.7,0.7,6.84183375952281,47.1176844625215,"Pasture","Quaternary"
1.7,0.75,6.84182508449555,47.1181329899761,"Pasture","Argovian"
1.7,0.8,6.84181640932272,47.1185815173846,"Pasture","Argovian"
1.7,0.85,6.84180773400431,47.1190300447468,"Meadow","Argovian"
1.7,0.9,6.84179905854033,47.1194785720628,"Meadow","Argovian"
1.7,0.95,6.84179038293076,47.1199270993326,"Meadow","Argovian"
1.7,1,6.8417817071756,47.1203756265561,"Meadow","Argovian"
1.7,1.05,6.84177303127485,47.1208241537333,"Meadow","Argovian"
1.7,1.1,6.8417643552285,47.1212726808641,"Meadow","Argovian"
1.7,1.15,6.84175567903656,47.1217212079487,"Meadow","Argovian"
1.7,1.2,6.84174700269901,47.1221697349868,"Meadow","Quaternary"
1.7,1.25,6.84173832621585,47.1226182619785,"Meadow","Argovian"
1.7,1.3,6.84172964958708,47.1230667889238,"Meadow","Argovian"
1.7,1.35,6.84172097281269,47.1235153158225,"Meadow","Quaternary"
1.7,1.4,6.84171229589269,47.1239638426748,"Meadow","Quaternary"
1.7,1.45,6.84170361882706,47.1244123694806,"Meadow","Sequanian"
1.7,1.5,6.8416949416158,47.1248608962398,"Meadow","Sequanian"
1.7,1.55,6.84168626425891,47.1253094229525,"Meadow","Sequanian"
1.7,1.6,6.84167758675638,47.1257579496185,"Meadow","Sequanian"
1.7,1.65,6.84166890910822,47.126206476238,"Meadow","Sequanian"
1.7,1.7,6.84166023131441,47.1266550028107,"Tillage","Sequanian"
1.7,1.75,6.84165155337495,47.1271035293368,"Tillage","Sequanian"
1.7,1.8,6.84164287528984,47.1275520558162,"Meadow","Sequanian"
1.7,1.85,6.84163419705908,47.1280005822488,"Meadow","Sequanian"
1.7,1.9,6.84162551868266,47.1284491086346,"Meadow","Sequanian"
1.7,1.95,6.84161684016057,47.1288976349737,"Meadow","Kimmeridgian"
1.7,2,6.84160816149282,47.1293461612659,"Meadow","Kimmeridgian"
1.7,2.05,6.84159948267939,47.1297946875113,"Meadow","Kimmeridgian"
1.7,2.1,6.84159080372029,47.1302432137098,"Tillage","Sequanian"
1.7,2.15,6.84158212461551,47.1306917398614,"Tillage","Sequanian"
1.7,2.2,6.84157344536504,47.131140265966,"Tillage","Sequanian"
1.7,2.25,6.84156476596889,47.1315887920237,"Meadow","Sequanian"
1.7,2.3,6.84155608642705,47.1320373180344,"Meadow","Sequanian"
1.7,2.35,6.84154740673951,47.1324858439981,"Meadow","Sequanian"
1.7,2.4,6.84153872690627,47.1329343699148,"Meadow","Sequanian"
1.7,2.45,6.84153004692733,47.1333828957844,"Meadow","Sequanian"
1.7,2.5,6.84152136680268,47.1338314216068,"Meadow","Kimmeridgian"
1.7,2.55,6.84151268653232,47.1342799473822,"Meadow","Kimmeridgian"
1.7,2.6,6.84150400611624,47.1347284731104,"Meadow","Kimmeridgian"
1.7,2.65,6.84149532555445,47.1351769987914,"Meadow","Kimmeridgian"
1.7,2.7,6.84148664484693,47.1356255244252,"Meadow","Kimmeridgian"
1.7,2.75,6.84147796399369,47.1360740500119,"Meadow","Kimmeridgian"
1.7,2.8,6.84146928299471,47.1365225755512,"Meadow","Sequanian"
1.7,2.85,6.84146060185,47.1369711010432,"Meadow","Sequanian"
1.7,2.9,6.84145192055955,47.1374196264879,"Meadow","Sequanian"
1.7,2.95,6.84144323912335,47.1378681518853,"Meadow","Sequanian"
1.7,3,6.84143455754141,47.1383166772353,"Meadow","Sequanian"
1.7,3.05,6.84142587581372,47.1387652025379,"Meadow","Sequanian"
1.7,3.1,6.84141719394027,47.1392137277931,"Meadow","Argovian"
1.7,3.15,6.84140851192107,47.1396622530008,"Forest","Argovian"
1.7,3.2,6.8413998297561,47.1401107781611,"Forest","Argovian"
1.7,3.25,6.84139114744536,47.1405593032738,"Forest","Argovian"
1.7,3.3,6.84138246498886,47.141007828339,"Forest","Argovian"
1.7,3.35,6.84137378238658,47.1414563533567,"Forest","Argovian"
1.7,3.4,6.84136509963851,47.1419048783267,"Meadow","Argovian"
1.75,0.4,6.8425409179157,47.1149981317523,"Pasture","Kimmeridgian"
1.75,0.45,6.84253224925093,47.1154466595324,"Pasture","Kimmeridgian"
1.75,0.5,6.84252358044071,47.1158951872665,"Pasture","Kimmeridgian"
1.75,0.55,6.84251491148503,47.1163437149546,"Pasture","Kimmeridgian"
1.75,0.6,6.84250624238388,47.1167922425966,"Pasture","Sequanian"
1.75,0.65,6.84249757313727,47.1172407701926,"Pasture","Sequanian"
1.75,0.7,6.84248890374518,47.1176892977424,"Pasture","Sequanian"
1.75,0.75,6.84248023420762,47.1181378252461,"Pasture","Sequanian"
1.75,0.8,6.84247156452458,47.1185863527036,"Meadow","Quaternary"
1.75,0.85,6.84246289469605,47.119034880115,"Meadow","Argovian"
1.75,0.9,6.84245422472204,47.1194834074801,"Meadow","Argovian"
1.75,0.95,6.84244555460253,47.119931934799,"Meadow","Argovian"
1.75,1,6.84243688433753,47.1203804620716,"Meadow","Argovian"
1.75,1.05,6.84242821392703,47.1208289892978,"Meadow","Argovian"
1.75,1.1,6.84241954337102,47.1212775164778,"Meadow","Argovian"
1.75,1.15,6.84241087266951,47.1217260436114,"Meadow","Argovian"
1.75,1.2,6.84240220182248,47.1221745706986,"Meadow","Quaternary"
1.75,1.25,6.84239353082994,47.1226230977394,"Meadow","Quaternary"
1.75,1.3,6.84238485969187,47.1230716247337,"Meadow","Argovian"
1.75,1.35,6.84237618840829,47.1235201516816,"Meadow","Quaternary"
1.75,1.4,6.84236751697917,47.123968678583,"Meadow","Quaternary"
1.75,1.45,6.84235884540453,47.124417205438,"Meadow","Sequanian"
1.75,1.5,6.84235017368435,47.1248657322463,"Meadow","Sequanian"
1.75,1.55,6.84234150181863,47.125314259008,"Meadow","Sequanian"
1.75,1.6,6.84233282980736,47.1257627857232,"Meadow","Sequanian"
1.75,1.65,6.84232415765055,47.1262113123917,"Meadow","Sequanian"
1.75,1.7,6.84231548534819,47.1266598390136,"Tillage","Sequanian"
1.75,1.75,6.84230681290027,47.1271083655887,"Tillage","Sequanian"
1.75,1.8,6.84229814030679,47.1275568921172,"Meadow","Sequanian"
1.75,1.85,6.84228946756775,47.1280054185989,"Meadow","Sequanian"
1.75,1.9,6.84228079468314,47.1284539450339,"Meadow","Sequanian"
1.75,1.95,6.84227212165296,47.128902471422,"Meadow","Sequanian"
1.75,2,6.8422634484772,47.1293509977634,"Meadow","Sequanian"
1.75,2.05,6.84225477515586,47.1297995240578,"Meadow","Sequanian"
1.75,2.1,6.84224610168894,47.1302480503054,"Tillage","Sequanian"
1.75,2.15,6.84223742807644,47.1306965765061,"Meadow","Sequanian"
1.75,2.2,6.84222875431834,47.1311451026599,"Meadow","Sequanian"
1.75,2.25,6.84222008041465,47.1315936287668,"Meadow","Sequanian"
1.75,2.3,6.84221140636536,47.1320421548266,"Meadow","Sequanian"
1.75,2.35,6.84220273217046,47.1324906808393,"Meadow","Sequanian"
1.75,2.4,6.84219405782996,47.1329392068051,"Meadow","Sequanian"
1.75,2.45,6.84218538334384,47.1333877327238,"Meadow","Sequanian"
1.75,2.5,6.84217670871212,47.1338362585954,"Meadow","Kimmeridgian"
1.75,2.55,6.84216803393477,47.1342847844199,"Meadow","Kimmeridgian"
1.75,2.6,6.8421593590118,47.1347333101972,"Meadow","Kimmeridgian"
1.75,2.65,6.8421506839432,47.1351818359274,"Meadow","Kimmeridgian"
1.75,2.7,6.84214200872897,47.1356303616103,"Meadow","Kimmeridgian"
1.75,2.75,6.8421333333691,47.136078887246,"Meadow","Kimmeridgian"
1.75,2.8,6.8421246578636,47.1365274128344,"Meadow","Kimmeridgian"
1.75,2.85,6.84211598221246,47.1369759383756,"Meadow","Kimmeridgian"
1.75,2.9,6.84210730641566,47.1374244638694,"Meadow","Sequanian"
1.75,2.95,6.84209863047322,47.137872989316,"Meadow","Sequanian"
1.75,3,6.84208995438512,47.138321514715,"Meadow","Sequanian"
1.75,3.05,6.84208127815136,47.1387700400668,"Meadow","Sequanian"
1.75,3.1,6.84207260177194,47.1392185653711,"Meadow","Sequanian"
1.75,3.15,6.84206392524685,47.1396670906279,"Meadow","Argovian"
1.75,3.2,6.8420552485761,47.1401156158373,"Meadow","Argovian"
1.75,3.25,6.84204657175966,47.1405641409992,"Meadow","Argovian"
1.75,3.3,6.84203789479755,47.1410126661135,"Forest","Argovian"
1.75,3.35,6.84202921768976,47.1414611911803,"Forest","Argovian"
1.75,3.4,6.84202054043628,47.1419097161994,"Meadow","Argovian"
1.8,0.3,6.84321335523547,47.1141059071457,"Pasture","Kimmeridgian"
1.8,0.35,6.84320469235057,47.1145544350668,"Pasture","Kimmeridgian"
1.8,0.4,6.84319602932031,47.1150029629419,"Pasture","Kimmeridgian"
1.8,0.45,6.8431873661447,47.1154514907711,"Pasture","Kimmeridgian"
1.8,0.5,6.84317870282371,47.1159000185543,"Pasture","Kimmeridgian"
1.8,0.55,6.84317003935736,47.1163485462914,"Pasture","Kimmeridgian"
1.8,0.6,6.84316137574564,47.1167970739825,"Pasture","Sequanian"
1.8,0.65,6.84315271198854,47.1172456016275,"Pasture","Sequanian"
1.8,0.7,6.84314404808606,47.1176941292264,"Pasture","Sequanian"
1.8,0.75,6.84313538403819,47.1181426567791,"Pasture","Sequanian"
1.8,0.8,6.84312671984494,47.1185911842858,"Meadow","Quaternary"
1.8,0.85,6.8431180555063,47.1190397117461,"Meadow","Argovian"
1.8,0.9,6.84310939102226,47.1194882391603,"Meadow","Argovian"
1.8,0.95,6.84310072639282,47.1199367665282,"Meadow","Argovian"
1.8,1,6.84309206161798,47.1203852938499,"Meadow","Argovian"
1.8,1.05,6.84308339669772,47.1208338211252,"Meadow","Argovian"
1.8,1.1,6.84307473163206,47.1212823483542,"Meadow","Argovian"
1.8,1.15,6.84306606642098,47.1217308755369,"Meadow","Argovian"
1.8,1.2,6.84305740106448,47.1221794026732,"Meadow","Quaternary"
1.8,1.25,6.84304873556256,47.1226279297631,"Meadow","Quaternary"
1.8,1.3,6.84304006991521,47.1230764568065,"Meadow","Argovian"
1.8,1.35,6.84303140412243,47.1235249838035,"Meadow","Quaternary"
1.8,1.4,6.84302273818421,47.1239735107539,"Meadow","Quaternary"
1.8,1.45,6.84301407210055,47.1244220376579,"Meadow","Sequanian"
1.8,1.5,6.84300540587145,47.1248705645153,"Meadow","Sequanian"
1.8,1.55,6.8429967394969,47.1253190913261,"Meadow","Sequanian"
1.8,1.6,6.8429880729769,47.1257676180903,"Meadow","Sequanian"
1.8,1.65,6.84297940631145,47.1262161448079,"Meadow","Sequanian"
1.8,1.7,6.84297073950053,47.1266646714789,"Meadow","Sequanian"
1.8,1.75,6.84296207254416,47.1271131981031,"Meadow","Sequanian"
1.8,1.8,6.84295340544231,47.1275617246806,"Meadow","Sequanian"
1.8,1.85,6.84294473819499,47.1280102512114,"Meadow","Sequanian"
1.8,1.9,6.8429360708022,47.1284587776955,"Meadow","Sequanian"
1.8,1.95,6.84292740326393,47.1289073041327,"Meadow","Sequanian"
1.8,2,6.84291873558017,47.1293558305231,"Meadow","Sequanian"
1.8,2.05,6.84291006775093,47.1298043568667,"Meadow","Sequanian"
1.8,2.1,6.8429013997762,47.1302528831633,"Meadow","Sequanian"
1.8,2.15,6.84289273165597,47.1307014094131,"Meadow","Sequanian"
1.8,2.2,6.84288406339024,47.131149935616,"Meadow","Sequanian"
1.8,2.25,6.84287539497901,47.1315984617719,"Meadow","Sequanian"
1.8,2.3,6.84286672642227,47.1320469878808,"Meadow","Sequanian"
1.8,2.35,6.84285805772002,47.1324955139427,"Meadow","Sequanian"
1.8,2.4,6.84284938887226,47.1329440399575,"Meadow","Kimmeridgian"
1.8,2.45,6.84284071987898,47.1333925659253,"Meadow","Kimmeridgian"
1.8,2.5,6.84283205074017,47.133841091846,"Meadow","Kimmeridgian"
1.8,2.55,6.84282338145584,47.1342896177195,"Meadow","Kimmeridgian"
1.8,2.6,6.84281471202598,47.134738143546,"Meadow","Kimmeridgian"
1.8,2.65,6.84280604245058,47.1351866693252,"Meadow","Kimmeridgian"
1.8,2.7,6.84279737272964,47.1356351950572,"Meadow","Kimmeridgian"
1.8,2.75,6.84278870286316,47.136083720742,"Meadow","Kimmeridgian"
1.8,2.8,6.84278003285114,47.1365322463795,"Meadow","Kimmeridgian"
1.8,2.85,6.84277136269356,47.1369807719698,"Meadow","Kimmeridgian"
1.8,2.9,6.84276269239043,47.1374292975127,"Meadow","Sequanian"
1.8,2.95,6.84275402194174,47.1378778230083,"Meadow","Sequanian"
1.8,3,6.84274535134748,47.1383263484565,"Meadow","Sequanian"
1.8,3.05,6.84273668060766,47.1387748738574,"Meadow","Sequanian"
1.8,3.1,6.84272800972227,47.1392233992107,"Meadow","Sequanian"
1.8,3.15,6.84271933869131,47.1396719245167,"Meadow","Argovian"
1.8,3.2,6.84271066751477,47.1401204497752,"Meadow","Argovian"
1.8,3.25,6.84270199619264,47.1405689749861,"Meadow","Argovian"
1.8,3.3,6.84269332472493,47.1410175001495,"Meadow","Argovian"
1.8,3.35,6.84268465311162,47.1414660252654,"Meadow","Argovian"
1.8,3.4,6.84267598135273,47.1419145503337,"Meadow","Argovian"
1.85,0.3,6.84386845578045,47.1141107345006,"Pasture","Kimmeridgian"
1.85,0.35,6.84385979838452,47.1145592624707,"Pasture","Kimmeridgian"
1.85,0.4,6.84385114084331,47.1150077903949,"Pasture","Kimmeridgian"
1.85,0.45,6.84384248315684,47.1154563182731,"Pasture","Kimmeridgian"
1.85,0.5,6.8438338253251,47.1159048461053,"Pasture","Kimmeridgian"
1.85,0.55,6.84382516734808,47.1163533738915,"Pasture","Kimmeridgian"
1.85,0.6,6.84381650922579,47.1168019016315,"Pasture","Sequanian"
1.85,0.65,6.8438078509582,47.1172504293256,"Pasture","Sequanian"
1.85,0.7,6.84379919254533,47.1176989569735,"Pasture","Sequanian"
1.85,0.75,6.84379053398717,47.1181474845753,"Pasture","Sequanian"
1.85,0.8,6.84378187528371,47.1185960121309,"Pasture","Quaternary"
1.85,0.85,6.84377321643496,47.1190445396403,"Meadow","Argovian"
1.85,0.9,6.8437645574409,47.1194930671035,"Meadow","Argovian"
1.85,0.95,6.84375589830153,47.1199415945205,"Meadow","Argovian"
1.85,1,6.84374723901685,47.1203901218912,"Meadow","Argovian"
1.85,1.05,6.84373857958685,47.1208386492155,"Meadow","Argovian"
1.85,1.1,6.84372992001153,47.1212871764936,"Meadow","Argovian"
1.85,1.15,6.84372126029089,47.1217357037253,"Meadow","Argovian"
1.85,1.2,6.84371260042492,47.1221842309106,"Meadow","Quaternary"
1.85,1.25,6.84370394041362,47.1226327580495,"Meadow","Quaternary"
1.85,1.3,6.84369528025699,47.123081285142,"Meadow","Argovian"
1.85,1.35,6.84368661995502,47.123529812188,"Meadow","Quaternary"
1.85,1.4,6.8436779595077,47.1239783391875,"Meadow","Quaternary"
1.85,1.45,6.84366929891503,47.1244268661405,"Meadow","Sequanian"
1.85,1.5,6.84366063817702,47.1248753930469,"Meadow","Sequanian"
1.85,1.55,6.84365197729364,47.1253239199068,"Meadow","Sequanian"
1.85,1.6,6.84364331626491,47.1257724467201,"Meadow","Sequanian"
1.85,1.65,6.84363465509081,47.1262209734867,"Meadow","Sequanian"
1.85,1.7,6.84362599377135,47.1266695002066,"Meadow","Sequanian"
1.85,1.75,6.84361733230652,47.1271180268799,"Meadow","Sequanian"
1.85,1.8,6.84360867069631,47.1275665535065,"Forest","Sequanian"
1.85,1.85,6.84360000894072,47.1280150800864,"Meadow","Sequanian"
1.85,1.9,6.84359134703975,47.1284636066194,"Meadow","Sequanian"
1.85,1.95,6.84358268499339,47.1289121331057,"Meadow","Sequanian"
1.85,2,6.84357402280164,47.1293606595452,"Meadow","Sequanian"
1.85,2.05,6.8435653604645,47.1298091859378,"Meadow","Sequanian"
1.85,2.1,6.84355669798195,47.1302577122835,"Meadow","Sequanian"
1.85,2.15,6.84354803535401,47.1307062385823,"Meadow","Sequanian"
1.85,2.2,6.84353937258065,47.1311547648343,"Meadow","Sequanian"
1.85,2.25,6.84353070966189,47.1316032910392,"Meadow","Sequanian"
1.85,2.3,6.84352204659771,47.1320518171971,"Meadow","Sequanian"
1.85,2.35,6.84351338338811,47.1325003433081,"Meadow","Sequanian"
1.85,2.4,6.84350472003309,47.132948869372,"Meadow","Kimmeridgian"
1.85,2.45,6.84349605653264,47.1333973953888,"Meadow","Kimmeridgian"
1.85,2.5,6.84348739288676,47.1338459213586,"Meadow","Kimmeridgian"
1.85,2.55,6.84347872909545,47.1342944472812,"Meadow","Kimmeridgian"
1.85,2.6,6.8434700651587,47.1347429731566,"Meadow","Kimmeridgian"
1.85,2.65,6.8434614010765,47.1351914989849,"Meadow","Sequanian"
1.85,2.7,6.84345273684886,47.135640024766,"Meadow","Sequanian"
1.85,2.75,6.84344407247577,47.1360885504998,"Meadow","Sequanian"
1.85,2.8,6.84343540795722,47.1365370761864,"Meadow","Sequanian"
1.85,2.85,6.84342674329322,47.1369856018257,"Meadow","Sequanian"
1.85,2.9,6.84341807848375,47.1374341274177,"Meadow","Sequanian"
1.85,2.95,6.84340941352882,47.1378826529624,"Meadow","Sequanian"
1.85,3,6.84340074842841,47.1383311784597,"Meadow","Sequanian"
1.85,3.05,6.84339208318254,47.1387797039095,"Meadow","Sequanian"
1.85,3.1,6.84338341779118,47.139228229312,"Meadow","Sequanian"
1.85,3.15,6.84337475225434,47.139676754667,"Meadow","Argovian"
1.85,3.2,6.84336608657201,47.1401252799745,"Meadow","Argovian"
1.85,3.25,6.8433574207442,47.1405738052345,"Meadow","Argovian"
1.85,3.3,6.84334875477089,47.141022330447,"Meadow","Argovian"
1.85,3.35,6.84334008865208,47.141470855612,"Meadow","Argovian"
1.85,3.4,6.84333142238777,47.1419193807293,"Meadow","Argovian"
1.85,3.45,6.84332275597795,47.142367905799,"Meadow","Argovian"
1.9,0.2,6.84454085982215,47.1132185019429,"Pasture","Portlandian"
1.9,0.25,6.84453220820551,47.1136670300539,"Pasture","Portlandian"
1.9,0.3,6.84452355644371,47.1141155581189,"Pasture","Kimmeridgian"
1.9,0.35,6.84451490453675,47.1145640861379,"Pasture","Kimmeridgian"
1.9,0.4,6.84450625248461,47.1150126141111,"Pasture","Kimmeridgian"
1.9,0.45,6.84449760028729,47.1154611420383,"Pasture","Kimmeridgian"
1.9,0.5,6.84448894794479,47.1159096699195,"Pasture","Kimmeridgian"
1.9,0.55,6.84448029545711,47.1163581977546,"Pasture","Kimmeridgian"
1.9,0.6,6.84447164282424,47.1168067255438,"Pasture","Sequanian"
1.9,0.65,6.84446299004618,47.1172552532868,"Pasture","Sequanian"
1.9,0.7,6.84445433712293,47.1177037809837,"Pasture","Sequanian"
1.9,0.75,6.84444568405447,47.1181523086344,"Pasture","Sequanian"
1.9,0.8,6.84443703084081,47.1186008362391,"Pasture","Quaternary"
1.9,0.85,6.84442837748194,47.1190493637975,"Meadow","Argovian"
1.9,0.9,6.84441972397786,47.1194978913097,"Meadow","Argovian"
1.9,0.95,6.84441107032857,47.1199464187756,"Meadow","Argovian"
1.9,1,6.84440241653405,47.1203949461953,"Meadow","Argovian"
1.9,1.05,6.84439376259431,47.1208434735687,"Meadow","Argovian"
1.9,1.1,6.84438510850935,47.1212920008958,"Meadow","Argovian"
1.9,1.15,6.84437645427915,47.1217405281765,"Meadow","Argovian"
1.9,1.2,6.84436779990371,47.1221890554108,"Meadow","Quaternary"
1.9,1.25,6.84435914538304,47.1226375825987,"Meadow","Quaternary"
1.9,1.3,6.84435049071713,47.1230861097402,"Meadow","Argovian"
1.9,1.35,6.84434183590596,47.1235346368352,"Meadow","Quaternary"
1.9,1.4,6.84433318094955,47.1239831638837,"Meadow","Quaternary"
1.9,1.45,6.84432452584787,47.1244316908857,"Meadow","Sequanian"
1.9,1.5,6.84431587060095,47.1248802178412,"Meadow","Sequanian"
1.9,1.55,6.84430721520875,47.12532874475,"Meadow","Sequanian"
1.9,1.6,6.84429855967129,47.1257772716123,"Meadow","Sequanian"
1.9,1.65,6.84428990398856,47.1262257984279,"Meadow","Sequanian"
1.9,1.7,6.84428124816055,47.1266743251969,"Meadow","Sequanian"
1.9,1.75,6.84427259218727,47.1271228519192,"Meadow","Sequanian"
1.9,1.8,6.8442639360687,47.1275713785948,"Forest","Sequanian"
1.9,1.85,6.84425527980484,47.1280199052237,"Meadow","Sequanian"
1.9,1.9,6.8442466233957,47.1284684318058,"Meadow","Sequanian"
1.9,1.95,6.84423796684126,47.1289169583411,"Meadow","Sequanian"
1.9,2,6.84422931014151,47.1293654848295,"Meadow","Sequanian"
1.9,2.05,6.84422065329647,47.1298140112712,"Meadow","Sequanian"
1.9,2.1,6.84421199630612,47.1302625376659,"Meadow","Sequanian"
1.9,2.15,6.84420333917046,47.1307110640138,"Meadow","Sequanian"
1.9,2.2,6.84419468188948,47.1311595903146,"Meadow","Sequanian"
1.9,2.25,6.84418602446319,47.1316081165686,"Meadow","Sequanian"
1.9,2.3,6.84417736689157,47.1320566427756,"Meadow","Sequanian"
1.9,2.35,6.84416870917463,47.1325051689356,"Meadow","Sequanian"
1.9,2.4,6.84416005131235,47.1329536950485,"Meadow","Kimmeridgian"
1.9,2.45,6.84415139330474,47.1334022211143,"Meadow","Kimmeridgian"
1.9,2.5,6.84414273515179,47.1338507471331,"Meadow","Kimmeridgian"
1.9,2.55,6.8441340768535,47.1342992731047,"Meadow","Kimmeridgian"
1.9,2.6,6.84412541840987,47.1347477990292,"Meadow","Kimmeridgian"
1.9,2.65,6.84411675982088,47.1351963249065,"Meadow","Sequanian"
1.9,2.7,6.84410810108654,47.1356448507366,"Meadow","Sequanian"
1.9,2.75,6.84409944220684,47.1360933765195,"Meadow","Sequanian"
1.9,2.8,6.84409078318177,47.1365419022551,"Meadow","Sequanian"
1.9,2.85,6.84408212401135,47.1369904279434,"Meadow","Sequanian"
1.9,2.9,6.84407346469555,47.1374389535845,"Meadow","Sequanian"
1.9,2.95,6.84406480523437,47.1378874791781,"Meadow","Sequanian"
1.9,3,6.84405614562782,47.1383360047244,"Meadow","Sequanian"
1.9,3.05,6.84404748587589,47.1387845302234,"Meadow","Sequanian"
1.9,3.1,6.84403882597857,47.1392330556749,"Meadow","Sequanian"
1.9,3.15,6.84403016593585,47.1396815810789,"Meadow","Argovian"
1.9,3.2,6.84402150574775,47.1401301064354,"Meadow","Argovian"
1.9,3.25,6.84401284541425,47.1405786317445,"Meadow","Argovian"
1.9,3.3,6.84400418493534,47.141027157006,"Meadow","Argovian"
1.9,3.35,6.84399552431103,47.14147568222,"Meadow","Argovian"
1.9,3.4,6.84398686354131,47.1419242073864,"Meadow","Argovian"
1.9,3.45,6.84397820262618,47.1423727325051,"Meadow","Argovian"
1.9,3.5,6.84396954156563,47.1428212575763,"Meadow","Argovian"
1.95,0.2,6.84519594962594,47.1132233217266,"Pasture","Portlandian"
1.95,0.25,6.84518730349809,47.1136718498865,"Pasture","Portlandian"
1.95,0.3,6.84517865722517,47.1141203780005,"Pasture","Portlandian"
1.95,0.35,6.84517001080718,47.1145689060685,"Pasture","Portlandian"
1.95,0.4,6.8451613642441,47.1150174340906,"Pasture","Kimmeridgian"
1.95,0.45,6.84515271753594,47.1154659620668,"Pasture","Kimmeridgian"
1.95,0.5,6.84514407068269,47.1159144899969,"Pasture","Kimmeridgian"
1.95,0.55,6.84513542368435,47.1163630178811,"Pasture","Sequanian"
1.95,0.6,6.84512677654092,47.1168115457191,"Pasture","Sequanian"
1.95,0.65,6.84511812925238,47.1172600735111,"Pasture","Sequanian"
1.95,0.7,6.84510948181874,47.117708601257,"Pasture","Sequanian"
1.95,0.75,6.84510083424,47.1181571289567,"Pasture","Quaternary"
1.95,0.8,6.84509218651613,47.1186056566103,"Pasture","Quaternary"
1.95,0.85,6.84508353864716,47.1190541842177,"Meadow","Argovian"
1.95,0.9,6.84507489063307,47.1195027117789,"Meadow","Argovian"
1.95,0.95,6.84506624247385,47.1199512392938,"Meadow","Argovian"
1.95,1,6.8450575941695,47.1203997667624,"Meadow","Argovian"
1.95,1.05,6.84504894572002,47.1208482941848,"Meadow","Argovian"
1.95,1.1,6.84504029712541,47.1212968215608,"Meadow","Argovian"
1.95,1.15,6.84503164838566,47.1217453488905,"Meadow","Argovian"
1.95,1.2,6.84502299950076,47.1221938761738,"Meadow","Quaternary"
1.95,1.25,6.84501435047072,47.1226424034107,"Meadow","Argovian"
1.95,1.3,6.84500570129553,47.1230909306011,"Meadow","Argovian"
1.95,1.35,6.84499705197518,47.1235394577451,"Meadow","Argovian"
1.95,1.4,6.84498840250967,47.1239879848426,"Meadow","Argovian"
1.95,1.45,6.844979752899,47.1244365118936,"Meadow","Sequanian"
1.95,1.5,6.84497110314316,47.124885038898,"Meadow","Sequanian"
1.95,1.55,6.84496245324215,47.1253335658558,"Meadow","Sequanian"
1.95,1.6,6.84495380319596,47.1257820927671,"Forest","Sequanian"
1.95,1.65,6.8449451530046,47.1262306196317,"Forest","Sequanian"
1.95,1.7,6.84493650266805,47.1266791464497,"Forest","Sequanian"
1.95,1.75,6.84492785218632,47.127127673221,"Forest","Sequanian"
1.95,1.8,6.84491920155939,47.1275761999455,"Forest","Sequanian"
1.95,1.85,6.84491055078727,47.1280247266234,"Meadow","Sequanian"
1.95,1.9,6.84490189986995,47.1284732532544,"Meadow","Sequanian"
1.95,1.95,6.84489324880743,47.1289217798387,"Meadow","Sequanian"
1.95,2,6.8448845975997,47.1293703063762,"Meadow","Sequanian"
1.95,2.05,6.84487594624676,47.1298188328668,"Meadow","Sequanian"
1.95,2.1,6.84486729474861,47.1302673593105,"Meadow","Sequanian"
1.95,2.15,6.84485864310524,47.1307158857073,"Meadow","Sequanian"
1.95,2.2,6.84484999131664,47.1311644120572,"Meadow","Sequanian"
1.95,2.25,6.84484133938282,47.1316129383602,"Meadow","Sequanian"
1.95,2.3,6.84483268730377,47.1320614646162,"Meadow","Sequanian"
1.95,2.35,6.84482403507948,47.1325099908251,"Meadow","Sequanian"
1.95,2.4,6.84481538270995,47.132958516987,"Meadow","Kimmeridgian"
1.95,2.45,6.84480673019519,47.1334070431018,"Meadow","Kimmeridgian"
1.95,2.5,6.84479807753517,47.1338555691696,"Meadow","Kimmeridgian"
1.95,2.55,6.84478942472991,47.1343040951902,"Meadow","Kimmeridgian"
1.95,2.6,6.84478077177939,47.1347526211637,"Meadow","Kimmeridgian"
1.95,2.65,6.84477211868361,47.13520114709,"Meadow","Sequanian"
1.95,2.7,6.84476346544257,47.1356496729691,"Meadow","Sequanian"
1.95,2.75,6.84475481205627,47.136098198801,"Meadow","Sequanian"
1.95,2.8,6.84474615852469,47.1365467245856,"Meadow","Sequanian"
1.95,2.85,6.84473750484784,47.1369952503229,"Meadow","Sequanian"
1.95,2.9,6.84472885102571,47.1374437760129,"Meadow","Sequanian"
1.95,2.95,6.8447201970583,47.1378923016556,"Meadow","Sequanian"
1.95,3,6.84471154294561,47.1383408272509,"Meadow","Sequanian"
1.95,3.05,6.84470288868762,47.1387893527988,"Meadow","Sequanian"
1.95,3.1,6.84469423428434,47.1392378782993,"Meadow","Sequanian"
1.95,3.15,6.84468557973576,47.1396864037524,"Meadow","Argovian"
1.95,3.2,6.84467692504189,47.1401349291579,"Meadow","Argovian"
1.95,3.25,6.8446682702027,47.1405834545159,"Meadow","Argovian"
1.95,3.3,6.8446596152182,47.1410319798265,"Meadow","Argovian"
1.95,3.35,6.8446509600884,47.1414805050895,"Meadow","Argovian"
1.95,3.4,6.84464230481327,47.1419290303048,"Meadow","Argovian"
1.95,3.45,6.84463364939282,47.1423775554726,"Meadow","Argovian"
1.95,3.5,6.84462499382705,47.1428260805928,"Meadow","Argovian"
2,0.1,6.84586832039101,47.1123310812186,"Pasture","Portlandian"
2,0.15,6.8458596800419,47.1127796095191,"Pasture","Portlandian"
2,0.2,6.84585103954782,47.1132281377737,"Pasture","Portlandian"
2,0.25,6.84584239890877,47.1136766659825,"Pasture","Portlandian"
2,0.3,6.84583375812473,47.1141251941454,"Pasture","Portlandian"
2,0.35,6.84582511719571,47.1145737222624,"Pasture","Portlandian"
2,0.4,6.8458164761217,47.1150222503335,"Pasture","Kimmeridgian"
2,0.45,6.8458078349027,47.1154707783585,"Pasture","Kimmeridgian"
2,0.5,6.8457991935387,47.1159193063376,"Pasture","Kimmeridgian"
2,0.55,6.84579055202971,47.1163678342707,"Pasture","Sequanian"
2,0.6,6.84578191037571,47.1168163621576,"Pasture","Sequanian"
2,0.65,6.8457732685767,47.1172648899986,"Pasture","Sequanian"
2,0.7,6.84576462663268,47.1177134177934,"Pasture","Sequanian"
2,0.75,6.84575598454365,47.1181619455421,"Pasture","Quaternary"
2,0.8,6.84574734230959,47.1186104732446,"Pasture","Quaternary"
2,0.85,6.84573869993052,47.1190590009009,"Meadow","Argovian"
2,0.9,6.84573005740641,47.119507528511,"Meadow","Argovian"
2,0.95,6.84572141473727,47.1199560560749,"Meadow","Argovian"
2,1,6.8457127719231,47.1204045835925,"Meadow","Argovian"
2,1.05,6.84570412896389,47.1208531110638,"Meadow","Argovian"
2,1.1,6.84569548585963,47.1213016384887,"Meadow","Argovian"
2,1.15,6.84568684261033,47.1217501658673,"Meadow","Argovian"
2,1.2,6.84567819921598,47.1221986931996,"Meadow","Quaternary"
2,1.25,6.84566955567657,47.1226472204854,"Meadow","Argovian"
2,1.3,6.8456609119921,47.1230957477248,"Meadow","Argovian"
2,1.35,6.84565226816257,47.1235442749177,"Meadow","Argovian"
2,1.4,6.84564362418797,47.1239928020641,"Meadow","Argovian"
2,1.45,6.8456349800683,47.124441329164,"Meadow","Sequanian"
2,1.5,6.84562633580355,47.1248898562174,"Meadow","Sequanian"
2,1.55,6.84561769139373,47.1253383832242,"Meadow","Sequanian"
2,1.6,6.84560904683882,47.1257869101844,"Forest","Sequanian"
2,1.65,6.84560040213883,47.126235437098,"Forest","Sequanian"
2,1.7,6.84559175729375,47.1266839639649,"Forest","Sequanian"
2,1.75,6.84558311230357,47.1271324907851,"Forest","Sequanian"
2,1.8,6.84557446716829,47.1275810175586,"Forest","Sequanian"
2,1.85,6.84556582188791,47.1280295442854,"Meadow","Sequanian"
2,1.9,6.84555717646242,47.1284780709654,"Meadow","Sequanian"
2,1.95,6.84554853089182,47.1289265975986,"Meadow","Sequanian"
2,2,6.84553988517611,47.1293751241851,"Meadow","Sequanian"
2,2.05,6.84553123931528,47.1298236507247,"Meadow","Sequanian"
2,2.1,6.84552259330932,47.1302721772173,"Meadow","Sequanian"
2,2.15,6.84551394715824,47.1307207036631,"Meadow","Sequanian"
2,2.2,6.84550530086203,47.131169230062,"Meadow","Sequanian"
2,2.25,6.84549665442069,47.1316177564139,"Meadow","Sequanian"
2,2.3,6.8454880078342,47.1320662827188,"Meadow","Sequanian"
2,2.35,6.84547936110258,47.1325148089767,"Meadow","Sequanian"
2,2.4,6.8454707142258,47.1329633351876,"Meadow","Kimmeridgian"
2,2.45,6.84546206720388,47.1334118613514,"Meadow","Kimmeridgian"
2,2.5,6.8454534200368,47.1338603874681,"Meadow","Kimmeridgian"
2,2.55,6.84544477272457,47.1343089135377,"Meadow","Kimmeridgian"
2,2.6,6.84543612526717,47.1347574395601,"Meadow","Kimmeridgian"
2,2.65,6.84542747766461,47.1352059655354,"Meadow","Sequanian"
2,2.7,6.84541882991688,47.1356544914635,"Meadow","Sequanian"
2,2.75,6.84541018202397,47.1361030173443,"Meadow","Sequanian"
2,2.8,6.84540153398589,47.1365515431779,"Meadow","Sequanian"
2,2.85,6.84539288580262,47.1370000689642,"Meadow","Sequanian"
2,2.9,6.84538423747417,47.1374485947032,"Meadow","Sequanian"
2,2.95,6.84537558900052,47.1378971203948,"Meadow","Sequanian"
2,3,6.84536694038169,47.1383456460391,"Meadow","Sequanian"
2,3.05,6.84535829161765,47.1387941716359,"Meadow","Sequanian"
2,3.1,6.84534964270842,47.1392426971854,"Meadow","Sequanian"
2,3.15,6.84534099365398,47.1396912226874,"Meadow","Argovian"
2,3.2,6.84533234445432,47.140139748142,"Meadow","Argovian"
2,3.25,6.84532369510946,47.140588273549,"Meadow","Argovian"
2,3.3,6.84531504561938,47.1410367989085,"Meadow","Argovian"
2,3.35,6.84530639598407,47.1414853242204,"Meadow","Argovian"
2,3.4,6.84529774620354,47.1419338494848,"Meadow","Argovian"
2,3.45,6.84528909627778,47.1423823747015,"Meadow","Argovian"
2,3.5,6.84528044620679,47.1428308998706,"Meadow","Argovian"
2.05,0.15,6.84651476459309,47.1127844217807,"Meadow","Portlandian"
2.05,0.2,6.84650612958771,47.1132329500842,"Meadow","Portlandian"
2.05,0.25,6.84649749443745,47.1136814783419,"Meadow","Portlandian"
2.05,0.3,6.8464888591423,47.1141300065537,"Meadow","Portlandian"
2.05,0.35,6.84648022370226,47.1145785347196,"Meadow","Portlandian"
2.05,0.4,6.84647158811732,47.1150270628395,"Pasture","Kimmeridgian"
2.05,0.45,6.84646295238748,47.1154755909135,"Pasture","Kimmeridgian"
2.05,0.5,6.84645431651274,47.1159241189415,"Pasture","Kimmeridgian"
2.05,0.55,6.8464456804931,47.1163726469234,"Pasture","Sequanian"
2.05,0.6,6.84643704432854,47.1168211748593,"Pasture","Sequanian"
2.05,0.65,6.84642840801906,47.1172697027492,"Pasture","Sequanian"
2.05,0.7,6.84641977156467,47.1177182305929,"Pasture","Sequanian"
2.05,0.75,6.84641113496535,47.1181667583904,"Pasture","Quaternary"
2.05,0.8,6.8464024982211,47.1186152861419,"Pasture","Quaternary"
2.05,0.85,6.84639386133192,47.1190638138471,"Meadow","Argovian"
2.05,0.9,6.84638522429781,47.1195123415061,"Meadow","Argovian"
2.05,0.95,6.84637658711876,47.1199608691189,"Meadow","Argovian"
2.05,1,6.84636794979476,47.1204093966854,"Meadow","Argovian"
2.05,1.05,6.84635931232582,47.1208579242056,"Meadow","Argovian"
2.05,1.1,6.84635067471192,47.1213064516795,"Meadow","Argovian"
2.05,1.15,6.84634203695307,47.121754979107,"Meadow","Argovian"
2.05,1.2,6.84633339904927,47.1222035064881,"Meadow","Argovian"
2.05,1.25,6.84632476100049,47.1226520338229,"Meadow","Argovian"
2.05,1.3,6.84631612280675,47.1231005611112,"Meadow","Argovian"
2.05,1.35,6.84630748446804,47.123549088353,"Meadow","Argovian"
2.05,1.4,6.84629884598436,47.1239976155483,"Meadow","Argovian"
2.05,1.45,6.84629020735569,47.1244461426972,"Meadow","Sequanian"
2.05,1.5,6.84628156858205,47.1248946697995,"Meadow","Sequanian"
2.05,1.55,6.84627292966341,47.1253431968552,"Meadow","Sequanian"
2.05,1.6,6.84626429059979,47.1257917238642,"Pasture","Sequanian"
2.05,1.65,6.84625565139117,47.1262402508267,"Pasture","Sequanian"
2.05,1.7,6.84624701203755,47.1266887777426,"Forest","Sequanian"
2.05,1.75,6.84623837253893,47.1271373046117,"Forest","Sequanian"
2.05,1.8,6.8462297328953,47.1275858314342,"Forest","Kimmeridgian"
2.05,1.85,6.84622109310666,47.1280343582099,"Meadow","Sequanian"
2.05,1.9,6.84621245317301,47.1284828849388,"Meadow","Sequanian"
2.05,1.95,6.84620381309434,47.128931411621,"Meadow","Kimmeridgian"
2.05,2,6.84619517287065,47.1293799382563,"Meadow","Kimmeridgian"
2.05,2.05,6.84618653250193,47.1298284648448,"Meadow","Kimmeridgian"
2.05,2.1,6.84617789198817,47.1302769913864,"Meadow","Kimmeridgian"
2.05,2.15,6.84616925132939,47.1307255178811,"Meadow","Sequanian"
2.05,2.2,6.84616061052557,47.1311740443289,"Meadow","Sequanian"
2.05,2.25,6.8461519695767,47.1316225707297,"Meadow","Sequanian"
2.05,2.3,6.84614332848279,47.1320710970836,"Meadow","Sequanian"
2.05,2.35,6.84613468724383,47.1325196233904,"Meadow","Sequanian"
2.05,2.4,6.84612604585981,47.1329681496502,"Meadow","Quaternary"
2.05,2.45,6.84611740433074,47.133416675863,"Meadow","Quaternary"
2.05,2.5,6.8461087626566,47.1338652020286,"Meadow","Kimmeridgian"
2.05,2.55,6.8461001208374,47.1343137281471,"Meadow","Kimmeridgian"
2.05,2.6,6.84609147887313,47.1347622542185,"Meadow","Kimmeridgian"
2.05,2.65,6.84608283676378,47.1352107802427,"Meadow","Kimmeridgian"
2.05,2.7,6.84607419450936,47.1356593062197,"Meadow","Kimmeridgian"
2.05,2.75,6.84606555210986,47.1361078321494,"Meadow","Kimmeridgian"
2.05,2.8,6.84605690956526,47.136556358032,"Meadow","Kimmeridgian"
2.05,2.85,6.84604826687559,47.1370048838672,"Meadow","Kimmeridgian"
2.05,2.9,6.84603962404081,47.1374534096551,"Meadow","Sequanian"
2.05,2.95,6.84603098106094,47.1379019353957,"Meadow","Sequanian"
2.05,3,6.84602233793597,47.1383504610888,"Meadow","Sequanian"
2.05,3.05,6.84601369466589,47.1387989867347,"Meadow","Sequanian"
2.05,3.1,6.8460050512507,47.1392475123331,"Meadow","Sequanian"
2.05,3.15,6.8459964076904,47.139696037884,"Meadow","Argovian"
2.05,3.2,6.84598776398498,47.1401445633875,"Meadow","Argovian"
2.05,3.25,6.84597912013444,47.1405930888434,"Meadow","Argovian"
2.05,3.3,6.84597047613877,47.1410416142519,"Meadow","Quaternary"
2.05,3.35,6.84596183199798,47.1414901396128,"Meadow","Quaternary"
2.05,3.4,6.84595318771205,47.1419386649261,"Meadow","Argovian"
2.05,3.45,6.84594454328098,47.1423871901918,"Meadow","Argovian"
2.05,3.5,6.84593589870477,47.1428357154098,"Meadow","Argovian"
2.05,3.55,6.84592725398342,47.1432842405802,"Meadow","Argovian"
2.1,0.2,6.84716121974551,47.1132377586581,"Meadow","Portlandian"
2.1,0.25,6.84715259008405,47.1136862869647,"Meadow","Portlandian"
2.1,0.3,6.84714396027779,47.1141348152254,"Meadow","Portlandian"
2.1,0.35,6.84713533032673,47.1145833434401,"Meadow","Portlandian"
2.1,0.4,6.84712670023087,47.1150318716089,"Meadow","Kimmeridgian"
2.1,0.45,6.8471180699902,47.1154803997317,"Meadow","Kimmeridgian"
2.1,0.5,6.84710943960472,47.1159289278086,"Meadow","Kimmeridgian"
2.1,0.55,6.84710080907442,47.1163774558394,"Meadow","Kimmeridgian"
2.1,0.6,6.8470921783993,47.1168259838242,"Pasture","Kimmeridgian"
2.1,0.65,6.84708354757936,47.1172745117629,"Pasture","Kimmeridgian"
2.1,0.7,6.8470749166146,47.1177230396555,"Pasture","Sequanian"
2.1,0.75,6.847066285505,47.1181715675019,"Pasture","Sequanian"
2.1,0.8,6.84705765425056,47.1186200953022,"Pasture","Argovian"
2.1,0.85,6.84704902285129,47.1190686230563,"Meadow","Argovian"
2.1,0.9,6.84704039130717,47.1195171507642,"Meadow","Argovian"
2.1,0.95,6.8470317596182,47.1199656784259,"Meadow","Argovian"
2.1,1,6.84702312778439,47.1204142060412,"Meadow","Argovian"
2.1,1.05,6.84701449580572,47.1208627336103,"Meadow","Argovian"
2.1,1.1,6.84700586368219,47.121311261133,"Meadow","Argovian"
2.1,1.15,6.84699723141379,47.1217597886094,"Meadow","Argovian"
2.1,1.2,6.84698859900053,47.1222083160395,"Meadow","Argovian"
2.1,1.25,6.8469799664424,47.1226568434231,"Meadow","Argovian"
2.1,1.3,6.8469713337394,47.1231053707603,"Meadow","Argovian"
2.1,1.35,6.84696270089151,47.123553898051,"Meadow","Argovian"
2.1,1.4,6.84695406789874,47.1240024252952,"Meadow","Argovian"
2.1,1.45,6.84694543476109,47.1244509524929,"Pasture","Argovian"
2.1,1.5,6.84693680147854,47.1248994796441,"Pasture","Argovian"
2.1,1.55,6.8469281680511,47.1253480067487,"Pasture","Argovian"
2.1,1.6,6.84691953447876,47.1257965338067,"Pasture","Sequanian"
2.1,1.65,6.84691090076152,47.126245060818,"Pasture","Sequanian"
2.1,1.7,6.84690226689937,47.1266935877828,"Forest","Sequanian"
2.1,1.75,6.84689363289231,47.1271421147008,"Forest","Sequanian"
2.1,1.8,6.84688499874034,47.1275906415721,"Forest","Kimmeridgian"
2.1,1.85,6.84687636444344,47.1280391683967,"Meadow","Sequanian"
2.1,1.9,6.84686773000163,47.1284876951746,"Meadow","Sequanian"
2.1,1.95,6.84685909541489,47.1289362219056,"Meadow","Kimmeridgian"
2.1,2,6.84685046068322,47.1293847485898,"Meadow","Kimmeridgian"
2.1,2.05,6.84684182580661,47.1298332752272,"Meadow","Kimmeridgian"
2.1,2.1,6.84683319078507,47.1302818018177,"Meadow","Kimmeridgian"
2.1,2.15,6.84682455561858,47.1307303283613,"Meadow","Sequanian"
2.1,2.2,6.84681592030715,47.131178854858,"Meadow","Sequanian"
2.1,2.25,6.84680728485077,47.1316273813077,"Meadow","Sequanian"
2.1,2.3,6.84679864924944,47.1320759077105,"Meadow","Sequanian"
2.1,2.35,6.84679001350314,47.1325244340662,"Meadow","Sequanian"
2.1,2.4,6.84678137761189,47.1329729603749,"Meadow","Quaternary"
2.1,2.45,6.84677274157567,47.1334214866365,"Meadow","Quaternary"
2.1,2.5,6.84676410539447,47.1338700128511,"Meadow","Kimmeridgian"
2.1,2.55,6.84675546906831,47.1343185390185,"Meadow","Kimmeridgian"
2.1,2.6,6.84674683259717,47.1347670651387,"Meadow","Kimmeridgian"
2.1,2.65,6.84673819598104,47.1352155912118,"Meadow","Kimmeridgian"
2.1,2.7,6.84672955921993,47.1356641172377,"Meadow","Kimmeridgian"
2.1,2.75,6.84672092231383,47.1361126432164,"Meadow","Kimmeridgian"
2.1,2.8,6.84671228526274,47.1365611691478,"Meadow","Kimmeridgian"
2.1,2.85,6.84670364806665,47.1370096950319,"Meadow","Kimmeridgian"
2.1,2.9,6.84669501072556,47.1374582208687,"Pasture","Sequanian"
2.1,2.95,6.84668637323946,47.1379067466583,"Pasture","Sequanian"
2.1,3,6.84667773560835,47.1383552724003,"Pasture","Sequanian"
2.1,3.05,6.84666909783223,47.138803798095,"Pasture","Sequanian"
2.1,3.1,6.8466604599111,47.1392523237424,"Meadow","Sequanian"
2.1,3.15,6.84665182184494,47.1397008493422,"Meadow","Argovian"
2.1,3.2,6.84664318363375,47.1401493748946,"Meadow","Argovian"
2.1,3.25,6.84663454527754,47.1405979003995,"Meadow","Argovian"
2.1,3.3,6.84662590677629,47.1410464258569,"Meadow","Quaternary"
2.1,3.35,6.84661726813001,47.1414949512666,"Meadow","Quaternary"
2.1,3.4,6.84660862933868,47.1419434766288,"Meadow","Argovian"
2.1,3.45,6.84659999040231,47.1423920019434,"Meadow","Argovian"
2.1,3.5,6.8465913513209,47.1428405272104,"Meadow","Argovian"
2.1,3.55,6.84658271209443,47.1432890524297,"Meadow","Argovian"
2.1,3.6,6.8465740727229,47.1437375776013,"Meadow","Argovian"
2.1,4.2,6.84647038894869,47.1491198759303,"Meadow","Argovian"
2.1,4.25,6.84646174769106,47.1495684004794,"Meadow","Argovian"
2.1,4.3,6.84645310628832,47.1500169249804,"Meadow","Argovian"
2.15,0.2,6.84781631002113,47.1132425634954,"Meadow","Portlandian"
2.15,0.25,6.84780768584847,47.1136910918509,"Meadow","Portlandian"
2.15,0.3,6.8477990615311,47.1141396201603,"Meadow","Portlandian"
2.15,0.35,6.84779043706903,47.1145881484239,"Meadow","Portlandian"
2.15,0.4,6.84778181246225,47.1150366766416,"Meadow","Kimmeridgian"
2.15,0.45,6.84777318771075,47.1154852048132,"Meadow","Kimmeridgian"
2.15,0.5,6.84776456281453,47.1159337329389,"Meadow","Kimmeridgian"
2.15,0.55,6.84775593777359,47.1163822610186,"Meadow","Kimmeridgian"
2.15,0.6,6.84774731258792,47.1168307890522,"Meadow","Kimmeridgian"
2.15,0.65,6.84773868725752,47.1172793170398,"Meadow","Kimmeridgian"
2.15,0.7,6.84773006178238,47.1177278449811,"Meadow","Sequanian"
2.15,0.75,6.8477214361625,47.1181763728764,"Meadow","Argovian"
2.15,0.8,6.84771281039789,47.1186249007256,"Meadow","Argovian"
2.15,0.85,6.84770418448852,47.1190734285285,"Meadow","Argovian"
2.15,0.9,6.8476955584344,47.1195219562853,"Meadow","Argovian"
2.15,0.95,6.84768693223552,47.1199704839957,"Meadow","Argovian"
2.15,1,6.84767830589189,47.12041901166,"Meadow","Argovian"
2.15,1.05,6.8476696794035,47.1208675392779,"Meadow","Argovian"
2.15,1.1,6.84766105277033,47.1213160668495,"Meadow","Argovian"
2.15,1.15,6.8476524259924,47.1217645943747,"Meadow","Argovian"
2.15,1.2,6.84764379906969,47.1222131218536,"Pasture","Argovian"
2.15,1.25,6.8476351720022,47.1226616492861,"Pasture","Quaternary"
2.15,1.3,6.84762654478994,47.1231101766721,"Pasture","Quaternary"
2.15,1.35,6.84761791743288,47.1235587040117,"Pasture","Argovian"
2.15,1.4,6.84760928993103,47.1240072313048,"Pasture","Argovian"
2.15,1.45,6.84760066228439,47.1244557585513,"Pasture","Argovian"
2.15,1.5,6.84759203449295,47.1249042857513,"Pasture","Argovian"
2.15,1.55,6.8475834065567,47.1253528129048,"Pasture","Argovian"
2.15,1.6,6.84757477847565,47.1258013400116,"Pasture","Sequanian"
2.15,1.65,6.84756615024979,47.1262498670719,"Pasture","Sequanian"
2.15,1.7,6.84755752187911,47.1266983940854,"Pasture","Kimmeridgian"
2.15,1.75,6.84754889336362,47.1271469210523,"Pasture","Kimmeridgian"
2.15,1.8,6.84754026470331,47.1275954479725,"Pasture","Kimmeridgian"
2.15,1.85,6.84753163589816,47.1280439748459,"Meadow","Kimmeridgian"
2.15,1.9,6.84752300694819,47.1284925016727,"Meadow","Kimmeridgian"
2.15,1.95,6.84751437785338,47.1289410284525,"Meadow","Kimmeridgian"
2.15,2,6.84750574861374,47.1293895551856,"Meadow","Kimmeridgian"
2.15,2.05,6.84749711922925,47.1298380818718,"Meadow","Kimmeridgian"
2.15,2.1,6.84748848969992,47.1302866085112,"Meadow","Kimmeridgian"
2.15,2.15,6.84747986002574,47.1307351351037,"Meadow","Kimmeridgian"
2.15,2.2,6.8474712302067,47.1311836616492,"Meadow","Kimmeridgian"
2.15,2.25,6.84746260024281,47.1316321881478,"Meadow","Kimmeridgian"
2.15,2.3,6.84745397013405,47.1320807145994,"Meadow","Quaternary"
2.15,2.35,6.84744533988043,47.132529241004,"Meadow","Quaternary"
2.15,2.4,6.84743670948193,47.1329777673615,"Meadow","Quaternary"
2.15,2.45,6.84742807893857,47.1334262936721,"Meadow","Quaternary"
2.15,2.5,6.84741944825033,47.1338748199355,"Meadow","Quaternary"
2.15,2.55,6.8474108174172,47.1343233461518,"Meadow","Kimmeridgian"
2.15,2.6,6.84740218643919,47.1347718723209,"Meadow","Kimmeridgian"
2.15,2.65,6.84739355531629,47.1352203984428,"Pasture","Kimmeridgian"
2.15,2.7,6.8473849240485,47.1356689245176,"Pasture","Kimmeridgian"
2.15,2.75,6.84737629263581,47.1361174505452,"Pasture","Kimmeridgian"
2.15,2.8,6.84736766107822,47.1365659765255,"Meadow","Kimmeridgian"
2.15,2.85,6.84735902937572,47.1370145024585,"Meadow","Kimmeridgian"
2.15,2.9,6.84735039752831,47.1374630283442,"Pasture","Sequanian"
2.15,2.95,6.84734176553599,47.1379115541825,"Pasture","Sequanian"
2.15,3,6.84733313339875,47.1383600799735,"Meadow","Sequanian"
2.15,3.05,6.8473245011166,47.1388086057171,"Meadow","Sequanian"
2.15,3.1,6.84731586868951,47.1392571314133,"Meadow","Sequanian"
2.15,3.15,6.8473072361175,47.139705657062,"Meadow","Sequanian"
2.15,3.2,6.84729860340056,47.1401541826633,"Meadow","Sequanian"
2.15,3.25,6.84728997053868,47.140602708217,"Meadow","Sequanian"
2.15,3.3,6.84728133753185,47.1410512337233,"Meadow","Quaternary"
2.15,3.35,6.84727270438008,47.1414997591819,"Meadow","Quaternary"
2.15,3.4,6.84726407108337,47.141948284593,"Meadow","Quaternary"
2.15,3.45,6.8472554376417,47.1423968099565,"Meadow","Quaternary"
2.15,3.5,6.84724680405507,47.1428453352723,"Meadow","Argovian"
2.15,3.55,6.84723817032349,47.1432938605405,"Meadow","Argovian"
2.15,3.6,6.84722953644693,47.143742385761,"Meadow","Argovian"
2.15,3.65,6.84722090242541,47.1441909109338,"Meadow","Argovian"
2.15,4.2,6.84712591861964,47.1491246846767,"Meadow","Argovian"
2.15,4.25,6.84711728285819,47.1495732092747,"Meadow","Argovian"
2.15,4.3,6.84710864695172,47.1500217338246,"Meadow","Argovian"
2.2,0.2,6.84847140041448,47.1132473645961,"Meadow","Portlandian"
2.2,0.25,6.84846278173062,47.1136958930003,"Meadow","Portlandian"
2.2,0.3,6.84845416290216,47.1141444213586,"Meadow","Portlandian"
2.2,0.35,6.84844554392907,47.114592949671,"Meadow","Portlandian"
2.2,0.4,6.84843692481137,47.1150414779375,"Meadow","Kimmeridgian"
2.2,0.45,6.84842830554905,47.115490006158,"Meadow","Kimmeridgian"
2.2,0.5,6.8484196861421,47.1159385343325,"Meadow","Kimmeridgian"
2.2,0.55,6.84841106659051,47.1163870624609,"Meadow","Kimmeridgian"
2.2,0.6,6.84840244689429,47.1168355905434,"Meadow","Kimmeridgian"
2.2,0.65,6.84839382705343,47.1172841185797,"Meadow","Kimmeridgian"
2.2,0.7,6.84838520706793,47.1177326465699,"Meadow","Sequanian"
2.2,0.75,6.84837658693778,47.118181174514,"Meadow","Argovian"
2.2,0.8,6.84836796666298,47.118629702412,"Meadow","Argovian"
2.2,0.85,6.84835934624352,47.1190782302637,"Meadow","Argovian"
2.2,0.9,6.84835072567941,47.1195267580693,"Meadow","Argovian"
2.2,0.95,6.84834210497063,47.1199752858286,"Meadow","Argovian"
2.2,1,6.84833348411718,47.1204238135416,"Meadow","Argovian"
2.2,1.05,6.84832486311906,47.1208723412083,"Meadow","Argovian"
2.2,1.1,6.84831624197627,47.1213208688288,"Meadow","Argovian"
2.2,1.15,6.8483076206888,47.1217693964028,"Meadow","Argovian"
2.2,1.2,6.84829899925665,47.1222179239305,"Pasture","Argovian"
2.2,1.25,6.84829037767981,47.1226664514118,"Pasture","Quaternary"
2.2,1.3,6.84828175595828,47.1231149788466,"Pasture","Quaternary"
2.2,1.35,6.84827313409205,47.123563506235,"Pasture","Argovian"
2.2,1.4,6.84826451208113,47.1240120335769,"Pasture","Argovian"
2.2,1.45,6.8482558899255,47.1244605608723,"Pasture","Argovian"
2.2,1.5,6.84824726762517,47.1249090881212,"Pasture","Argovian"
2.2,1.55,6.84823864518013,47.1253576153235,"Pasture","Argovian"
2.2,1.6,6.84823002259037,47.1258061424791,"Pasture","Sequanian"
2.2,1.65,6.84822139985589,47.1262546695882,"Pasture","Sequanian"
2.2,1.7,6.8482127769767,47.1267031966505,"Pasture","Kimmeridgian"
2.2,1.75,6.84820415395277,47.1271517236663,"Pasture","Kimmeridgian"
2.2,1.8,6.84819553078411,47.1276002506353,"Pasture","Kimmeridgian"
2.2,1.85,6.84818690747073,47.1280487775576,"Meadow","Kimmeridgian"
2.2,1.9,6.8481782840126,47.128497304433,"Meadow","Kimmeridgian"
2.2,1.95,6.84816966040973,47.1289458312618,"Meadow","Kimmeridgian"
2.2,2,6.84816103666212,47.1293943580437,"Meadow","Kimmeridgian"
2.2,2.05,6.84815241276975,47.1298428847788,"Meadow","Kimmeridgian"
2.2,2.1,6.84814378873263,47.130291411467,"Meadow","Kimmeridgian"
2.2,2.15,6.84813516455076,47.1307399381082,"Meadow","Kimmeridgian"
2.2,2.2,6.84812654022412,47.1311884647027,"Meadow","Kimmeridgian"
2.2,2.25,6.84811791575271,47.1316369912501,"Meadow","Kimmeridgian"
2.2,2.3,6.84810929113654,47.1320855177505,"Meadow","Quaternary"
2.2,2.35,6.84810066637559,47.1325340442039,"Meadow","Quaternary"
2.2,2.4,6.84809204146987,47.1329825706103,"Meadow","Quaternary"
2.2,2.45,6.84808341641936,47.1334310969697,"Meadow","Quaternary"
2.2,2.5,6.84807479122407,47.1338796232819,"Meadow","Quaternary"
2.2,2.55,6.84806616588399,47.134328149547,"Meadow","Kimmeridgian"
2.2,2.6,6.84805754039911,47.134776675765,"Meadow","Kimmeridgian"
2.2,2.65,6.84804891476944,47.1352252019358,"Pasture","Kimmeridgian"
2.2,2.7,6.84804028899497,47.1356737280594,"Pasture","Kimmeridgian"
2.2,2.75,6.84803166307569,47.1361222541358,"Pasture","Kimmeridgian"
2.2,2.8,6.8480230370116,47.1365707801649,"Meadow","Kimmeridgian"
2.2,2.85,6.8480144108027,47.1370193061467,"Meadow","Kimmeridgian"
2.2,2.9,6.84800578444898,47.1374678320813,"Pasture","Sequanian"
2.2,2.95,6.84799715795045,47.1379163579685,"Pasture","Sequanian"
2.2,3,6.84798853130708,47.1383648838083,"Meadow","Sequanian"
2.2,3.05,6.84797990451889,47.1388134096007,"Meadow","Sequanian"
2.2,3.1,6.84797127758587,47.1392619353458,"Meadow","Sequanian"
2.2,3.15,6.847962650508,47.1397104610434,"Meadow","Sequanian"
2.2,3.2,6.8479540232853,47.1401589866935,"Meadow","Sequanian"
2.2,3.25,6.84794539591775,47.140607512296,"Meadow","Sequanian"
2.2,3.3,6.84793676840536,47.1410560378511,"Meadow","Quaternary"
2.2,3.35,6.84792814074811,47.1415045633587,"Meadow","Quaternary"
2.2,3.4,6.847919512946,47.1419530888186,"Meadow","Quaternary"
2.2,3.45,6.84791088499904,47.1424016142309,"Meadow","Quaternary"
2.2,3.5,6.84790225690721,47.1428501395956,"Meadow","Argovian"
2.2,3.55,6.84789362867051,47.1432986649126,"Meadow","Argovian"
2.2,3.6,6.84788500028894,47.143747190182,"Meadow","Argovian"
2.2,3.65,6.84787637176249,47.1441957154036,"Meadow","Argovian"
2.2,3.7,6.84786774309116,47.1446442405774,"Meadow","Argovian"
2.2,3.75,6.84785911427495,47.1450927657036,"Meadow","Argovian"
2.2,3.8,6.84785048531385,47.1455412907818,"Meadow","Argovian"
2.2,3.85,6.84784185620786,47.1459898158123,"Meadow","Argovian"
2.2,3.9,6.84783322695697,47.1464383407949,"Meadow","Argovian"
2.2,3.95,6.84782459756118,47.1468868657296,"Meadow","Argovian"
2.2,4,6.84781596802049,47.1473353906164,"Meadow","Argovian"
2.2,4.05,6.84780733833489,47.1477839154553,"Meadow","Argovian"
2.2,4.1,6.84779870850437,47.1482324402462,"Meadow","Argovian"
2.2,4.15,6.84779007852895,47.1486809649891,"Meadow","Argovian"
2.2,4.2,6.8477814484086,47.149129489684,"Meadow","Argovian"
2.2,4.25,6.84777281814333,47.1495780143308,"Meadow","Argovian"
2.2,4.3,6.84776418773313,47.1500265389296,"Meadow","Argovian"
2.25,0.25,6.84911787773042,47.1137006904132,"Meadow","Portlandian"
2.25,0.3,6.84910926439085,47.1141492188203,"Meadow","Portlandian"
2.25,0.35,6.84910065090676,47.1145977471815,"Meadow","Portlandian"
2.25,0.4,6.84909203727815,47.1150462754967,"Forest","Portlandian"
2.25,0.45,6.849083423505,47.1154948037659,"Forest","Portlandian"
2.25,0.5,6.84907480958732,47.1159433319892,"Forest","Kimmeridgian"
2.25,0.55,6.8490661955251,47.1163918601665,"Forest","Kimmeridgian"
2.25,0.6,6.84905758131833,47.1168403882977,"Meadow","Kimmeridgian"
2.25,0.65,6.84904896696702,47.1172889163828,"Meadow","Kimmeridgian"
2.25,0.7,6.84904035247115,47.1177374444218,"Meadow","Sequanian"
2.25,0.75,6.84903173783073,47.1181859724147,"Meadow","Argovian"
2.25,0.8,6.84902312304575,47.1186345003614,"Meadow","Argovian"
2.25,0.85,6.84901450811621,47.1190830282619,"Meadow","Argovian"
2.25,0.9,6.8490058930421,47.1195315561163,"Meadow","Argovian"
2.25,0.95,6.84899727782342,47.1199800839243,"Meadow","Argovian"
2.25,1,6.84898866246016,47.1204286116862,"Meadow","Argovian"
2.25,1.05,6.84898004695233,47.1208771394017,"Meadow","Argovian"
2.25,1.1,6.84897143129991,47.1213256670709,"Meadow","Argovian"
2.25,1.15,6.84896281550291,47.1217741946937,"Meadow","Argovian"
2.25,1.2,6.84895419956132,47.1222227222702,"Pasture","Argovian"
2.25,1.25,6.84894558347513,47.1226712498003,"Pasture","Argovian"
2.25,1.3,6.84893696724434,47.1231197772839,"Pasture","Argovian"
2.25,1.35,6.84892835086895,47.1235683047211,"Pasture","Quaternary"
2.25,1.4,6.84891973434895,47.1240168321118,"Pasture","Quaternary"
2.25,1.45,6.84891111768435,47.1244653594559,"Pasture","Argovian"
2.25,1.5,6.84890250087512,47.1249138867536,"Pasture","Argovian"
2.25,1.55,6.84889388392129,47.1253624140046,"Pasture","Argovian"
2.25,1.6,6.84888526682282,47.1258109412091,"Pasture","Sequanian"
2.25,1.65,6.84887664957973,47.126259468367,"Pasture","Sequanian"
2.25,1.7,6.84886803219202,47.1267079954782,"Pasture","Kimmeridgian"
2.25,1.75,6.84885941465966,47.1271565225427,"Pasture","Kimmeridgian"
2.25,1.8,6.84885079698267,47.1276050495605,"Pasture","Kimmeridgian"
2.25,1.85,6.84884217916104,47.1280535765315,"Meadow","Kimmeridgian"
2.25,1.9,6.84883356119476,47.1285021034558,"Meadow","Kimmeridgian"
2.25,1.95,6.84882494308383,47.1289506303334,"Pasture","Kimmeridgian"
2.25,2,6.84881632482825,47.1293991571641,"Pasture","Kimmeridgian"
2.25,2.05,6.84880770642801,47.129847683948,"Pasture","Kimmeridgian"
2.25,2.1,6.84879908788311,47.1302962106849,"Meadow","Kimmeridgian"
2.25,2.15,6.84879046919355,47.130744737375,"Meadow","Kimmeridgian"
2.25,2.2,6.84878185035931,47.1311932640182,"Meadow","Kimmeridgian"
2.25,2.25,6.8487732313804,47.1316417906145,"Meadow","Quaternary"
2.25,2.3,6.84876461225681,47.1320903171637,"Meadow","Quaternary"
2.25,2.35,6.84875599298854,47.1325388436659,"Meadow","Quaternary"
2.25,2.4,6.84874737357559,47.1329873701211,"Meadow","Quaternary"
2.25,2.45,6.84873875401794,47.1334358965292,"Meadow","Quaternary"
2.25,2.5,6.84873013431561,47.1338844228903,"Meadow","Quaternary"
2.25,2.55,6.84872151446857,47.1343329492042,"Meadow","Quaternary"
2.25,2.6,6.84871289447684,47.134781475471,"Meadow","Kimmeridgian"
2.25,2.65,6.8487042743404,47.1352300016906,"Pasture","Kimmeridgian"
2.25,2.7,6.84869565405925,47.135678527863,"Pasture","Kimmeridgian"
2.25,2.75,6.84868703363339,47.1361270539882,"Pasture","Kimmeridgian"
2.25,2.8,6.84867841306281,47.1365755800661,"Meadow","Kimmeridgian"
2.25,2.85,6.84866979234751,47.1370241060968,"Meadow","Kimmeridgian"
2.25,2.9,6.84866117148748,47.1374726320801,"Pasture","Sequanian"
2.25,2.95,6.84865255048273,47.1379211580161,"Pasture","Sequanian"
2.25,3,6.84864392933324,47.1383696839048,"Meadow","Sequanian"
2.25,3.05,6.84863530803902,47.138818209746,"Meadow","Sequanian"
2.25,3.1,6.84862668660006,47.1392667355399,"Meadow","Sequanian"
2.25,3.15,6.84861806501635,47.1397152612863,"Meadow","Sequanian"
2.25,3.2,6.84860944328789,47.1401637869852,"Meadow","Sequanian"
2.25,3.25,6.84860082141468,47.1406123126366,"Meadow","Sequanian"
2.25,3.3,6.84859219939671,47.1410608382405,"Meadow","Quaternary"
2.25,3.35,6.84858357723399,47.1415093637969,"Meadow","Quaternary"
2.25,3.4,6.8485749549265,47.1419578893056,"Meadow","Quaternary"
2.25,3.45,6.84856633247424,47.1424064147668,"Meadow","Quaternary"
2.25,3.5,6.84855770987721,47.1428549401803,"Meadow","Argovian"
2.25,3.55,6.8485490871354,47.1433034655461,"Meadow","Argovian"
2.25,3.6,6.84854046424881,47.1437519908643,"Meadow","Argovian"
2.25,3.65,6.84853184121744,47.1442005161347,"Meadow","Argovian"
2.25,3.7,6.84852321804128,47.1446490413574,"Meadow","Argovian"
2.25,3.75,6.84851459472033,47.1450975665323,"Meadow","Argovian"
2.25,3.8,6.84850597125458,47.1455460916594,"Meadow","Argovian"
2.25,3.85,6.84849734764404,47.1459946167387,"Meadow","Argovian"
2.25,3.9,6.84848872388869,47.1464431417701,"Meadow","Argovian"
2.25,3.95,6.84848009998853,47.1468916667537,"Meadow","Argovian"
2.25,4,6.84847147594356,47.1473401916893,"Meadow","Argovian"
2.25,4.05,6.84846285175377,47.147788716577,"Meadow","Argovian"
2.25,4.1,6.84845422741916,47.1482372414167,"Meadow","Argovian"
2.25,4.15,6.84844560293974,47.1486857662084,"Meadow","Argovian"
2.25,4.2,6.84843697831548,47.1491342909522,"Meadow","Argovian"
2.3,0.3,6.8497643659971,47.1141540125453,"Meadow","Portlandian"
2.3,0.35,6.84975575800201,47.1146025409552,"Meadow","Portlandian"
2.3,0.4,6.84974714986248,47.1150510693192,"Forest","Portlandian"
2.3,0.45,6.84973854157852,47.1154995976372,"Forest","Portlandian"
2.3,0.5,6.8497299331501,47.1159481259092,"Forest","Kimmeridgian"
2.3,0.55,6.84972132457725,47.1163966541352,"Forest","Kimmeridgian"
2.3,0.6,6.84971271585994,47.1168451823151,"Meadow","Kimmeridgian"
2.3,0.65,6.84970410699818,47.117293710449,"Meadow","Kimmeridgian"
2.3,0.7,6.84969549799195,47.1177422385367,"Forest","Sequanian"
2.3,0.75,6.84968688884126,47.1181907665784,"Forest","Sequanian"
2.3,0.8,6.84967827954611,47.1186392945738,"Meadow","Argovian"
2.3,0.85,6.84966967010649,47.1190878225232,"Meadow","Argovian"
2.3,0.9,6.84966106052239,47.1195363504262,"Meadow","Argovian"
2.3,0.95,6.84965245079381,47.1199848782831,"Meadow","Argovian"
2.3,1,6.84964384092075,47.1204334060936,"Meadow","Argovian"
2.3,1.05,6.8496352309032,47.1208819338579,"Meadow","Argovian"
2.3,1.1,6.84962662074116,47.1213304615759,"Meadow","Argovian"
2.3,1.15,6.84961801043463,47.1217789892475,"Meadow","Argovian"
2.3,1.2,6.8496093999836,47.1222275168727,"Pasture","Argovian"
2.3,1.25,6.84960078938806,47.1226760444515,"Pasture","Argovian"
2.3,1.3,6.84959217864802,47.1231245719839,"Pasture","Argovian"
2.3,1.35,6.84958356776347,47.1235730994699,"Pasture","Quaternary"
2.3,1.4,6.8495749567344,47.1240216269093,"Pasture","Quaternary"
2.3,1.45,6.84956634556082,47.1244701543022,"Pasture","Argovian"
2.3,1.5,6.84955773424271,47.1249186816486,"Pasture","Argovian"
2.3,1.55,6.84954912278008,47.1253672089484,"Pasture","Argovian"
2.3,1.6,6.84954051117292,47.1258157362017,"Pasture","Sequanian"
2.3,1.65,6.84953189942122,47.1262642634083,"Pasture","Sequanian"
2.3,1.7,6.84952328752499,47.1267127905682,"Pasture","Kimmeridgian"
2.3,1.75,6.84951467548421,47.1271613176815,"Pasture","Kimmeridgian"
2.3,1.8,6.84950606329889,47.127609844748,"Pasture","Kimmeridgian"
2.3,1.85,6.84949745096902,47.1280583717679,"Meadow","Kimmeridgian"
2.3,1.9,6.84948883849459,47.128506898741,"Meadow","Kimmeridgian"
2.3,1.95,6.84948022587561,47.1289554256673,"Pasture","Kimmeridgian"
2.3,2,6.84947161311206,47.1294039525467,"Pasture","Kimmeridgian"
2.3,2.05,6.84946300020395,47.1298524793794,"Pasture","Kimmeridgian"
2.3,2.1,6.84945438715127,47.1303010061651,"Meadow","Quaternary"
2.3,2.15,6.84944577395402,47.130749532904,"Meadow","Quaternary"
2.3,2.2,6.84943716061219,47.1311980595959,"Meadow","Quaternary"
2.3,2.25,6.84942854712577,47.1316465862409,"Meadow","Quaternary"
2.3,2.3,6.84941993349478,47.132095112839,"Meadow","Quaternary"
2.3,2.35,6.84941131971919,47.1325436393899,"Meadow","Quaternary"
2.3,2.4,6.84940270579901,47.1329921658939,"Meadow","Quaternary"
2.3,2.45,6.84939409173423,47.1334406923508,"Meadow","Quaternary"
2.3,2.5,6.84938547752485,47.1338892187606,"Meadow","Quaternary"
2.3,2.55,6.84937686317087,47.1343377451233,"Meadow","Quaternary"
2.3,2.6,6.84936824867228,47.1347862714389,"Pasture","Kimmeridgian"
2.3,2.65,6.84935963402907,47.1352347977073,"Pasture","Kimmeridgian"
2.3,2.7,6.84935101924125,47.1356833239285,"Pasture","Kimmeridgian"
2.3,2.75,6.84934240430881,47.1361318501025,"Pasture","Kimmeridgian"
2.3,2.8,6.84933378923174,47.1365803762292,"Pasture","Kimmeridgian"
2.3,2.85,6.84932517401004,47.1370289023086,"Pasture","Kimmeridgian"
2.3,2.9,6.84931655864371,47.1374774283407,"Meadow","Sequanian"
2.3,2.95,6.84930794313275,47.1379259543255,"Meadow","Sequanian"
2.3,3,6.84929932747714,47.1383744802629,"Meadow","Sequanian"
2.3,3.05,6.84929071167689,47.138823006153,"Meadow","Sequanian"
2.3,3.1,6.84928209573199,47.1392715319956,"Meadow","Sequanian"
2.3,3.15,6.84927347964244,47.1397200577908,"Meadow","Sequanian"
2.3,3.2,6.84926486340823,47.1401685835385,"Meadow","Sequanian"
2.3,3.25,6.84925624702937,47.1406171092387,"Meadow","Sequanian"
2.3,3.3,6.84924763050584,47.1410656348914,"Meadow","Quaternary"
2.3,3.35,6.84923901383763,47.1415141604965,"Meadow","Quaternary"
2.3,3.4,6.84923039702476,47.141962686054,"Meadow","Quaternary"
2.3,3.45,6.84922178006721,47.1424112115639,"Meadow","Quaternary"
2.3,3.5,6.84921316296499,47.1428597370263,"Meadow","Argovian"
2.3,3.55,6.84920454571807,47.1433082624409,"Meadow","Argovian"
2.3,3.6,6.84919592832647,47.1437567878079,"Meadow","Argovian"
2.3,3.65,6.84918731079018,47.144205313127,"Meadow","Argovian"
2.3,3.7,6.84917869310919,47.1446538383985,"Meadow","Argovian"
2.3,3.75,6.8491700752835,47.1451023636223,"Meadow","Argovian"
2.3,3.8,6.84916145731311,47.1455508887982,"Meadow","Argovian"
2.3,3.85,6.84915283919802,47.1459994139262,"Meadow","Argovian"
2.3,3.9,6.8491442209382,47.1464479390064,"Meadow","Argovian"
2.3,3.95,6.84913560253368,47.1468964640388,"Meadow","Argovian"
2.3,4,6.84912698398443,47.1473449890232,"Meadow","Argovian"
2.3,4.05,6.84911836529047,47.1477935139597,"Meadow","Argovian"
2.3,4.1,6.84910974645177,47.1482420388482,"Meadow","Argovian"
2.3,4.15,6.84910112746834,47.1486905636887,"Meadow","Argovian"
2.3,4.2,6.84909250834018,47.1491390884813,"Meadow","Argovian"
2.35,0.35,6.85041086521472,47.1146073309922,"Meadow","Portlandian"
2.35,0.4,6.85040226256429,47.1150558594049,"Forest","Portlandian"
2.35,0.45,6.8503936597695,47.1155043877716,"Forest","Portlandian"
2.35,0.5,6.85038505683037,47.1159529160924,"Forest","Kimmeridgian"
2.35,0.55,6.85037645374688,47.1164014443671,"Forest","Kimmeridgian"
2.35,0.6,6.85036785051904,47.1168499725957,"Meadow","Kimmeridgian"
2.35,0.65,6.85035924714682,47.1172985007783,"Meadow","Kimmeridgian"
2.35,0.7,6.85035064363024,47.1177470289148,"Forest","Sequanian"
2.35,0.75,6.85034203996929,47.1181955570052,"Forest","Sequanian"
2.35,0.8,6.85033343616397,47.1186440850494,"Meadow","Argovian"
2.35,0.85,6.85032483221427,47.1190926130473,"Meadow","Argovian"
2.35,0.9,6.85031622812018,47.1195411409991,"Meadow","Argovian"
2.35,0.95,6.85030762388171,47.1199896689047,"Meadow","Argovian"
2.35,1,6.85029901949884,47.120438196764,"Meadow","Argovian"
2.35,1.05,6.85029041497158,47.120886724577,"Meadow","Argovian"
2.35,1.1,6.85028181029993,47.1213352523436,"Meadow","Argovian"
2.35,1.15,6.85027320548387,47.121783780064,"Meadow","Argovian"
2.35,1.2,6.8502646005234,47.122232307738,"Pasture","Argovian"
2.35,1.25,6.85025599541853,47.1226808353655,"Pasture","Argovian"
2.35,1.3,6.85024739016924,47.1231293629466,"Pasture","Argovian"
2.35,1.35,6.85023878477553,47.1235778904813,"Pasture","Quaternary"
2.35,1.4,6.85023017923739,47.1240264179694,"Pasture","Quaternary"
2.35,1.45,6.85022157355484,47.1244749454111,"Pasture","Argovian"
2.35,1.5,6.85021296772785,47.1249234728062,"Pasture","Argovian"
2.35,1.55,6.85020436175643,47.1253720001548,"Pasture","Argovian"
2.35,1.6,6.85019575564057,47.1258205274567,"Pasture","Sequanian"
2.35,1.65,6.85018714938027,47.126269054712,"Pasture","Sequanian"
2.35,1.7,6.85017854297552,47.1267175819207,"Pasture","Kimmeridgian"
2.35,1.75,6.85016993642632,47.1271661090828,"Pasture","Kimmeridgian"
2.35,1.8,6.85016132973267,47.1276146361981,"Pasture","Kimmeridgian"
2.35,1.85,6.85015272289456,47.1280631632666,"Meadow","Kimmeridgian"
2.35,1.9,6.85014411591199,47.1285116902884,"Meadow","Kimmeridgian"
2.35,1.95,6.85013550878496,47.1289602172634,"Pasture","Kimmeridgian"
2.35,2,6.85012690151345,47.1294087441917,"Pasture","Kimmeridgian"
2.35,2.05,6.85011829409747,47.129857271073,"Pasture","Kimmeridgian"
2.35,2.1,6.85010968653702,47.1303057979076,"Meadow","Quaternary"
2.35,2.15,6.85010107883208,47.1307543246952,"Meadow","Quaternary"
2.35,2.2,6.85009247098266,47.1312028514358,"Meadow","Quaternary"
2.35,2.25,6.85008386298875,47.1316513781296,"Meadow","Quaternary"
2.35,2.3,6.85007525485034,47.1320999047763,"Meadow","Quaternary"
2.35,2.35,6.85006664656744,47.1325484313761,"Meadow","Quaternary"
2.35,2.4,6.85005803814004,47.1329969579288,"Meadow","Quaternary"
2.35,2.45,6.85004942956813,47.1334454844344,"Meadow","Quaternary"
2.35,2.5,6.85004082085171,47.133894010893,"Meadow","Quaternary"
2.35,2.55,6.85003221199078,47.1343425373044,"Meadow","Quaternary"
2.35,2.6,6.85002360298534,47.1347910636687,"Pasture","Kimmeridgian"
2.35,2.65,6.85001499383537,47.1352395899858,"Pasture","Kimmeridgian"
2.35,2.7,6.85000638454088,47.1356881162558,"Pasture","Kimmeridgian"
2.35,2.75,6.84999777510186,47.1361366424785,"Pasture","Kimmeridgian"
2.35,2.8,6.84998916551831,47.136585168654,"Pasture","Kimmeridgian"
2.35,2.85,6.84998055579022,47.1370336947822,"Pasture","Kimmeridgian"
2.35,2.9,6.84997194591759,47.137482220863,"Meadow","Sequanian"
2.35,2.95,6.84996333590041,47.1379307468966,"Meadow","Sequanian"
2.35,3,6.84995472573869,47.1383792728828,"Meadow","Sequanian"
2.35,3.05,6.84994611543242,47.1388277988216,"Meadow","Sequanian"
2.35,3.1,6.84993750498159,47.1392763247129,"Meadow","Sequanian"
2.35,3.15,6.8499288943862,47.1397248505568,"Meadow","Sequanian"
2.35,3.2,6.84992028364624,47.1401733763533,"Meadow","Sequanian"
2.35,3.25,6.84991167276172,47.1406219021023,"Meadow","Sequanian"
2.35,3.3,6.84990306173262,47.1410704278037,"Meadow","Quaternary"
2.35,3.35,6.84989445055895,47.1415189534576,"Meadow","Quaternary"
2.35,3.4,6.8498858392407,47.1419674790639,"Meadow","Quaternary"
2.35,3.45,6.84987722777787,47.1424160046225,"Meadow","Quaternary"
2.35,3.5,6.84986861617045,47.1428645301336,"Meadow","Argovian"
2.35,3.55,6.84986000441843,47.143313055597,"Meadow","Argovian"
2.35,3.6,6.84985139252182,47.1437615810127,"Meadow","Argovian"
2.35,3.65,6.84984278048062,47.1442101063807,"Meadow","Argovian"
2.35,3.7,6.8498341682948,47.1446586317009,"Meadow","Argovian"
2.35,3.75,6.84982555596438,47.1451071569734,"Meadow","Argovian"
2.35,3.8,6.84981694348935,47.1455556821981,"Meadow","Argovian"
2.35,3.85,6.8498083308697,47.1460042073749,"Meadow","Argovian"
2.35,3.9,6.84979971810544,47.1464527325039,"Meadow","Argovian"
2.35,3.95,6.84979110519655,47.146901257585,"Meadow","Argovian"
2.35,4,6.84978249214303,47.1473497826182,"Meadow","Argovian"
2.35,4.05,6.84977387894489,47.1477983076034,"Meadow","Argovian"
2.35,4.1,6.8497652656021,47.1482468325407,"Meadow","Argovian"
2.35,4.15,6.84975665211468,47.14869535743,"Meadow","Argovian"
2.35,4.2,6.84974803848262,47.1491438822713,"Meadow","Argovian"
2.4,0.4,6.85105737538347,47.115060645754,"Forest","Portlandian"
2.4,0.45,6.85104877807787,47.1155091741694,"Forest","Portlandian"
2.4,0.5,6.85104018062802,47.1159577025388,"Forest","Portlandian"
2.4,0.55,6.8510315830339,47.1164062308622,"Forest","Portlandian"
2.4,0.6,6.85102298529552,47.1168547591395,"Forest","Sequanian"
2.4,0.65,6.85101438741286,47.1173032873708,"Forest","Sequanian"
2.4,0.7,6.85100578938593,47.1177518155559,"Forest","Sequanian"
2.4,0.75,6.85099719121472,47.118200343695,"Meadow","Sequanian"
2.4,0.8,6.85098859289923,47.1186488717878,"Meadow","Sequanian"
2.4,0.85,6.85097999443945,47.1190973998345,"Meadow","Argovian"
2.4,0.9,6.85097139583538,47.119545927835,"Meadow","Argovian"
2.4,0.95,6.85096279708702,47.1199944557893,"Meadow","Argovian"
2.4,1,6.85095419819436,47.1204429836972,"Meadow","Argovian"
2.4,1.05,6.85094559915739,47.120891511559,"Meadow","Argovian"
2.4,1.1,6.85093699997612,47.1213400393743,"Meadow","Argovian"
2.4,1.15,6.85092840065054,47.1217885671433,"Meadow","Argovian"
2.4,1.2,6.85091980118064,47.122237094866,"Pasture","Argovian"
2.4,1.25,6.85091120156642,47.1226856225422,"Meadow","Argovian"
2.4,1.3,6.85090260180789,47.123134150172,"Meadow","Argovian"
2.4,1.35,6.85089400190502,47.1235826777554,"Meadow","Quaternary"
2.4,1.4,6.85088540185783,47.1240312052923,"Meadow","Quaternary"
2.4,1.45,6.8508768016663,47.1244797327826,"Pasture","Sequanian"
2.4,1.5,6.85086820133044,47.1249282602264,"Pasture","Sequanian"
2.4,1.55,6.85085960085023,47.1253767876237,"Pasture","Sequanian"
2.4,1.6,6.85085100022568,47.1258253149743,"Meadow","Sequanian"
2.4,1.65,6.85084239945678,47.1262738422784,"Meadow","Sequanian"
2.4,1.7,6.85083379854352,47.1267223695357,"Pasture","Sequanian"
2.4,1.75,6.8508251974859,47.1271708967464,"Pasture","Sequanian"
2.4,1.8,6.85081659628393,47.1276194239105,"Pasture","Kimmeridgian"
2.4,1.85,6.85080799493759,47.1280679510277,"Pasture","Kimmeridgian"
2.4,1.9,6.85079939344687,47.1285164780983,"Pasture","Kimmeridgian"
2.4,1.95,6.85079079181179,47.128965005122,"Pasture","Kimmeridgian"
2.4,2,6.85078219003233,47.1294135320989,"Pasture","Kimmeridgian"
2.4,2.05,6.85077358810849,47.129862059029,"Pasture","Kimmeridgian"
2.4,2.1,6.85076498604026,47.1303105859122,"Pasture","Quaternary"
2.4,2.15,6.85075638382764,47.1307591127485,"Pasture","Quaternary"
2.4,2.2,6.85074778147063,47.1312076395379,"Pasture","Quaternary"
2.4,2.25,6.85073917896923,47.1316561662803,"Meadow","Quaternary"
2.4,2.3,6.85073057632342,47.1321046929758,"Meadow","Quaternary"
2.4,2.35,6.85072197353321,47.1325532196242,"Meadow","Quaternary"
2.4,2.4,6.85071337059858,47.1330017462256,"Meadow","Quaternary"
2.4,2.45,6.85070476751955,47.13345027278,"Meadow","Quaternary"
2.4,2.5,6.8506961642961,47.1338987992873,"Meadow","Kimmeridgian"
2.4,2.55,6.85068756092822,47.1343473257474,"Pasture","Kimmeridgian"
2.4,2.6,6.85067895741593,47.1347958521605,"Pasture","Kimmeridgian"
2.4,2.65,6.8506703537592,47.1352443785263,"Pasture","Kimmeridgian"
2.4,2.7,6.85066174995805,47.135692904845,"Pasture","Kimmeridgian"
2.4,2.75,6.85065314601245,47.1361414311164,"Pasture","Kimmeridgian"
2.4,2.8,6.85064454192242,47.1365899573406,"Pasture","Kimmeridgian"
2.4,2.85,6.85063593768794,47.1370384835175,"Pasture","Kimmeridgian"
2.4,2.9,6.85062733330901,47.1374870096471,"Meadow","Kimmeridgian"
2.4,2.95,6.85061872878563,47.1379355357293,"Meadow","Kimmeridgian"
2.4,3,6.8506101241178,47.1383840617642,"Meadow","Sequanian"
2.4,3.05,6.8506015193055,47.1388325877517,"Meadow","Sequanian"
2.4,3.1,6.85059291434875,47.1392811136918,"Meadow","Sequanian"
2.4,3.15,6.85058430924752,47.1397296395844,"Meadow","Sequanian"
2.4,3.2,6.85057570400182,47.1401781654296,"Meadow","Sequanian"
2.4,3.25,6.85056709861165,47.1406266912273,"Meadow","Sequanian"
2.4,3.3,6.85055849307699,47.1410752169775,"Meadow","Sequanian"
2.4,3.35,6.85054988739785,47.1415237426801,"Meadow","Sequanian"
2.4,3.4,6.85054128157423,47.1419722683351,"Meadow","Quaternary"
2.4,3.45,6.85053267560611,47.1424207939425,"Meadow","Quaternary"
2.4,3.5,6.8505240694935,47.1428693195023,"Tillage","Quaternary"
2.4,3.55,6.85051546323639,47.1433178450144,"Tillage","Quaternary"
2.4,3.6,6.85050685683477,47.1437663704789,"Meadow","Argovian"
2.4,3.65,6.85049825028865,47.1442148958956,"Meadow","Argovian"
2.4,3.7,6.85048964359802,47.1446634212646,"Meadow","Argovian"
2.4,3.75,6.85048103676287,47.1451119465857,"Meadow","Argovian"
2.4,3.8,6.8504724297832,47.1455604718591,"Meadow","Argovian"
2.4,3.85,6.85046382265901,47.1460089970847,"Meadow","Argovian"
2.4,3.9,6.85045521539029,47.1464575222624,"Meadow","Argovian"
2.4,3.95,6.85044660797704,47.1469060473923,"Meadow","Argovian"
2.4,4,6.85043800041926,47.1473545724742,"Meadow","Argovian"
2.4,4.05,6.85042939271694,47.1478030975082,"Meadow","Argovian"
2.4,4.1,6.85042078487007,47.1482516224942,"Meadow","Argovian"
2.4,4.15,6.85041217687866,47.1487001474323,"Meadow","Argovian"
2.4,4.2,6.85040356874269,47.1491486723223,"Meadow","Argovian"
2.45,0.45,6.85170389650353,47.1155139568303,"Forest","Portlandian"
2.45,0.5,6.85169530454296,47.1159624852484,"Forest","Portlandian"
2.45,0.55,6.85168671243822,47.1164110136204,"Forest","Portlandian"
2.45,0.6,6.8516781201893,47.1168595419464,"Forest","Sequanian"
2.45,0.65,6.85166952779621,47.1173080702263,"Forest","Sequanian"
2.45,0.7,6.85166093525893,47.1177565984602,"Forest","Sequanian"
2.45,0.75,6.85165234257746,47.1182051266479,"Meadow","Sequanian"
2.45,0.8,6.85164374975181,47.1186536547894,"Meadow","Sequanian"
2.45,0.85,6.85163515678196,47.1191021828848,"Meadow","Argovian"
2.45,0.9,6.85162656366791,47.1195507109339,"Meadow","Argovian"
2.45,0.95,6.85161797040965,47.1199992389368,"Meadow","Argovian"
2.45,1,6.8516093770072,47.1204477668934,"Meadow","Argovian"
2.45,1.05,6.85160078346053,47.1208962948038,"Meadow","Argovian"
2.45,1.1,6.85159218976964,47.1213448226678,"Meadow","Argovian"
2.45,1.15,6.85158359593454,47.1217933504855,"Meadow","Argovian"
2.45,1.2,6.85157500195522,47.1222418782568,"Forest","Argovian"
2.45,1.25,6.85156640783167,47.1226904059817,"Meadow","Argovian"
2.45,1.3,6.85155781356389,47.1231389336602,"Meadow","Argovian"
2.45,1.35,6.85154921915187,47.1235874612922,"Meadow","Quaternary"
2.45,1.4,6.85154062459562,47.1240359888777,"Meadow","Quaternary"
2.45,1.45,6.85153202989513,47.1244845164167,"Tillage","Argovian"
2.45,1.5,6.85152343505039,47.1249330439092,"Tillage","Argovian"
2.45,1.55,6.8515148400614,47.1253815713551,"Tillage","Argovian"
2.45,1.6,6.85150624492815,47.1258300987544,"Meadow","Sequanian"
2.45,1.65,6.85149764965065,47.1262786261072,"Meadow","Sequanian"
2.45,1.7,6.85148905422889,47.1267271534132,"Pasture","Sequanian"
2.45,1.75,6.85148045866286,47.1271756806726,"Pasture","Sequanian"
2.45,1.8,6.85147186295256,47.1276242078853,"Pasture","Kimmeridgian"
2.45,1.85,6.851463267098,47.1280727350512,"Pasture","Kimmeridgian"
2.45,1.9,6.85145467109915,47.1285212621704,"Pasture","Kimmeridgian"
2.45,1.95,6.85144607495602,47.1289697892428,"Meadow","Kimmeridgian"
2.45,2,6.8514374786686,47.1294183162684,"Meadow","Kimmeridgian"
2.45,2.05,6.8514288822369,47.1298668432472,"Meadow","Kimmeridgian"
2.45,2.1,6.8514202856609,47.130315370179,"Meadow","Kimmeridgian"
2.45,2.15,6.85141168894061,47.130763897064,"Meadow","Quaternary"
2.45,2.2,6.85140309207602,47.1312124239021,"Meadow","Quaternary"
2.45,2.25,6.85139449506712,47.1316609506932,"Meadow","Quaternary"
2.45,2.3,6.85138589791391,47.1321094774373,"Meadow","Quaternary"
2.45,2.35,6.85137730061639,47.1325580041345,"Meadow","Quaternary"
2.45,2.4,6.85136870317455,47.1330065307846,"Meadow","Quaternary"
2.45,2.45,6.85136010558839,47.1334550573876,"Meadow","Quaternary"
2.45,2.5,6.85135150785791,47.1339035839435,"Meadow","Quaternary"
2.45,2.55,6.8513429099831,47.1343521104524,"Meadow","Quaternary"
2.45,2.6,6.85133431196396,47.1348006369141,"Pasture","Kimmeridgian"
2.45,2.65,6.85132571380048,47.1352491633286,"Pasture","Kimmeridgian"
2.45,2.7,6.85131711549266,47.135697689696,"Pasture","Kimmeridgian"
2.45,2.75,6.85130851704049,47.1361462160161,"Pasture","Kimmeridgian"
2.45,2.8,6.85129991844398,47.136594742289,"Pasture","Kimmeridgian"
2.45,2.85,6.85129131970312,47.1370432685145,"Pasture","Kimmeridgian"
2.45,2.9,6.8512827208179,47.1374917946928,"Meadow","Kimmeridgian"
2.45,2.95,6.85127412178832,47.1379403208238,"Meadow","Kimmeridgian"
2.45,3,6.85126552261438,47.1383888469074,"Meadow","Kimmeridgian"
2.45,3.05,6.85125692329606,47.1388373729435,"Meadow","Kimmeridgian"
2.45,3.1,6.85124832383338,47.1392858989323,"Meadow","Sequanian"
2.45,3.15,6.85123972422632,47.1397344248737,"Meadow","Sequanian"
2.45,3.2,6.85123112447488,47.1401829507676,"Meadow","Sequanian"
2.45,3.25,6.85122252457906,47.1406314766139,"Meadow","Sequanian"
2.45,3.3,6.85121392453885,47.1410800024128,"Meadow","Sequanian"
2.45,3.35,6.85120532435425,47.1415285281641,"Meadow","Sequanian"
2.45,3.4,6.85119672402525,47.1419770538678,"Meadow","Sequanian"
2.45,3.45,6.85118812355186,47.1424255795239,"Meadow","Sequanian"
2.45,3.5,6.85117952293406,47.1428741051324,"Tillage","Quaternary"
2.45,3.55,6.85117092217185,47.1433226306932,"Meadow","Quaternary"
2.45,3.6,6.85116232126523,47.1437711562063,"Meadow","Quaternary"
2.45,3.65,6.8511537202142,47.1442196816717,"Meadow","Argovian"
2.45,3.7,6.85114511901875,47.1446682070894,"Meadow","Argovian"
2.45,3.75,6.85113651767887,47.1451167324593,"Meadow","Argovian"
2.45,3.8,6.85112791619457,47.1455652577814,"Meadow","Argovian"
2.45,3.85,6.85111931456584,47.1460137830556,"Meadow","Argovian"
2.45,3.9,6.85111071279267,47.146462308282,"Meadow","Argovian"
2.45,3.95,6.85110211087507,47.1469108334606,"Meadow","Argovian"
2.45,4,6.85109350881302,47.1473593585912,"Meadow","Argovian"
2.45,4.05,6.85108490660652,47.1478078836739,"Meadow","Argovian"
2.45,4.1,6.85107630425558,47.1482564087086,"Meadow","Argovian"
2.45,4.15,6.85106770176018,47.1487049336954,"Meadow","Argovian"
2.45,4.2,6.85105909912032,47.1491534586341,"Meadow","Argovian"
2.5,0.5,6.8523504285751,47.1159672642212,"Forest","Portlandian"
2.5,0.55,6.85234184195974,47.1164157926419,"Forest","Portlandian"
2.5,0.6,6.85233325520029,47.1168643210165,"Forest","Sequanian"
2.5,0.65,6.85232466829676,47.117312849345,"Forest","Sequanian"
2.5,0.7,6.85231608124914,47.1177613776275,"Meadow","Sequanian"
2.5,0.75,6.85230749405742,47.1182099058638,"Meadow","Sequanian"
2.5,0.8,6.8522989067216,47.118658434054,"Meadow","Sequanian"
2.5,0.85,6.85229031924168,47.1191069621979,"Meadow","Sequanian"
2.5,0.9,6.85228173161766,47.1195554902957,"Meadow","Sequanian"
2.5,0.95,6.85227314384952,47.1200040183472,"Meadow","Sequanian"
2.5,1,6.85226455593727,47.1204525463525,"Meadow","Argovian"
2.5,1.05,6.8522559678809,47.1209010743115,"Meadow","Argovian"
2.5,1.1,6.85224737968041,47.1213496022241,"Meadow","Argovian"
2.5,1.15,6.85223879133579,47.1217981300905,"Meadow","Argovian"
2.5,1.2,6.85223020284705,47.1222466579104,"Forest","Argovian"
2.5,1.25,6.85222161421416,47.1226951856839,"Forest","Argovian"
2.5,1.3,6.85221302543714,47.123143713411,"Tillage","Quaternary"
2.5,1.35,6.85220443651598,47.1235922410917,"Meadow","Argovian"
2.5,1.4,6.85219584745068,47.1240407687258,"Meadow","Argovian"
2.5,1.45,6.85218725824122,47.1244892963135,"Tillage","Argovian"
2.5,1.5,6.85217866888761,47.1249378238546,"Tillage","Argovian"
2.5,1.55,6.85217007938984,47.1253863513492,"Tillage","Argovian"
2.5,1.6,6.85216148974791,47.1258348787971,"Meadow","Sequanian"
2.5,1.65,6.85215289996181,47.1262834061985,"Meadow","Sequanian"
2.5,1.7,6.85214431003155,47.1267319335532,"Pasture","Sequanian"
2.5,1.75,6.85213571995711,47.1271804608612,"Pasture","Sequanian"
2.5,1.8,6.8521271297385,47.1276289881225,"Pasture","Kimmeridgian"
2.5,1.85,6.8521185393757,47.1280775153371,"Pasture","Kimmeridgian"
2.5,1.9,6.85210994886872,47.1285260425049,"Pasture","Kimmeridgian"
2.5,1.95,6.85210135821755,47.1289745696259,"Meadow","Kimmeridgian"
2.5,2,6.85209276742218,47.1294230967002,"Meadow","Kimmeridgian"
2.5,2.05,6.85208417648262,47.1298716237276,"Meadow","Kimmeridgian"
2.5,2.1,6.85207558539886,47.1303201507081,"Meadow","Kimmeridgian"
2.5,2.15,6.85206699417089,47.1307686776417,"Meadow","Quaternary"
2.5,2.2,6.85205840279872,47.1312172045284,"Meadow","Quaternary"
2.5,2.25,6.85204981128233,47.1316657313682,"Meadow","Quaternary"
2.5,2.3,6.85204121962173,47.132114258161,"Pasture","Kimmeridgian"
2.5,2.35,6.8520326278169,47.1325627849068,"Pasture","Kimmeridgian"
2.5,2.4,6.85202403586785,47.1330113116055,"Meadow","Kimmeridgian"
2.5,2.45,6.85201544377457,47.1334598382572,"Meadow","Quaternary"
2.5,2.5,6.85200685153707,47.1339083648618,"Meadow","Quaternary"
2.5,2.55,6.85199825915532,47.1343568914193,"Meadow","Quaternary"
2.5,2.6,6.85198966662933,47.1348054179296,"Meadow","Kimmeridgian"
2.5,2.65,6.8519810739591,47.1352539443929,"Pasture","Kimmeridgian"
2.5,2.7,6.85197248114462,47.1357024708088,"Pasture","Kimmeridgian"
2.5,2.75,6.85196388818589,47.1361509971776,"Pasture","Kimmeridgian"
2.5,2.8,6.85195529508291,47.1365995234991,"Pasture","Kimmeridgian"
2.5,2.85,6.85194670183566,47.1370480497733,"Pasture","Kimmeridgian"
2.5,2.9,6.85193810844415,47.1374965760003,"Meadow","Quaternary"
2.5,2.95,6.85192951490837,47.1379451021799,"Meadow","Quaternary"
2.5,3,6.85192092122832,47.1383936283122,"Meadow","Kimmeridgian"
2.5,3.05,6.851912327404,47.138842154397,"Meadow","Kimmeridgian"
2.5,3.1,6.85190373343539,47.1392906804345,"Meadow","Sequanian"
2.5,3.15,6.8518951393225,47.1397392064244,"Meadow","Sequanian"
2.5,3.2,6.85188654506533,47.140187732367,"Meadow","Sequanian"
2.5,3.25,6.85187795066386,47.140636258262,"Meadow","Sequanian"
2.5,3.3,6.8518693561181,47.1410847841095,"Meadow","Sequanian"
2.5,3.35,6.85186076142804,47.1415333099095,"Meadow","Sequanian"
2.5,3.4,6.85185216659368,47.1419818356619,"Meadow","Sequanian"
2.5,3.45,6.851843571615,47.1424303613666,"Meadow","Sequanian"
2.5,3.5,6.85183497649202,47.1428788870237,"Meadow","Quaternary"
2.5,3.55,6.85182638122472,47.1433274126332,"Meadow","Quaternary"
2.5,3.6,6.85181778581311,47.143775938195,"Meadow","Quaternary"
2.5,3.65,6.85180919025717,47.1442244637091,"Meadow","Argovian"
2.5,3.7,6.8518005945569,47.1446729891755,"Meadow","Argovian"
2.5,3.75,6.8517919987123,47.145121514594,"Meadow","Argovian"
2.5,3.8,6.85178340272337,47.1455700399648,"Meadow","Argovian"
2.5,3.85,6.8517748065901,47.1460185652877,"Meadow","Argovian"
2.5,3.9,6.85176621031249,47.1464670905628,"Meadow","Argovian"
2.5,3.95,6.85175761389053,47.14691561579,"Meadow","Argovian"
2.5,4,6.85174901732422,47.1473641409693,"Meadow","Argovian"
2.5,4.05,6.85174042061356,47.1478126661007,"Meadow","Argovian"
2.5,4.1,6.85173182375854,47.1482611911841,"Meadow","Argovian"
2.5,4.15,6.85172322675915,47.1487097162195,"Meadow","Argovian"
2.5,4.2,6.8517146296154,47.1491582412069,"Meadow","Argovian"
2.55,0.5,6.85300555272435,47.1159720394572,"Forest","Portlandian"
2.55,0.55,6.85299697159837,47.1164205679265,"Forest","Portlandian"
2.55,0.6,6.8529883903284,47.1168690963497,"Forest","Kimmeridgian"
2.55,0.65,6.85297980891443,47.1173176247268,"Forest","Kimmeridgian"
2.55,0.7,6.85297122735647,47.1177661530579,"Meadow","Sequanian"
2.55,0.75,6.8529626456545,47.1182146813428,"Meadow","Sequanian"
2.55,0.8,6.85295406380853,47.1186632095815,"Meadow","Sequanian"
2.55,0.85,6.85294548181855,47.1191117377741,"Meadow","Sequanian"
2.55,0.9,6.85293689968454,47.1195602659205,"Meadow","Sequanian"
2.55,0.95,6.85292831740653,47.1200087940206,"Meadow","Argovian"
2.55,1,6.85291973498449,47.1204573220745,"Meadow","Argovian"
2.55,1.05,6.85291115241842,47.120905850082,"Meadow","Argovian"
2.55,1.1,6.85290256970833,47.1213543780433,"Forest","Argovian"
2.55,1.15,6.8528939868542,47.1218029059582,"Forest","Argovian"
2.55,1.2,6.85288540385603,47.1222514338267,"Forest","Quaternary"
2.55,1.25,6.85287682071382,47.1226999616489,"Forest","Quaternary"
2.55,1.3,6.85286823742756,47.1231484894246,"Pasture","Argovian"
2.55,1.35,6.85285965399726,47.1235970171538,"Pasture","Argovian"
2.55,1.4,6.8528510704229,47.1240455448366,"Pasture","Argovian"
2.55,1.45,6.85284248670449,47.1244940724729,"Pasture","Argovian"
2.55,1.5,6.85283390284201,47.1249426000626,"Pasture","Argovian"
2.55,1.55,6.85282531883546,47.1253911276058,"Pasture","Argovian"
2.55,1.6,6.85281673468485,47.1258396551023,"Meadow","Sequanian"
2.55,1.65,6.85280815039016,47.1262881825522,"Meadow","Sequanian"
2.55,1.7,6.8527995659514,47.1267367099556,"Pasture","Sequanian"
2.55,1.75,6.85279098136855,47.1271852373122,"Pasture","Sequanian"
2.55,1.8,6.85278239664162,47.1276337646221,"Pasture","Kimmeridgian"
2.55,1.85,6.85277381177061,47.1280822918853,"Pasture","Kimmeridgian"
2.55,1.9,6.85276522675549,47.1285308191018,"Pasture","Kimmeridgian"
2.55,1.95,6.85275664159628,47.1289793462714,"Meadow","Kimmeridgian"
2.55,2,6.85274805629298,47.1294278733942,"Meadow","Kimmeridgian"
2.55,2.05,6.85273947084556,47.1298764004703,"Meadow","Kimmeridgian"
2.55,2.1,6.85273088525404,47.1303249274994,"Meadow","Kimmeridgian"
2.55,2.15,6.8527222995184,47.1307734544816,"Meadow","Quaternary"
2.55,2.2,6.85271371363865,47.131221981417,"Meadow","Quaternary"
2.55,2.25,6.85270512761478,47.1316705083053,"Meadow","Quaternary"
2.55,2.3,6.85269654144678,47.1321190351467,"Pasture","Kimmeridgian"
2.55,2.35,6.85268795513465,47.1325675619411,"Pasture","Kimmeridgian"
2.55,2.4,6.8526793686784,47.1330160886885,"Meadow","Kimmeridgian"
2.55,2.45,6.852670782078,47.1334646153888,"Meadow","Quaternary"
2.55,2.5,6.85266219533347,47.133913142042,"Meadow","Quaternary"
2.55,2.55,6.85265360844479,47.1343616686481,"Meadow","Quaternary"
2.55,2.6,6.85264502141196,47.1348101952071,"Meadow","Kimmeridgian"
2.55,2.65,6.85263643423498,47.1352587217189,"Pasture","Kimmeridgian"
2.55,2.7,6.85262784691385,47.1357072481835,"Pasture","Kimmeridgian"
2.55,2.75,6.85261925944856,47.1361557746009,"Pasture","Kimmeridgian"
2.55,2.8,6.8526106718391,47.1366043009711,"Pasture","Kimmeridgian"
2.55,2.85,6.85260208408547,47.1370528272939,"Pasture","Kimmeridgian"
2.55,2.9,6.85259349618768,47.1375013535695,"Meadow","Kimmeridgian"
2.55,2.95,6.8525849081457,47.1379498797977,"Meadow","Kimmeridgian"
2.55,3,6.85257631995955,47.1383984059786,"Pasture","Quaternary"
2.55,3.05,6.85256773162922,47.1388469321121,"Pasture","Quaternary"
2.55,3.1,6.8525591431547,47.1392954581981,"Meadow","Sequanian"
2.55,3.15,6.85255055453598,47.1397439842368,"Meadow","Sequanian"
2.55,3.2,6.85254196577307,47.1401925102279,"Meadow","Sequanian"
2.55,3.25,6.85253337686596,47.1406410361716,"Meadow","Sequanian"
2.55,3.3,6.85252478781465,47.1410895620677,"Meadow","Sequanian"
2.55,3.35,6.85251619861914,47.1415380879163,"Meadow","Sequanian"
2.55,3.4,6.85250760927941,47.1419866137173,"Meadow","Sequanian"
2.55,3.45,6.85249901979546,47.1424351394707,"Meadow","Sequanian"
2.55,3.5,6.8524904301673,47.1428836651765,"Meadow","Quaternary"
2.55,3.55,6.85248184039492,47.1433321908346,"Meadow","Quaternary"
2.55,3.6,6.8524732504783,47.1437807164451,"Meadow","Quaternary"
2.55,3.65,6.85246466041746,47.1442292420077,"Meadow","Quaternary"
2.55,3.7,6.85245607021239,47.1446777675228,"Meadow","Quaternary"
2.55,3.75,6.85244747986307,47.1451262929899,"Meadow","Quaternary"
2.55,3.8,6.85243888936951,47.1455748184093,"Meadow","Argovian"
2.55,3.85,6.85243029873171,47.1460233437809,"Meadow","Argovian"
2.55,3.9,6.85242170794965,47.1464718691046,"Meadow","Argovian"
2.55,3.95,6.85241311702335,47.1469203943805,"Meadow","Argovian"
2.55,4,6.85240452595278,47.1473689196084,"Meadow","Argovian"
2.55,4.05,6.85239593473795,47.1478174447884,"Meadow","Argovian"
2.55,4.1,6.85238734337886,47.1482659699205,"Meadow","Argovian"
2.55,4.15,6.85237875187549,47.1487144950046,"Meadow","Argovian"
2.55,4.2,6.85237016022785,47.1491630200406,"Meadow","Argovian"
2.6,0.5,6.85366067699062,47.1159768109565,"Forest","Portlandian"
2.6,0.55,6.85365210135403,47.1164253394742,"Forest","Portlandian"
2.6,0.6,6.85364352557353,47.116873867946,"Forest","Kimmeridgian"
2.6,0.65,6.85363494964914,47.1173223963717,"Forest","Kimmeridgian"
2.6,0.7,6.85362637358083,47.1177709247513,"Meadow","Sequanian"
2.6,0.75,6.85361779736862,47.1182194530848,"Meadow","Sequanian"
2.6,0.8,6.85360922101249,47.1186679813722,"Meadow","Sequanian"
2.6,0.85,6.85360064451245,47.1191165096133,"Meadow","Sequanian"
2.6,0.9,6.85359206786848,47.1195650378082,"Meadow","Sequanian"
2.6,0.95,6.85358349108059,47.1200135659569,"Meadow","Argovian"
2.6,1,6.85357491414876,47.1204620940593,"Meadow","Argovian"
2.6,1.05,6.853566337073,47.1209106221154,"Meadow","Argovian"
2.6,1.1,6.85355775985331,47.1213591501253,"Forest","Argovian"
2.6,1.15,6.85354918248967,47.1218076780888,"Forest","Argovian"
2.6,1.2,6.85354060498208,47.1222562060059,"Forest","Quaternary"
2.6,1.25,6.85353202733055,47.1227047338766,"Forest","Quaternary"
2.6,1.3,6.85352344953506,47.1231532617009,"Pasture","Argovian"
2.6,1.35,6.85351487159561,47.1236017894787,"Pasture","Argovian"
2.6,1.4,6.8535062935122,47.12405031721,"Pasture","Argovian"
2.6,1.45,6.85349771528483,47.1244988448949,"Pasture","Argovian"
2.6,1.5,6.85348913691349,47.1249473725331,"Pasture","Argovian"
2.6,1.55,6.85348055839818,47.1253959001249,"Pasture","Argovian"
2.6,1.6,6.85347197973888,47.12584442767,"Forest","Sequanian"
2.6,1.65,6.85346340093561,47.1262929551685,"Forest","Sequanian"
2.6,1.7,6.85345482198835,47.1267414826204,"Forest","Sequanian"
2.6,1.75,6.8534462428971,47.1271900100256,"Forest","Sequanian"
2.6,1.8,6.85343766366186,47.1276385373841,"Forest","Sequanian"
2.6,1.85,6.85342908428262,47.1280870646959,"Pasture","Kimmeridgian"
2.6,1.9,6.85342050475938,47.1285355919609,"Pasture","Kimmeridgian"
2.6,1.95,6.85341192509214,47.1289841191791,"Meadow","Kimmeridgian"
2.6,2,6.85340334528089,47.1294326463506,"Meadow","Kimmeridgian"
2.6,2.05,6.85339476532562,47.1298811734752,"Meadow","Kimmeridgian"
2.6,2.1,6.85338618522634,47.1303297005529,"Meadow","Kimmeridgian"
2.6,2.15,6.85337760498304,47.1307782275837,"Meadow","Kimmeridgian"
2.6,2.2,6.85336902459571,47.1312267545676,"Meadow","Kimmeridgian"
2.6,2.25,6.85336044406436,47.1316752815046,"Meadow","Kimmeridgian"
2.6,2.3,6.85335186338897,47.1321238083946,"Pasture","Kimmeridgian"
2.6,2.35,6.85334328256955,47.1325723352376,"Pasture","Kimmeridgian"
2.6,2.4,6.85333470160609,47.1330208620335,"Pasture","Sequanian"
2.6,2.45,6.85332612049858,47.1334693887824,"Pasture","Sequanian"
2.6,2.5,6.85331753924703,47.1339179154842,"Meadow","Kimmeridgian"
2.6,2.55,6.85330895785142,47.1343664421389,"Meadow","Kimmeridgian"
2.6,2.6,6.85330037631176,47.1348149687465,"Meadow","Portlandian"
2.6,2.65,6.85329179462803,47.1352634953069,"Meadow","Kimmeridgian"
2.6,2.7,6.85328321280025,47.1357120218201,"Meadow","Kimmeridgian"
2.6,2.75,6.85327463082839,47.1361605482861,"Meadow","Kimmeridgian"
2.6,2.8,6.85326604871247,47.1366090747048,"Pasture","Kimmeridgian"
2.6,2.85,6.85325746645247,47.1370576010762,"Pasture","Kimmeridgian"
2.6,2.9,6.85324888404839,47.1375061274004,"Meadow","Kimmeridgian"
2.6,2.95,6.85324030150022,47.1379546536772,"Meadow","Kimmeridgian"
2.6,3,6.85323171880797,47.1384031799067,"Pasture","Quaternary"
2.6,3.05,6.85322313597163,47.1388517060888,"Pasture","Quaternary"
2.6,3.1,6.8532145529912,47.1393002322234,"Forest","Sequanian"
2.6,3.15,6.85320596986666,47.1397487583107,"Forest","Sequanian"
2.6,3.2,6.85319738659802,47.1401972843504,"Forest","Sequanian"
2.6,3.25,6.85318880318528,47.1406458103427,"Forest","Sequanian"
2.6,3.3,6.85318021962842,47.1410943362874,"Meadow","Sequanian"
2.6,3.35,6.85317163592745,47.1415428621846,"Meadow","Sequanian"
2.6,3.4,6.85316305208236,47.1419913880342,"Meadow","Sequanian"
2.6,3.45,6.85315446809315,47.1424399138362,"Meadow","Sequanian"
2.6,3.5,6.85314588395981,47.1428884395906,"Meadow","Quaternary"
2.6,3.55,6.85313729968234,47.1433369652973,"Meadow","Quaternary"
2.6,3.6,6.85312871526073,47.1437854909564,"Meadow","Quaternary"
2.6,3.65,6.85312013069499,47.1442340165677,"Meadow","Quaternary"
2.6,3.7,6.85311154598511,47.1446825421312,"Meadow","Quaternary"
2.6,3.75,6.85310296113108,47.145131067647,"Meadow","Quaternary"
2.6,3.8,6.8530943761329,47.1455795931151,"Meadow","Argovian"
2.6,3.85,6.85308579099056,47.1460281185352,"Meadow","Argovian"
2.6,3.9,6.85307720570407,47.1464766439076,"Meadow","Argovian"
2.6,3.95,6.85306862027342,47.146925169232,"Meadow","Argovian"
2.6,4,6.8530600346986,47.1473736945086,"Pasture","Argovian"
2.6,4.05,6.8530514489796,47.1478222197372,"Meadow","Argovian"
2.6,4.1,6.85304286311644,47.1482707449179,"Meadow","Argovian"
2.6,4.15,6.8530342771091,47.1487192700506,"Meadow","Argovian"
2.6,4.2,6.85302569095758,47.1491677951352,"Meadow","Argovian"
2.65,0.55,6.85430723122661,47.1164301072852,"Forest","Kimmeridgian"
2.65,0.6,6.8542986609356,47.1168786358055,"Forest","Kimmeridgian"
2.65,0.65,6.85429009050077,47.1173271642798,"Forest","Kimmeridgian"
2.65,0.7,6.85428151992214,47.1177756927079,"Forest","Kimmeridgian"
2.65,0.75,6.85427294919968,47.1182242210899,"Forest","Kimmeridgian"
2.65,0.8,6.8542643783334,47.1186727494257,"Forest","Sequanian"
2.65,0.85,6.8542558073233,47.1191212777154,"Meadow","Sequanian"
2.65,0.9,6.85424723616937,47.1195698059589,"Meadow","Sequanian"
2.65,0.95,6.8542386648716,47.1200183341561,"Meadow","Sequanian"
2.65,1,6.85423009342999,47.1204668623071,"Meadow","Sequanian"
2.65,1.05,6.85422152184454,47.1209153904118,"Meadow","Sequanian"
2.65,1.1,6.85421295011525,47.1213639184702,"Forest","Argovian"
2.65,1.15,6.85420437824211,47.1218124464821,"Forest","Argovian"
2.65,1.2,6.85419580622511,47.1222609744478,"Forest","Quaternary"
2.65,1.25,6.85418723406425,47.122709502367,"Forest","Quaternary"
2.65,1.3,6.85417866175953,47.1231580302398,"Pasture","Argovian"
2.65,1.35,6.85417008931095,47.1236065580662,"Pasture","Argovian"
2.65,1.4,6.8541615167185,47.1240550858461,"Pasture","Argovian"
2.65,1.45,6.85415294398217,47.1245036135795,"Forest","Sequanian"
2.65,1.5,6.85414437110197,47.1249521412663,"Forest","Sequanian"
2.65,1.55,6.85413579807789,47.1254006689066,"Forest","Sequanian"
2.65,1.6,6.85412722490992,47.1258491965003,"Pasture","Sequanian"
2.65,1.65,6.85411865159806,47.1262977240473,"Pasture","Sequanian"
2.65,1.7,6.85411007814231,47.1267462515477,"Forest","Sequanian"
2.65,1.75,6.85410150454266,47.1271947790015,"Forest","Sequanian"
2.65,1.8,6.85409293079911,47.1276433064086,"Forest","Sequanian"
2.65,1.85,6.85408435691166,47.1280918337689,"Forest","Kimmeridgian"
2.65,1.9,6.8540757828803,47.1285403610825,"Forest","Kimmeridgian"
2.65,1.95,6.85406720870502,47.1289888883493,"Forest","Kimmeridgian"
2.65,2,6.85405863438583,47.1294374155692,"Forest","Kimmeridgian"
2.65,2.05,6.85405005992272,47.1298859427423,"Forest","Kimmeridgian"
2.65,2.1,6.85404148531568,47.1303344698686,"Forest","Kimmeridgian"
2.65,2.15,6.85403291056472,47.130782996948,"Forest","Kimmeridgian"
2.65,2.2,6.85402433566982,47.1312315239804,"Forest","Kimmeridgian"
2.65,2.25,6.85401576063099,47.131680050966,"Forest","Kimmeridgian"
2.65,2.3,6.85400718544822,47.1321285779045,"Meadow","Kimmeridgian"
2.65,2.35,6.8539986101215,47.132577104796,"Meadow","Kimmeridgian"
2.65,2.4,6.85399003465084,47.1330256316406,"Meadow","Kimmeridgian"
2.65,2.45,6.85398145903622,47.133474158438,"Meadow","Sequanian"
2.65,2.5,6.85397288327765,47.1339226851884,"Meadow","Sequanian"
2.65,2.55,6.85396430737512,47.1343712118916,"Meadow","Sequanian"
2.65,2.6,6.85395573132862,47.1348197385478,"Meadow","Kimmeridgian"
2.65,2.65,6.85394715513816,47.1352682651567,"Meadow","Quaternary"
2.65,2.7,6.85393857880372,47.1357167917185,"Meadow","Quaternary"
2.65,2.75,6.85393000232531,47.136165318233,"Meadow","Quaternary"
2.65,2.8,6.85392142570292,47.1366138447003,"Forest","Kimmeridgian"
2.65,2.85,6.85391284893655,47.1370623711203,"Forest","Kimmeridgian"
2.65,2.9,6.85390427202619,47.137510897493,"Meadow","Kimmeridgian"
2.65,2.95,6.85389569497184,47.1379594238184,"Meadow","Kimmeridgian"
2.65,3,6.8538871177735,47.1384079500964,"Forest","Kimmeridgian"
2.65,3.05,6.85387854043115,47.1388564763271,"Forest","Kimmeridgian"
2.65,3.1,6.8538699629448,47.1393050025103,"Forest","Quaternary"
2.65,3.15,6.85386138531445,47.1397535286461,"Forest","Sequanian"
2.65,3.2,6.85385280754008,47.1402020547345,"Forest","Sequanian"
2.65,3.25,6.8538442296217,47.1406505807753,"Forest","Sequanian"
2.65,3.3,6.85383565155931,47.1410991067686,"Meadow","Sequanian"
2.65,3.35,6.85382707335288,47.1415476327143,"Meadow","Sequanian"
2.65,3.4,6.85381849500244,47.1419961586125,"Meadow","Sequanian"
2.65,3.45,6.85380991650796,47.1424446844631,"Meadow","Sequanian"
2.65,3.5,6.85380133786945,47.142893210266,"Meadow","Quaternary"
2.65,3.55,6.8537927590869,47.1433417360213,"Meadow","Quaternary"
2.65,3.6,6.85378418016031,47.143790261729,"Meadow","Quaternary"
2.65,3.65,6.85377560108967,47.1442387873888,"Meadow","Quaternary"
2.65,3.7,6.85376702187498,47.144687313001,"Meadow","Quaternary"
2.65,3.75,6.85375844251624,47.1451358385654,"Meadow","Quaternary"
2.65,3.8,6.85374986301344,47.1455843640819,"Forest","Argovian"
2.65,3.85,6.85374128336658,47.1460328895507,"Forest","Argovian"
2.65,3.9,6.85373270357565,47.1464814149716,"Pasture","Argovian"
2.65,3.95,6.85372412364065,47.1469299403447,"Pasture","Argovian"
2.65,4,6.85371554356158,47.1473784656698,"Forest","Argovian"
2.65,4.05,6.85370696333843,47.147826990947,"Forest","Argovian"
2.65,4.1,6.8536983829712,47.1482755161762,"Forest","Argovian"
2.65,4.15,6.85368980245989,47.1487240413575,"Forest","Argovian"
2.65,4.2,6.85368122180448,47.1491725664907,"Forest","Argovian"
2.65,4.25,6.85367264100499,47.1496210915759,"Forest","Argovian"
2.7,0.6,6.8549537964145,47.1168833999282,"Forest","Kimmeridgian"
2.7,0.65,6.85494523146926,47.1173319284509,"Forest","Kimmeridgian"
2.7,0.7,6.85493666638029,47.1177804569276,"Forest","Kimmeridgian"
2.7,0.75,6.8549281011476,47.118228985358,"Forest","Kimmeridgian"
2.7,0.8,6.85491953577117,47.1186775137424,"Forest","Sequanian"
2.7,0.85,6.85491097025101,47.1191260420806,"Meadow","Sequanian"
2.7,0.9,6.85490240458712,47.1195745703726,"Meadow","Sequanian"
2.7,0.95,6.85489383877948,47.1200230986183,"Meadow","Sequanian"
2.7,1,6.85488527282809,47.1204716268178,"Meadow","Sequanian"
2.7,1.05,6.85487670673296,47.1209201549709,"Meadow","Sequanian"
2.7,1.1,6.85486814049407,47.1213686830778,"Forest","Argovian"
2.7,1.15,6.85485957411143,47.1218172111383,"Forest","Argovian"
2.7,1.2,6.85485100758501,47.1222657391525,"Forest","Quaternary"
2.7,1.25,6.85484244091484,47.1227142671202,"Forest","Quaternary"
2.7,1.3,6.8548338741009,47.1231627950416,"Pasture","Argovian"
2.7,1.35,6.85482530714318,47.1236113229164,"Pasture","Argovian"
2.7,1.4,6.85481674004169,47.1240598507448,"Pasture","Argovian"
2.7,1.45,6.85480817279641,47.1245083785267,"Forest","Sequanian"
2.7,1.5,6.85479960540736,47.1249569062621,"Forest","Sequanian"
2.7,1.55,6.85479103787451,47.1254054339508,"Forest","Sequanian"
2.7,1.6,6.85478247019787,47.125853961593,"Pasture","Sequanian"
2.7,1.65,6.85477390237743,47.1263024891886,"Pasture","Sequanian"
2.7,1.7,6.85476533441319,47.1267510167375,"Forest","Sequanian"
2.7,1.75,6.85475676630514,47.1271995442398,"Forest","Sequanian"
2.7,1.8,6.85474819805329,47.1276480716954,"Forest","Sequanian"
2.7,1.85,6.85473962965762,47.1280965991042,"Forest","Kimmeridgian"
2.7,1.9,6.85473106111814,47.1285451264663,"Forest","Kimmeridgian"
2.7,1.95,6.85472249243484,47.1289936537816,"Forest","Kimmeridgian"
2.7,2,6.85471392360771,47.1294421810501,"Forest","Kimmeridgian"
2.7,2.05,6.85470535463676,47.1298907082717,"Forest","Kimmeridgian"
2.7,2.1,6.85469678552197,47.1303392354465,"Forest","Kimmeridgian"
2.7,2.15,6.85468821626335,47.1307877625744,"Forest","Kimmeridgian"
2.7,2.2,6.85467964686088,47.1312362896554,"Forest","Kimmeridgian"
2.7,2.25,6.85467107731458,47.1316848166894,"Forest","Kimmeridgian"
2.7,2.3,6.85466250762442,47.1321333436765,"Meadow","Kimmeridgian"
2.7,2.35,6.85465393779041,47.1325818706166,"Meadow","Kimmeridgian"
2.7,2.4,6.85464536781255,47.1330303975096,"Meadow","Kimmeridgian"
2.7,2.45,6.85463679769083,47.1334789243556,"Meadow","Sequanian"
2.7,2.5,6.85462822742524,47.1339274511545,"Meadow","Sequanian"
2.7,2.55,6.85461965701579,47.1343759779063,"Meadow","Sequanian"
2.7,2.6,6.85461108646246,47.1348245046109,"Meadow","Kimmeridgian"
2.7,2.65,6.85460251576526,47.1352730312684,"Meadow","Quaternary"
2.7,2.7,6.85459394492418,47.1357215578787,"Meadow","Quaternary"
2.7,2.75,6.85458537393922,47.1361700844417,"Meadow","Quaternary"
2.7,2.8,6.85457680281037,47.1366186109576,"Forest","Kimmeridgian"
2.7,2.85,6.85456823153763,47.1370671374262,"Forest","Kimmeridgian"
2.7,2.9,6.854559660121,47.1375156638474,"Meadow","Kimmeridgian"
2.7,2.95,6.85455108856046,47.1379641902213,"Meadow","Kimmeridgian"
2.7,3,6.85454251685602,47.1384127165478,"Forest","Kimmeridgian"
2.7,3.05,6.85453394500768,47.138861242827,"Forest","Kimmeridgian"
2.7,3.1,6.85452537301543,47.1393097690588,"Forest","Quaternary"
2.7,3.15,6.85451680087925,47.1397582952432,"Forest","Sequanian"
2.7,3.2,6.85450822859917,47.14020682138,"Forest","Sequanian"
2.7,3.25,6.85449965617516,47.1406553474694,"Forest","Sequanian"
2.7,3.3,6.85449108360722,47.1411038735112,"Meadow","Sequanian"
2.7,3.35,6.85448251089535,47.1415523995055,"Meadow","Sequanian"
2.7,3.4,6.85447393803955,47.1420009254522,"Meadow","Sequanian"
2.7,3.45,6.85446536503981,47.1424494513514,"Meadow","Sequanian"
2.7,3.5,6.85445679189613,47.1428979772029,"Meadow","Quaternary"
2.7,3.55,6.85444821860851,47.1433465030067,"Meadow","Quaternary"
2.7,3.6,6.85443964517693,47.1437950287628,"Meadow","Quaternary"
2.7,3.65,6.8544310716014,47.1442435544712,"Meadow","Quaternary"
2.7,3.7,6.85442249788191,47.1446920801319,"Meadow","Quaternary"
2.7,3.75,6.85441392401846,47.1451406057448,"Meadow","Quaternary"
2.7,3.8,6.85440535001104,47.14558913131,"Forest","Argovian"
2.7,3.85,6.85439677585966,47.1460376568273,"Forest","Argovian"
2.7,3.9,6.8543882015643,47.1464861822967,"Pasture","Argovian"
2.7,3.95,6.85437962712496,47.1469347077183,"Pasture","Argovian"
2.7,4,6.85437105254164,47.147383233092,"Forest","Argovian"
2.7,4.05,6.85436247781434,47.1478317584178,"Forest","Argovian"
2.7,4.1,6.85435390294305,47.1482802836956,"Forest","Argovian"
2.7,4.15,6.85434532792776,47.1487288089253,"Forest","Argovian"
2.7,4.2,6.85433675276848,47.1491773341071,"Forest","Argovian"
2.7,4.25,6.8543281774652,47.1496258592409,"Forest","Argovian"
2.7,4.3,6.85431960201791,47.1500743843266,"Meadow","Argovian"
2.75,0.6,6.85560893201016,47.116888160314,"Forest","Kimmeridgian"
2.75,0.65,6.8556003725545,47.1173366888852,"Forest","Kimmeridgian"
2.75,0.7,6.8555918129552,47.1177852174103,"Forest","Kimmeridgian"
2.75,0.75,6.85558325321227,47.1182337458892,"Pasture","Sequanian"
2.75,0.8,6.8555746933257,47.1186822743221,"Pasture","Sequanian"
2.75,0.85,6.85556613329549,47.1191308027087,"Forest","Sequanian"
2.75,0.9,6.85555757312164,47.1195793310492,"Forest","Sequanian"
2.75,0.95,6.85554901280413,47.1200278593434,"Meadow","Sequanian"
2.75,1,6.85554045234297,47.1204763875913,"Meadow","Sequanian"
2.75,1.05,6.85553189173815,47.120924915793,"Meadow","Sequanian"
2.75,1.1,6.85552333098968,47.1213734439483,"Forest","Argovian"
2.75,1.15,6.85551477009753,47.1218219720573,"Forest","Argovian"
2.75,1.2,6.85550620906172,47.1222705001199,"Forest","Quaternary"
2.75,1.25,6.85549764788223,47.1227190281361,"Forest","Quaternary"
2.75,1.3,6.85548908655906,47.123167556106,"Pasture","Argovian"
2.75,1.35,6.85548052509222,47.1236160840293,"Pasture","Argovian"
2.75,1.4,6.85547196348169,47.1240646119061,"Pasture","Argovian"
2.75,1.45,6.85546340172747,47.1245131397365,"Forest","Sequanian"
2.75,1.5,6.85545483982955,47.1249616675203,"Forest","Sequanian"
2.75,1.55,6.85544627778794,47.1254101952577,"Forest","Sequanian"
2.75,1.6,6.85543771560263,47.1258587229483,"Pasture","Sequanian"
2.75,1.65,6.85542915327361,47.1263072505924,"Pasture","Sequanian"
2.75,1.7,6.85542059080089,47.1267557781898,"Forest","Sequanian"
2.75,1.75,6.85541202818445,47.1272043057405,"Forest","Sequanian"
2.75,1.8,6.8554034654243,47.1276528332446,"Forest","Sequanian"
2.75,1.85,6.85539490252042,47.1281013607019,"Forest","Kimmeridgian"
2.75,1.9,6.85538633947283,47.1285498881125,"Forest","Kimmeridgian"
2.75,1.95,6.8553777762815,47.1289984154763,"Meadow","Kimmeridgian"
2.75,2,6.85536921294644,47.1294469427933,"Meadow","Kimmeridgian"
2.75,2.05,6.85536064946765,47.1298954700634,"Meadow","Kimmeridgian"
2.75,2.1,6.85535208584511,47.1303439972867,"Forest","Kimmeridgian"
2.75,2.15,6.85534352207883,47.1307925244631,"Forest","Kimmeridgian"
2.75,2.2,6.8553349581688,47.1312410515925,"Forest","Kimmeridgian"
2.75,2.25,6.85532639411503,47.1316895786751,"Forest","Kimmeridgian"
2.75,2.3,6.85531782991749,47.1321381057106,"Meadow","Kimmeridgian"
2.75,2.35,6.8553092655762,47.1325866326992,"Meadow","Kimmeridgian"
2.75,2.4,6.85530070109114,47.1330351596407,"Meadow","Kimmeridgian"
2.75,2.45,6.85529213646232,47.1334836865352,"Meadow","Sequanian"
2.75,2.5,6.85528357168972,47.1339322133826,"Meadow","Sequanian"
2.75,2.55,6.85527500677335,47.1343807401828,"Meadow","Sequanian"
2.75,2.6,6.8552664417132,47.134829266936,"Meadow","Kimmeridgian"
2.75,2.65,6.85525787650926,47.135277793642,"Meadow","Quaternary"
2.75,2.7,6.85524931116154,47.1357263203007,"Meadow","Quaternary"
2.75,2.75,6.85524074567003,47.1361748469123,"Meadow","Quaternary"
2.75,2.8,6.85523218003472,47.1366233734766,"Forest","Kimmeridgian"
2.75,2.85,6.85522361425562,47.1370718999937,"Forest","Kimmeridgian"
2.75,2.9,6.85521504833271,47.1375204264634,"Meadow","Kimmeridgian"
2.75,2.95,6.85520648226599,47.1379689528859,"Meadow","Kimmeridgian"
2.75,3,6.85519791605547,47.1384174792609,"Forest","Kimmeridgian"
2.75,3.05,6.85518934970113,47.1388660055886,"Forest","Kimmeridgian"
2.75,3.1,6.85518078320297,47.1393145318689,"Forest","Kimmeridgian"
2.75,3.15,6.85517221656099,47.1397630581017,"Forest","Sequanian"
2.75,3.2,6.85516364977518,47.1402115842871,"Forest","Sequanian"
2.75,3.25,6.85515508284554,47.1406601104249,"Forest","Sequanian"
2.75,3.3,6.85514651577207,47.1411086365153,"Pasture","Sequanian"
2.75,3.35,6.85513794855476,47.1415571625581,"Pasture","Sequanian"
2.75,3.4,6.85512938119361,47.1420056885533,"Meadow","Sequanian"
2.75,3.45,6.85512081368861,47.142454214501,"Meadow","Sequanian"
2.75,3.5,6.85511224603977,47.142902740401,"Meadow","Sequanian"
2.75,3.55,6.85510367824706,47.1433512662533,"Meadow","Sequanian"
2.75,3.6,6.85509511031051,47.143799792058,"Meadow","Sequanian"
2.75,3.65,6.85508654223008,47.1442483178149,"Meadow","Quaternary"
2.75,3.7,6.8550779740058,47.1446968435241,"Meadow","Quaternary"
2.75,3.75,6.85506940563764,47.1451453691856,"Meadow","Quaternary"
2.75,3.8,6.85506083712562,47.1455938947992,"Forest","Argovian"
2.75,3.85,6.85505226846971,47.146042420365,"Forest","Argovian"
2.75,3.9,6.85504369966992,47.1464909458829,"Pasture","Argovian"
2.75,3.95,6.85503513072625,47.1469394713531,"Pasture","Argovian"
2.75,4,6.85502656163869,47.1473879967753,"Pasture","Argovian"
2.75,4.05,6.85501799240724,47.1478365221496,"Forest","Argovian"
2.75,4.1,6.85500942303189,47.1482850474758,"Forest","Argovian"
2.75,4.15,6.85500085351263,47.1487335727542,"Forest","Argovian"
2.75,4.2,6.85499228384948,47.1491820979845,"Forest","Argovian"
2.75,4.25,6.85498371404241,47.1496306231668,"Forest","Argovian"
2.75,4.3,6.85497514409143,47.150079148301,"Forest","Argovian"
2.8,0.6,6.85626406772247,47.1168929169629,"Forest","Kimmeridgian"
2.8,0.65,6.85625551375639,47.1173414455825,"Forest","Kimmeridgian"
2.8,0.7,6.85624695964677,47.1177899741561,"Forest","Kimmeridgian"
2.8,0.75,6.85623840539361,47.1182385026835,"Pasture","Sequanian"
2.8,0.8,6.85622985099691,47.1186870311647,"Pasture","Sequanian"
2.8,0.85,6.85622129645665,47.1191355595998,"Forest","Sequanian"
2.8,0.9,6.85621274177284,47.1195840879887,"Forest","Sequanian"
2.8,0.95,6.85620418694547,47.1200326163314,"Meadow","Sequanian"
2.8,1,6.85619563197454,47.1204811446278,"Meadow","Sequanian"
2.8,1.05,6.85618707686004,47.1209296728778,"Meadow","Sequanian"
2.8,1.1,6.85617852160197,47.1213782010816,"Meadow","Sequanian"
2.8,1.15,6.85616996620033,47.1218267292391,"Meadow","Sequanian"
2.8,1.2,6.85616141065512,47.1222752573502,"Meadow","Quaternary"
2.8,1.25,6.85615285496632,47.1227237854148,"Pasture","Argovian"
2.8,1.3,6.85614429913393,47.1231723134331,"Pasture","Argovian"
2.8,1.35,6.85613574315796,47.1236208414049,"Meadow","Argovian"
2.8,1.4,6.8561271870384,47.1240693693302,"Meadow","Argovian"
2.8,1.45,6.85611863077523,47.124517897209,"Pasture","Sequanian"
2.8,1.5,6.85611007436847,47.1249664250413,"Pasture","Sequanian"
2.8,1.55,6.8561015178181,47.125414952827,"Pasture","Sequanian"
2.8,1.6,6.85609296112412,47.1258634805661,"Pasture","Sequanian"
2.8,1.65,6.85608440428653,47.1263120082586,"Pasture","Sequanian"
2.8,1.7,6.85607584730533,47.1267605359045,"Forest","Sequanian"
2.8,1.75,6.8560672901805,47.1272090635037,"Forest","Sequanian"
2.8,1.8,6.85605873291205,47.1276575910562,"Forest","Kimmeridgian"
2.8,1.85,6.85605017549997,47.128106118562,"Forest","Kimmeridgian"
2.8,1.9,6.85604161794426,47.128554646021,"Forest","Kimmeridgian"
2.8,1.95,6.85603306024491,47.1290031734332,"Meadow","Kimmeridgian"
2.8,2,6.85602450240192,47.1294517007987,"Meadow","Kimmeridgian"
2.8,2.05,6.85601594441529,47.1299002281173,"Meadow","Kimmeridgian"
2.8,2.1,6.85600738628501,47.130348755389,"Meadow","Kimmeridgian"
2.8,2.15,6.85599882801108,47.1307972826139,"Meadow","Kimmeridgian"
2.8,2.2,6.8559902695935,47.1312458097918,"Meadow","Kimmeridgian"
2.8,2.25,6.85598171103225,47.1316943369228,"Meadow","Kimmeridgian"
2.8,2.3,6.85597315232734,47.1321428640068,"Meadow","Kimmeridgian"
2.8,2.35,6.85596459347876,47.1325913910438,"Meadow","Kimmeridgian"
2.8,2.4,6.85595603448651,47.1330399180338,"Meadow","Kimmeridgian"
2.8,2.45,6.85594747535059,47.1334884449768,"Meadow","Kimmeridgian"
2.8,2.5,6.85593891607099,47.1339369718726,"Meadow","Sequanian"
2.8,2.55,6.8559303566477,47.1343854987214,"Meadow","Sequanian"
2.8,2.6,6.85592179708072,47.134834025523,"Meadow","Sequanian"
2.8,2.65,6.85591323737006,47.1352825522774,"Meadow","Kimmeridgian"
2.8,2.7,6.8559046775157,47.1357310789847,"Meadow","Kimmeridgian"
2.8,2.75,6.85589611751764,47.1361796056447,"Meadow","Kimmeridgian"
2.8,2.8,6.85588755737588,47.1366281322575,"Meadow","Quaternary"
2.8,2.85,6.85587899709042,47.137076658823,"Meadow","Quaternary"
2.8,2.9,6.85587043666124,47.1375251853412,"Meadow","Kimmeridgian"
2.8,2.95,6.85586187608835,47.1379737118121,"Meadow","Kimmeridgian"
2.8,3,6.85585331537174,47.1384222382357,"Forest","Kimmeridgian"
2.8,3.05,6.8558447545114,47.1388707646118,"Forest","Kimmeridgian"
2.8,3.1,6.85583619350734,47.1393192909405,"Forest","Kimmeridgian"
2.8,3.15,6.85582763235955,47.1397678172218,"Pasture","Quaternary"
2.8,3.2,6.85581907106803,47.1402163434557,"Pasture","Quaternary"
2.8,3.25,6.85581050963277,47.140664869642,"Pasture","Quaternary"
2.8,3.3,6.85580194805377,47.1411133957808,"Pasture","Sequanian"
2.8,3.35,6.85579338633102,47.1415619218721,"Pasture","Sequanian"
2.8,3.4,6.85578482446452,47.1420104479159,"Meadow","Sequanian"
2.8,3.45,6.85577626245427,47.142458973912,"Meadow","Sequanian"
2.8,3.5,6.85576770030026,47.1429074998604,"Meadow","Sequanian"
2.8,3.55,6.85575913800249,47.1433560257613,"Meadow","Sequanian"
2.8,3.6,6.85575057556095,47.1438045516144,"Meadow","Sequanian"
2.8,3.65,6.85574201297564,47.1442530774198,"Meadow","Quaternary"
2.8,3.7,6.85573345024657,47.1447016031775,"Meadow","Quaternary"
2.8,3.75,6.85572488737371,47.1451501288874,"Meadow","Quaternary"
2.8,3.8,6.85571632435707,47.1455986545495,"Forest","Argovian"
2.8,3.85,6.85570776119665,47.1460471801638,"Forest","Argovian"
2.8,3.9,6.85569919789244,47.1464957057303,"Pasture","Argovian"
2.8,3.95,6.85569063444443,47.1469442312489,"Pasture","Argovian"
2.8,4,6.85568207085263,47.1473927567196,"Pasture","Argovian"
2.8,4.05,6.85567350711703,47.1478412821423,"Forest","Argovian"
2.8,4.1,6.85566494323762,47.1482898075171,"Forest","Argovian"
2.8,4.15,6.85565637921441,47.1487383328439,"Forest","Argovian"
2.8,4.2,6.85564781504738,47.1491868581227,"Forest","Argovian"
2.8,4.25,6.85563925073654,47.1496353833535,"Forest","Argovian"
2.8,4.3,6.85563068628187,47.1500839085362,"Forest","Argovian"
2.8,4.8,6.85554503382425,47.1545691577133,"Forest","Sequanian"
2.8,4.85,6.8555364677873,47.1550176823655,"Forest","Sequanian"
2.8,4.9,6.85552790160649,47.1554662069692,"Forest","Sequanian"
2.8,4.95,6.85551933528181,47.1559147315246,"Forest","Sequanian"
2.8,5,6.85551076881325,47.1563632560314,"Forest","Argovian"
2.8,5.05,6.85550220220081,47.1568117804899,"Forest","Kimmeridgian"
2.8,5.1,6.85549363544448,47.1572603048998,"Forest","Kimmeridgian"
2.85,0.65,6.85691065507486,47.117346198543,"Forest","Kimmeridgian"
2.85,0.7,6.85690210645492,47.117794727165,"Forest","Kimmeridgian"
2.85,0.75,6.85689355769153,47.1182432557408,"Pasture","Sequanian"
2.85,0.8,6.85688500878469,47.1186917842704,"Pasture","Sequanian"
2.85,0.85,6.85687645973439,47.1191403127539,"Forest","Sequanian"
2.85,0.9,6.85686791054062,47.1195888411912,"Forest","Sequanian"
2.85,0.95,6.85685936120339,47.1200373695823,"Meadow","Sequanian"
2.85,1,6.85685081172269,47.1204858979271,"Meadow","Sequanian"
2.85,1.05,6.85684226209852,47.1209344262256,"Meadow","Sequanian"
2.85,1.1,6.85683371233087,47.1213829544778,"Meadow","Sequanian"
2.85,1.15,6.85682516241974,47.1218314826836,"Meadow","Sequanian"
2.85,1.2,6.85681661236512,47.1222800108431,"Meadow","Quaternary"
2.85,1.25,6.85680806216702,47.1227285389562,"Pasture","Argovian"
2.85,1.3,6.85679951182542,47.1231770670229,"Pasture","Argovian"
2.85,1.35,6.85679096134032,47.1236255950431,"Meadow","Argovian"
2.85,1.4,6.85678241071173,47.1240741230168,"Meadow","Argovian"
2.85,1.45,6.85677385993962,47.1245226509441,"Pasture","Sequanian"
2.85,1.5,6.85676530902401,47.1249711788248,"Pasture","Sequanian"
2.85,1.55,6.85675675796489,47.1254197066589,"Pasture","Sequanian"
2.85,1.6,6.85674820676225,47.1258682344465,"Pasture","Sequanian"
2.85,1.65,6.85673965541609,47.1263167621874,"Pasture","Sequanian"
2.85,1.7,6.85673110392641,47.1267652898817,"Forest","Sequanian"
2.85,1.75,6.8567225522932,47.1272138175293,"Forest","Sequanian"
2.85,1.8,6.85671400051645,47.1276623451302,"Forest","Kimmeridgian"
2.85,1.85,6.85670544859617,47.1281108726844,"Forest","Kimmeridgian"
2.85,1.9,6.85669689653235,47.1285594001919,"Forest","Kimmeridgian"
2.85,1.95,6.85668834432498,47.1290079276525,"Meadow","Kimmeridgian"
2.85,2,6.85667979197407,47.1294564550664,"Meadow","Kimmeridgian"
2.85,2.05,6.8566712394796,47.1299049824334,"Meadow","Kimmeridgian"
2.85,2.1,6.85666268684159,47.1303535097536,"Meadow","Kimmeridgian"
2.85,2.15,6.85665413406001,47.1308020370268,"Meadow","Kimmeridgian"
2.85,2.2,6.85664558113486,47.1312505642532,"Meadow","Kimmeridgian"
2.85,2.25,6.85663702806615,47.1316990914327,"Meadow","Kimmeridgian"
2.85,2.3,6.85662847485387,47.1321476185651,"Meadow","Kimmeridgian"
2.85,2.35,6.85661992149801,47.1325961456505,"Meadow","Kimmeridgian"
2.85,2.4,6.85661136799858,47.1330446726889,"Meadow","Kimmeridgian"
2.85,2.45,6.85660281435556,47.1334931996803,"Meadow","Kimmeridgian"
2.85,2.5,6.85659426056895,47.1339417266246,"Meadow","Sequanian"
2.85,2.55,6.85658570663875,47.1343902535218,"Meadow","Sequanian"
2.85,2.6,6.85657715256496,47.1348387803718,"Meadow","Sequanian"
2.85,2.65,6.85656859834757,47.1352873071747,"Meadow","Kimmeridgian"
2.85,2.7,6.85656004398657,47.1357358339304,"Meadow","Kimmeridgian"
2.85,2.75,6.85655148948197,47.1361843606389,"Meadow","Kimmeridgian"
2.85,2.8,6.85654293483376,47.1366328873001,"Meadow","Quaternary"
2.85,2.85,6.85653438004194,47.1370814139141,"Meadow","Quaternary"
2.85,2.9,6.85652582510649,47.1375299404807,"Meadow","Kimmeridgian"
2.85,2.95,6.85651727002743,47.137978467,"Meadow","Kimmeridgian"
2.85,3,6.85650871480474,47.138426993472,"Forest","Kimmeridgian"
2.85,3.05,6.85650015943841,47.1388755198966,"Forest","Kimmeridgian"
2.85,3.1,6.85649160392846,47.1393240462738,"Forest","Kimmeridgian"
2.85,3.15,6.85648304827486,47.1397725726035,"Pasture","Quaternary"
2.85,3.2,6.85647449247763,47.1402210988858,"Pasture","Quaternary"
2.85,3.25,6.85646593653675,47.1406696251206,"Pasture","Quaternary"
2.85,3.3,6.85645738045222,47.1411181513079,"Pasture","Sequanian"
2.85,3.35,6.85644882422403,47.1415666774476,"Pasture","Sequanian"
2.85,3.4,6.85644026785219,47.1420152035398,"Meadow","Sequanian"
2.85,3.45,6.85643171133669,47.1424637295843,"Meadow","Sequanian"
2.85,3.5,6.85642315467752,47.1429122555812,"Meadow","Sequanian"
2.85,3.55,6.85641459787468,47.1433607815305,"Meadow","Sequanian"
2.85,3.6,6.85640604092817,47.1438093074321,"Meadow","Sequanian"
2.85,3.65,6.85639748383798,47.144257833286,"Meadow","Quaternary"
2.85,3.7,6.85638892660411,47.1447063590921,"Meadow","Quaternary"
2.85,3.75,6.85638036922656,47.1451548848505,"Meadow","Quaternary"
2.85,3.8,6.85637181170531,47.145603410561,"Forest","Argovian"
2.85,3.85,6.85636325404038,47.1460519362238,"Forest","Argovian"
2.85,3.9,6.85635469623174,47.1465004618387,"Pasture","Argovian"
2.85,3.95,6.85634613827941,47.1469489874058,"Pasture","Argovian"
2.85,4,6.85633758018337,47.1473975129249,"Pasture","Argovian"
2.85,4.05,6.85632902194363,47.1478460383961,"Forest","Argovian"
2.85,4.1,6.85632046356017,47.1482945638194,"Forest","Argovian"
2.85,4.15,6.85631190503299,47.1487430891946,"Forest","Argovian"
2.85,4.2,6.8563033463621,47.1491916145218,"Forest","Argovian"
2.85,4.25,6.85629478754748,47.1496401398011,"Forest","Argovian"
2.85,4.3,6.85628622858913,47.1500886650322,"Forest","Argovian"
2.85,4.35,6.85627766948705,47.1505371902153,"Forest","Argovian"
2.85,4.8,6.85620063109976,47.154573914694,"Forest","Sequanian"
2.85,4.85,6.85619207056015,47.1550224393946,"Forest","Sequanian"
2.85,4.9,6.85618350987676,47.1554709640469,"Forest","Sequanian"
2.85,4.95,6.85617494904959,47.1559194886507,"Forest","Sequanian"
2.85,5,6.85616638807864,47.156368013206,"Forest","Argovian"
2.85,5.05,6.8561578269639,47.1568165377129,"Forest","Kimmeridgian"
2.85,5.1,6.85614926570537,47.1572650621713,"Forest","Kimmeridgian"
2.85,5.15,6.85614070430305,47.1577135865811,"Forest","Kimmeridgian"
2.9,0.7,6.85755725337955,47.1177994764369,"Forest","Kimmeridgian"
2.9,0.75,6.85754871010594,47.1182480050611,"Forest","Kimmeridgian"
2.9,0.8,6.85754016668896,47.1186965336392,"Pasture","Kimmeridgian"
2.9,0.85,6.85753162312862,47.119145062171,"Pasture","Sequanian"
2.9,0.9,6.8575230794249,47.1195935906567,"Pasture","Sequanian"
2.9,0.95,6.85751453557782,47.1200421190961,"Pasture","Sequanian"
2.9,1,6.85750599158736,47.1204906474893,"Meadow","Sequanian"
2.9,1.05,6.85749744745351,47.1209391758362,"Meadow","Sequanian"
2.9,1.1,6.85748890317628,47.1213877041368,"Meadow","Sequanian"
2.9,1.15,6.85748035875566,47.121836232391,"Meadow","Sequanian"
2.9,1.2,6.85747181419165,47.1222847605989,"Meadow","Quaternary"
2.9,1.25,6.85746326948424,47.1227332887603,"Meadow","Argovian"
2.9,1.3,6.85745472463343,47.1231818168754,"Meadow","Argovian"
2.9,1.35,6.85744617963921,47.123630344944,"Pasture","Argovian"
2.9,1.4,6.85743763450159,47.1240788729661,"Pasture","Argovian"
2.9,1.45,6.85742908922055,47.1245274009418,"Forest","Sequanian"
2.9,1.5,6.8574205437961,47.1249759288708,"Forest","Sequanian"
2.9,1.55,6.85741199822822,47.1254244567534,"Forest","Sequanian"
2.9,1.6,6.85740345251692,47.1258729845893,"Forest","Sequanian"
2.9,1.65,6.8573949066622,47.1263215123786,"Forest","Sequanian"
2.9,1.7,6.85738636066404,47.1267700401213,"Forest","Sequanian"
2.9,1.75,6.85737781452244,47.1272185678173,"Forest","Sequanian"
2.9,1.8,6.85736926823741,47.1276670954666,"Forest","Kimmeridgian"
2.9,1.85,6.85736072180893,47.1281156230692,"Forest","Kimmeridgian"
2.9,1.9,6.857352175237,47.128564150625,"Forest","Kimmeridgian"
2.9,1.95,6.85734362852162,47.1290126781341,"Forest","Kimmeridgian"
2.9,2,6.85733508166279,47.1294612055964,"Forest","Kimmeridgian"
2.9,2.05,6.85732653466049,47.1299097330118,"Forest","Kimmeridgian"
2.9,2.1,6.85731798751474,47.1303582603804,"Meadow","Kimmeridgian"
2.9,2.15,6.85730944022551,47.130806787702,"Meadow","Kimmeridgian"
2.9,2.2,6.85730089279282,47.1312553149768,"Meadow","Kimmeridgian"
2.9,2.25,6.85729234521664,47.1317038422046,"Meadow","Kimmeridgian"
2.9,2.3,6.85728379749699,47.1321523693854,"Meadow","Kimmeridgian"
2.9,2.35,6.85727524963386,47.1326008965193,"Meadow","Kimmeridgian"
2.9,2.4,6.85726670162724,47.1330494236061,"Meadow","Kimmeridgian"
2.9,2.45,6.85725815347713,47.1334979506459,"Meadow","Kimmeridgian"
2.9,2.5,6.85724960518352,47.1339464776386,"Pasture","Kimmeridgian"
2.9,2.55,6.85724105674641,47.1343950045841,"Pasture","Kimmeridgian"
2.9,2.6,6.85723250816581,47.1348435314826,"Meadow","Sequanian"
2.9,2.65,6.85722395944169,47.1352920583339,"Meadow","Sequanian"
2.9,2.7,6.85721541057407,47.135740585138,"Meadow","Sequanian"
2.9,2.75,6.85720686156293,47.1361891118949,"Meadow","Sequanian"
2.9,2.8,6.85719831240827,47.1366376386045,"Meadow","Kimmeridgian"
2.9,2.85,6.85718976311009,47.1370861652669,"Meadow","Kimmeridgian"
2.9,2.9,6.85718121366838,47.1375346918819,"Meadow","Quaternary"
2.9,2.95,6.85717266408315,47.1379832184496,"Meadow","Quaternary"
2.9,3,6.85716411435438,47.13843174497,"Meadow","Quaternary"
2.9,3.05,6.85715556448207,47.138880271443,"Meadow","Quaternary"
2.9,3.1,6.85714701446622,47.1393287978686,"Pasture","Quaternary"
2.9,3.15,6.85713846430682,47.1397773242468,"Pasture","Quaternary"
2.9,3.2,6.85712991400388,47.1402258505775,"Pasture","Quaternary"
2.9,3.25,6.85712136355738,47.1406743768607,"Pasture","Quaternary"
2.9,3.3,6.85711281296733,47.1411229030964,"Pasture","Quaternary"
2.9,3.35,6.85710426223371,47.1415714292845,"Pasture","Quaternary"
2.9,3.4,6.85709571135653,47.1420199554251,"Meadow","Quaternary"
2.9,3.45,6.85708716033578,47.142468481518,"Meadow","Quaternary"
2.9,3.5,6.85707860917145,47.1429170075634,"Pasture","Quaternary"
2.9,3.55,6.85707005786355,47.1433655335611,"Meadow","Sequanian"
2.9,3.6,6.85706150641207,47.1438140595111,"Meadow","Sequanian"
2.9,3.65,6.857052954817,47.1442625854134,"Meadow","Quaternary"
2.9,3.7,6.85704440307834,47.1447111112679,"Meadow","Quaternary"
2.9,3.75,6.8570358511961,47.1451596370747,"Pasture","Quaternary"
2.9,3.8,6.85702729917025,47.1456081628337,"Pasture","Quaternary"
2.9,3.85,6.8570187470008,47.1460566885449,"Pasture","Quaternary"
2.9,3.9,6.85701019468775,47.1465052142082,"Pasture","Quaternary"
2.9,3.95,6.8570016422311,47.1469537398237,"Pasture","Quaternary"
2.9,4,6.85699308963083,47.1474022653912,"Pasture","Argovian"
2.9,4.05,6.85698453688694,47.1478507909109,"Forest","Argovian"
2.9,4.1,6.85697598399943,47.1482993163825,"Forest","Argovian"
2.9,4.15,6.8569674309683,47.1487478418062,"Forest","Argovian"
2.9,4.2,6.85695887779354,47.1491963671819,"Forest","Argovian"
2.9,4.25,6.85695032447515,47.1496448925095,"Forest","Argovian"
2.9,4.3,6.85694177101313,47.1500934177891,"Forest","Argovian"
2.9,4.35,6.85693321740746,47.1505419430206,"Forest","Argovian"
2.9,4.4,6.85692466365815,47.150990468204,"Forest","Argovian"
2.9,4.45,6.85691610976519,47.1514389933392,"Forest","Argovian"
2.9,4.5,6.85690755572859,47.1518875184262,"Forest","Argovian"
2.9,4.55,6.85689900154832,47.1523360434651,"Forest","Argovian"
2.9,4.6,6.8568904472244,47.1527845684557,"Forest","Argovian"
2.9,4.65,6.85688189275681,47.153233093398,"Forest","Argovian"
2.9,4.7,6.85687333814556,47.1536816182921,"Forest","Argovian"
2.9,4.75,6.85686478339063,47.1541301431378,"Forest","Argovian"
2.9,4.8,6.85685622849203,47.1545786679353,"Forest","Argovian"
2.9,4.85,6.85684767344976,47.1550271926843,"Forest","Argovian"
2.9,4.9,6.8568391182638,47.155475717385,"Forest","Sequanian"
2.9,4.95,6.85683056293415,47.1559242420372,"Forest","Sequanian"
2.9,5,6.85682200746081,47.156372766641,"Pasture","Sequanian"
2.9,5.05,6.85681345184378,47.1568212911963,"Pasture","Kimmeridgian"
2.9,5.1,6.85680489608305,47.1572698157031,"Pasture","Kimmeridgian"
2.9,5.15,6.85679634017862,47.1577183401614,"Forest","Kimmeridgian"
2.9,5.2,6.85678778413047,47.1581668645711,"Forest","Kimmeridgian"
2.95,0.7,6.85821240042057,47.117804221972,"Forest","Kimmeridgian"
2.95,0.75,6.85820386263673,47.1182527506445,"Forest","Kimmeridgian"
2.95,0.8,6.85819532470963,47.1187012792709,"Pasture","Kimmeridgian"
2.95,0.85,6.85818678663925,47.1191498078511,"Pasture","Sequanian"
2.95,0.9,6.85817824842559,47.1195983363851,"Pasture","Sequanian"
2.95,0.95,6.85816971006865,47.1200468648729,"Pasture","Sequanian"
2.95,1,6.85816117156843,47.1204953933144,"Meadow","Sequanian"
2.95,1.05,6.85815263292491,47.1209439217097,"Meadow","Sequanian"
2.95,1.1,6.8581440941381,47.1213924500586,"Meadow","Sequanian"
2.95,1.15,6.858135555208,47.1218409783611,"Meadow","Sequanian"
2.95,1.2,6.8581270161346,47.1222895066174,"Meadow","Sequanian"
2.95,1.25,6.85811847691789,47.1227380348272,"Meadow","Sequanian"
2.95,1.3,6.85810993755787,47.1231865629906,"Meadow","Argovian"
2.95,1.35,6.85810139805454,47.1236350911076,"Meadow","Argovian"
2.95,1.4,6.85809285840789,47.1240836191781,"Meadow","Argovian"
2.95,1.45,6.85808431861792,47.124532147202,"Forest","Sequanian"
2.95,1.5,6.85807577868463,47.1249806751795,"Forest","Sequanian"
2.95,1.55,6.858067238608,47.1254292031104,"Forest","Sequanian"
2.95,1.6,6.85805869838805,47.1258777309947,"Forest","Sequanian"
2.95,1.65,6.85805015802476,47.1263262588323,"Forest","Sequanian"
2.95,1.7,6.85804161751813,47.1267747866234,"Meadow","Sequanian"
2.95,1.75,6.85803307686815,47.1272233143678,"Meadow","Sequanian"
2.95,1.8,6.85802453607483,47.1276718420654,"Forest","Kimmeridgian"
2.95,1.85,6.85801599513816,47.1281203697164,"Forest","Kimmeridgian"
2.95,1.9,6.85800745405813,47.1285688973206,"Forest","Kimmeridgian"
2.95,1.95,6.85799891283474,47.129017424878,"Meadow","Kimmeridgian"
2.95,2,6.85799037146799,47.1294659523886,"Meadow","Kimmeridgian"
2.95,2.05,6.85798182995787,47.1299144798524,"Meadow","Kimmeridgian"
2.95,2.1,6.85797328830437,47.1303630072693,"Meadow","Kimmeridgian"
2.95,2.15,6.85796474650751,47.1308115346394,"Meadow","Kimmeridgian"
2.95,2.2,6.85795620456726,47.1312600619625,"Meadow","Kimmeridgian"
2.95,2.25,6.85794766248363,47.1317085892387,"Meadow","Kimmeridgian"
2.95,2.3,6.85793912025662,47.1321571164679,"Meadow","Portlandian"
2.95,2.35,6.85793057788621,47.1326056436501,"Meadow","Portlandian"
2.95,2.4,6.85792203537241,47.1330541707853,"Pasture","Portlandian"
2.95,2.45,6.85791349271521,47.1335026978734,"Pasture","Portlandian"
2.95,2.5,6.8579049499146,47.1339512249145,"Pasture","Kimmeridgian"
2.95,2.55,6.8578964069706,47.1343997519084,"Pasture","Kimmeridgian"
2.95,2.6,6.85788786388317,47.1348482788553,"Pasture","Kimmeridgian"
2.95,2.65,6.85787932065234,47.1352968057549,"Meadow","Sequanian"
2.95,2.7,6.85787077727809,47.1357453326074,"Meadow","Sequanian"
2.95,2.75,6.85786223376041,47.1361938594127,"Meadow","Sequanian"
2.95,2.8,6.85785369009931,47.1366423861706,"Meadow","Kimmeridgian"
2.95,2.85,6.85784514629478,47.1370909128814,"Meadow","Kimmeridgian"
2.95,2.9,6.85783660234681,47.1375394395448,"Meadow","Quaternary"
2.95,2.95,6.85782805825541,47.1379879661609,"Meadow","Quaternary"
2.95,3,6.85781951402057,47.1384364927297,"Meadow","Quaternary"
2.95,3.05,6.85781096964228,47.1388850192511,"Meadow","Quaternary"
2.95,3.1,6.85780242512054,47.1393335457251,"Meadow","Quaternary"
2.95,3.15,6.85779388045534,47.1397820721516,"Meadow","Quaternary"
2.95,3.2,6.8577853356467,47.1402305985306,"Meadow","Quaternary"
2.95,3.25,6.85777679069458,47.1406791248622,"Meadow","Quaternary"
2.95,3.3,6.85776824559901,47.1411276511463,"Pasture","Kimmeridgian"
2.95,3.35,6.85775970035996,47.1415761773828,"Pasture","Kimmeridgian"
2.95,3.4,6.85775115497744,47.1420247035718,"Pasture","Kimmeridgian"
2.95,3.45,6.85774260945145,47.1424732297131,"Pasture","Kimmeridgian"
2.95,3.5,6.85773406378197,47.1429217558069,"Pasture","Kimmeridgian"
2.95,3.55,6.85772551796901,47.143370281853,"Pasture","Kimmeridgian"
2.95,3.6,6.85771697201256,47.1438188078513,"Pasture","Kimmeridgian"
2.95,3.65,6.85770842591261,47.144267333802,"Pasture","Sequanian"
2.95,3.7,6.85769987966918,47.1447158597049,"Pasture","Sequanian"
2.95,3.75,6.85769133328224,47.1451643855602,"Pasture","Quaternary"
2.95,3.8,6.85768278675179,47.1456129113675,"Pasture","Quaternary"
2.95,3.85,6.85767424007784,47.1460614371271,"Pasture","Quaternary"
2.95,3.9,6.85766569326038,47.1465099628388,"Pasture","Quaternary"
2.95,3.95,6.8576571462994,47.1469584885027,"Pasture","Quaternary"
2.95,4,6.8576485991949,47.1474070141186,"Pasture","Argovian"
2.95,4.05,6.85764005194687,47.1478555396866,"Meadow","Argovian"
2.95,4.1,6.85763150455532,47.1483040652067,"Meadow","Argovian"
2.95,4.15,6.85762295702024,47.1487525906788,"Forest","Argovian"
2.95,4.2,6.85761440934162,47.1492011161029,"Forest","Argovian"
2.95,4.25,6.85760586151946,47.1496496414789,"Forest","Argovian"
2.95,4.3,6.85759731355376,47.1500981668069,"Forest","Argovian"
2.95,4.35,6.85758876544451,47.1505466920868,"Forest","Argovian"
2.95,4.4,6.85758021719171,47.1509952173185,"Meadow","Quaternary"
2.95,4.45,6.85757166879535,47.1514437425022,"Meadow","Quaternary"
2.95,4.5,6.85756312025543,47.1518922676376,"Meadow","Quaternary"
2.95,4.55,6.85755457157196,47.1523407927248,"Meadow","Argovian"
2.95,4.6,6.85754602274491,47.1527893177638,"Meadow","Argovian"
2.95,4.65,6.85753747377429,47.1532378427546,"Forest","Argovian"
2.95,4.7,6.8575289246601,47.153686367697,"Forest","Argovian"
2.95,4.75,6.85752037540233,47.1541348925912,"Forest","Argovian"
2.95,4.8,6.85751182600098,47.154583417437,"Meadow","Argovian"
2.95,4.85,6.85750327645604,47.1550319422345,"Meadow","Argovian"
2.95,4.9,6.85749472676752,47.1554804669835,"Forest","Sequanian"
2.95,4.95,6.85748617693539,47.1559289916842,"Forest","Sequanian"
2.95,5,6.85747762695967,47.1563775163364,"Meadow","Sequanian"
2.95,5.05,6.85746907684035,47.1568260409401,"Pasture","Kimmeridgian"
2.95,5.1,6.85746052657742,47.1572745654953,"Pasture","Kimmeridgian"
2.95,5.15,6.85745197617088,47.157723090002,"Forest","Kimmeridgian"
2.95,5.2,6.85744342562072,47.1581716144601,"Forest","Kimmeridgian"
2.95,5.25,6.85743487492695,47.1586201388696,"Forest","Kimmeridgian"
3,0.7,6.85886754757789,47.1178089637701,"Meadow","Kimmeridgian"
3,0.75,6.85885901528384,47.1182574924909,"Meadow","Kimmeridgian"
3,0.8,6.8588504828466,47.1187060211656,"Pasture","Kimmeridgian"
3,0.85,6.85884195026619,47.1191545497941,"Pasture","Sequanian"
3,0.9,6.85883341754259,47.1196030783765,"Pasture","Sequanian"
3,0.95,6.8588248846758,47.1200516069126,"Pasture","Sequanian"
3,1,6.85881635166582,47.1205001354024,"Pasture","Sequanian"
3,1.05,6.85880781851264,47.120948663846,"Pasture","Sequanian"
3,1.1,6.85879928521626,47.1213971922432,"Meadow","Sequanian"
3,1.15,6.85879075177667,47.1218457205942,"Meadow","Sequanian"
3,1.2,6.85878221819388,47.1222942488987,"Meadow","Sequanian"
3,1.25,6.85877368446787,47.1227427771568,"Meadow","Sequanian"
3,1.3,6.85876515059865,47.1231913053686,"Meadow","Argovian"
3,1.35,6.8587566165862,47.1236398335338,"Meadow","Argovian"
3,1.4,6.85874808243054,47.1240883616527,"Meadow","Argovian"
3,1.45,6.85873954813164,47.1245368897249,"Forest","Sequanian"
3,1.5,6.85873101368951,47.1249854177507,"Forest","Sequanian"
3,1.55,6.85872247910414,47.1254339457299,"Forest","Sequanian"
3,1.6,6.85871394437553,47.1258824736625,"Forest","Sequanian"
3,1.65,6.85870540950369,47.1263310015485,"Forest","Sequanian"
3,1.7,6.85869687448859,47.1267795293879,"Meadow","Sequanian"
3,1.75,6.85868833933024,47.1272280571806,"Meadow","Sequanian"
3,1.8,6.85867980402863,47.1276765849266,"Forest","Kimmeridgian"
3,1.85,6.85867126858377,47.1281251126259,"Forest","Kimmeridgian"
3,1.9,6.85866273299564,47.1285736402784,"Forest","Kimmeridgian"
3,1.95,6.85865419726424,47.1290221678842,"Meadow","Kimmeridgian"
3,2,6.85864566138957,47.1294706954431,"Meadow","Kimmeridgian"
3,2.05,6.85863712537163,47.1299192229553,"Meadow","Kimmeridgian"
3,2.1,6.85862858921041,47.1303677504205,"Meadow","Kimmeridgian"
3,2.15,6.8586200529059,47.1308162778389,"Meadow","Kimmeridgian"
3,2.2,6.85861151645811,47.1312648052103,"Meadow","Kimmeridgian"
3,2.25,6.85860297986703,47.1317133325349,"Meadow","Kimmeridgian"
3,2.3,6.85859444313265,47.1321618598124,"Meadow","Portlandian"
3,2.35,6.85858590625497,47.132610387043,"Meadow","Portlandian"
3,2.4,6.85857736923399,47.1330589142265,"Pasture","Portlandian"
3,2.45,6.85856883206971,47.133507441363,"Pasture","Portlandian"
3,2.5,6.85856029476211,47.1339559684524,"Pasture","Kimmeridgian"
3,2.55,6.8585517573112,47.1344044954947,"Pasture","Kimmeridgian"
3,2.6,6.85854321971697,47.1348530224898,"Pasture","Kimmeridgian"
3,2.65,6.85853468197942,47.1353015494378,"Pasture","Sequanian"
3,2.7,6.85852614409854,47.1357500763386,"Pasture","Sequanian"
3,2.75,6.85851760607434,47.1361986031922,"Pasture","Sequanian"
3,2.8,6.8585090679068,47.1366471299986,"Meadow","Kimmeridgian"
3,2.85,6.85850052959592,47.1370956567577,"Meadow","Kimmeridgian"
3,2.9,6.8584919911417,47.1375441834694,"Meadow","Kimmeridgian"
3,2.95,6.85848345254413,47.1379927101339,"Meadow","Kimmeridgian"
3,3,6.85847491380322,47.138441236751,"Meadow","Quaternary"
3,3.05,6.85846637491895,47.1388897633207,"Meadow","Quaternary"
3,3.1,6.85845783589132,47.1393382898431,"Meadow","Quaternary"
3,3.15,6.85844929672033,47.1397868163179,"Meadow","Quaternary"
3,3.2,6.85844075740598,47.1402353427454,"Meadow","Quaternary"
3,3.25,6.85843221794826,47.1406838691253,"Meadow","Quaternary"
3,3.3,6.85842367834716,47.1411323954577,"Pasture","Kimmeridgian"
3,3.35,6.85841513860269,47.1415809217426,"Pasture","Kimmeridgian"
3,3.4,6.85840659871484,47.1420294479799,"Pasture","Kimmeridgian"
3,3.45,6.8583980586836,47.1424779741696,"Pasture","Kimmeridgian"
3,3.5,6.85838951850898,47.1429265003117,"Pasture","Kimmeridgian"
3,3.55,6.85838097819096,47.1433750264061,"Pasture","Kimmeridgian"
3,3.6,6.85837243772955,47.1438235524528,"Pasture","Kimmeridgian"
3,3.65,6.85836389712473,47.1442720784519,"Pasture","Sequanian"
3,3.7,6.85835535637651,47.1447206044032,"Pasture","Sequanian"
3,3.75,6.85834681548489,47.1451691303067,"Pasture","Sequanian"
3,3.8,6.85833827444985,47.1456176561625,"Pasture","Sequanian"
3,3.85,6.85832973327139,47.1460661819704,"Pasture","Sequanian"
3,3.9,6.85832119194952,47.1465147077305,"Pasture","Quaternary"
3,3.95,6.85831265048422,47.1469632334427,"Pasture","Quaternary"
3,4,6.85830410887549,47.1474117591071,"Meadow","Argovian"
3,4.05,6.85829556712333,47.1478602847234,"Meadow","Argovian"
3,4.1,6.85828702522774,47.1483088102919,"Meadow","Argovian"
3,4.15,6.85827848318871,47.1487573358123,"Forest","Argovian"
3,4.2,6.85826994100623,47.1492058612847,"Forest","Argovian"
3,4.25,6.85826139868031,47.1496543867091,"Forest","Argovian"
3,4.3,6.85825285621093,47.1501029120855,"Meadow","Quaternary"
3,4.35,6.8582443135981,47.1505514374137,"Meadow","Quaternary"
3,4.4,6.85823577084181,47.1509999626938,"Meadow","Quaternary"
3,4.45,6.85822722794206,47.1514484879258,"Meadow","Quaternary"
3,4.5,6.85821868489885,47.1518970131097,"Meadow","Quaternary"
3,4.55,6.85821014171215,47.1523455382453,"Meadow","Argovian"
3,4.6,6.85820159838199,47.1527940633326,"Meadow","Argovian"
3,4.65,6.85819305490835,47.1532425883717,"Forest","Argovian"
3,4.7,6.85818451129122,47.1536911133626,"Forest","Argovian"
3,4.75,6.85817596753061,47.1541396383051,"Forest","Argovian"
3,4.8,6.85816742362651,47.1545881631993,"Meadow","Argovian"
3,4.85,6.85815887957891,47.1550366880451,"Meadow","Argovian"
3,4.9,6.85815033538782,47.1554852128426,"Meadow","Sequanian"
3,4.95,6.85814179105323,47.1559337375916,"Meadow","Sequanian"
3,5,6.85813324657512,47.1563822622922,"Meadow","Sequanian"
3,5.05,6.85812470195351,47.1568307869442,"Meadow","Kimmeridgian"
3,5.1,6.85811615718839,47.1572793115479,"Meadow","Kimmeridgian"
3,5.15,6.85810761227974,47.1577278361029,"Meadow","Kimmeridgian"
3,5.2,6.85809906722758,47.1581763606094,"Meadow","Kimmeridgian"
3,5.25,6.85809052203189,47.1586248850673,"Meadow","Kimmeridgian"
3,5.3,6.85808197669267,47.1590734094766,"Forest","Kimmeridgian"
3.05,0.7,6.85952269485142,47.1178137018312,"Meadow","Kimmeridgian"
3.05,0.75,6.85951416804715,47.1182622306004,"Pasture","Kimmeridgian"
3.05,0.8,6.85950564109979,47.1187107593233,"Pasture","Kimmeridgian"
3.05,0.85,6.85949711400935,47.1191592880002,"Pasture","Sequanian"
3.05,0.9,6.85948858677581,47.1196078166308,"Pasture","Sequanian"
3.05,0.95,6.85948005939917,47.1200563452152,"Meadow","Sequanian"
3.05,1,6.85947153187944,47.1205048737533,"Meadow","Sequanian"
3.05,1.05,6.8594630042166,47.1209534022452,"Meadow","Sequanian"
3.05,1.1,6.85945447641065,47.1214019306907,"Meadow","Sequanian"
3.05,1.15,6.85944594846158,47.1218504590899,"Meadow","Sequanian"
3.05,1.2,6.8594374203694,47.1222989874427,"Meadow","Sequanian"
3.05,1.25,6.8594288921341,47.1227475157492,"Meadow","Sequanian"
3.05,1.3,6.85942036375568,47.1231960440092,"Meadow","Argovian"
3.05,1.35,6.85941183523412,47.1236445722227,"Meadow","Argovian"
3.05,1.4,6.85940330656944,47.1240931003898,"Meadow","Argovian"
3.05,1.45,6.85939477776162,47.1245416285104,"Forest","Sequanian"
3.05,1.5,6.85938624881065,47.1249901565845,"Forest","Sequanian"
3.05,1.55,6.85937771971654,47.125438684612,"Forest","Sequanian"
3.05,1.6,6.85936919047929,47.1258872125929,"Forest","Sequanian"
3.05,1.65,6.85936066109889,47.1263357405272,"Forest","Sequanian"
3.05,1.7,6.85935213157532,47.1267842684149,"Meadow","Sequanian"
3.05,1.75,6.8593436019086,47.1272327962559,"Meadow","Sequanian"
3.05,1.8,6.85933507209872,47.1276813240502,"Forest","Kimmeridgian"
3.05,1.85,6.85932654214566,47.1281298517978,"Forest","Kimmeridgian"
3.05,1.9,6.85931801204944,47.1285783794986,"Forest","Kimmeridgian"
3.05,1.95,6.85930948181004,47.1290269071526,"Forest","Kimmeridgian"
3.05,2,6.85930095142746,47.1294754347599,"Forest","Kimmeridgian"
3.05,2.05,6.8592924209017,47.1299239623203,"Meadow","Kimmeridgian"
3.05,2.1,6.85928389023275,47.1303724898339,"Meadow","Kimmeridgian"
3.05,2.15,6.8592753594206,47.1308210173006,"Meadow","Kimmeridgian"
3.05,2.2,6.85926682846527,47.1312695447203,"Meadow","Kimmeridgian"
3.05,2.25,6.85925829736674,47.1317180720932,"Meadow","Kimmeridgian"
3.05,2.3,6.859249766125,47.132166599419,"Meadow","Portlandian"
3.05,2.35,6.85924123474006,47.1326151266979,"Meadow","Portlandian"
3.05,2.4,6.8592327032119,47.1330636539297,"Pasture","Portlandian"
3.05,2.45,6.85922417154054,47.1335121811145,"Pasture","Portlandian"
3.05,2.5,6.85921563972595,47.1339607082522,"Pasture","Kimmeridgian"
3.05,2.55,6.85920710776814,47.1344092353428,"Pasture","Kimmeridgian"
3.05,2.6,6.85919857566711,47.1348577623863,"Pasture","Kimmeridgian"
3.05,2.65,6.85919004342284,47.1353062893826,"Pasture","Sequanian"
3.05,2.7,6.85918151103535,47.1357548163317,"Pasture","Sequanian"
3.05,2.75,6.85917297850461,47.1362033432336,"Pasture","Sequanian"
3.05,2.8,6.85916444583063,47.1366518700883,"Meadow","Kimmeridgian"
3.05,2.85,6.85915591301341,47.1371003968957,"Meadow","Kimmeridgian"
3.05,2.9,6.85914738005294,47.1375489236558,"Pasture","Kimmeridgian"
3.05,2.95,6.85913884694921,47.1379974503686,"Pasture","Kimmeridgian"
3.05,3,6.85913031370223,47.138445977034,"Meadow","Quaternary"
3.05,3.05,6.85912178031199,47.138894503652,"Meadow","Quaternary"
3.05,3.1,6.85911324677848,47.1393430302227,"Meadow","Quaternary"
3.05,3.15,6.8591047131017,47.1397915567459,"Meadow","Quaternary"
3.05,3.2,6.85909617928165,47.1402400832216,"Meadow","Quaternary"
3.05,3.25,6.85908764531832,47.1406886096499,"Meadow","Quaternary"
3.05,3.3,6.85907911121171,47.1411371360306,"Pasture","Kimmeridgian"
3.05,3.35,6.85907057696182,47.1415856623638,"Pasture","Kimmeridgian"
3.05,3.4,6.85906204256863,47.1420341886494,"Pasture","Kimmeridgian"
3.05,3.45,6.85905350803216,47.1424827148875,"Pasture","Kimmeridgian"
3.05,3.5,6.85904497335239,47.1429312410778,"Pasture","Kimmeridgian"
3.05,3.55,6.85903643852932,47.1433797672206,"Pasture","Kimmeridgian"
3.05,3.6,6.85902790356294,47.1438282933157,"Pasture","Kimmeridgian"
3.05,3.65,6.85901936845326,47.144276819363,"Pasture","Sequanian"
3.05,3.7,6.85901083320026,47.1447253453627,"Pasture","Sequanian"
3.05,3.75,6.85900229780395,47.1451738713145,"Pasture","Sequanian"
3.05,3.8,6.85899376226432,47.1456223972186,"Pasture","Sequanian"
3.05,3.85,6.85898522658137,47.1460709230749,"Pasture","Sequanian"
3.05,3.9,6.85897669075509,47.1465194488832,"Meadow","Sequanian"
3.05,3.95,6.85896815478547,47.1469679746438,"Meadow","Quaternary"
3.05,4,6.85895961867253,47.1474165003565,"Meadow","Quaternary"
3.05,4.05,6.85895108241623,47.1478650260212,"Meadow","Argovian"
3.05,4.1,6.8589425460166,47.1483135516379,"Meadow","Argovian"
3.05,4.15,6.85893400947363,47.1487620772067,"Forest","Argovian"
3.05,4.2,6.85892547278729,47.1492106027275,"Forest","Argovian"
3.05,4.25,6.85891693595761,47.1496591282002,"Forest","Argovian"
3.05,4.3,6.85890839898457,47.1501076536249,"Meadow","Quaternary"
3.05,4.35,6.85889986186816,47.1505561790015,"Meadow","Quaternary"
3.05,4.4,6.85889132460839,47.15100470433,"Meadow","Quaternary"
3.05,4.45,6.85888278720524,47.1514532296103,"Meadow","Quaternary"
3.05,4.5,6.85887424965872,47.1519017548424,"Meadow","Quaternary"
3.05,4.55,6.85886571196883,47.1523502800264,"Meadow","Argovian"
3.05,4.6,6.85885717413555,47.1527988051621,"Meadow","Argovian"
3.05,4.65,6.85884863615888,47.1532473302495,"Meadow","Argovian"
3.05,4.7,6.85884009803883,47.1536958552887,"Meadow","Argovian"
3.05,4.75,6.85883155977538,47.1541443802796,"Meadow","Argovian"
3.05,4.8,6.85882302136853,47.1545929052221,"Meadow","Argovian"
3.05,4.85,6.85881448281828,47.1550414301163,"Meadow","Argovian"
3.05,4.9,6.85880594412463,47.1554899549621,"Meadow","Sequanian"
3.05,4.95,6.85879740528756,47.1559384797594,"Meadow","Sequanian"
3.05,5,6.85878886630708,47.1563870045083,"Meadow","Sequanian"
3.05,5.05,6.85878032718319,47.1568355292088,"Meadow","Kimmeridgian"
3.05,5.1,6.85877178791587,47.1572840538607,"Meadow","Kimmeridgian"
3.05,5.15,6.85876324850512,47.1577325784641,"Meadow","Kimmeridgian"
3.05,5.2,6.85875470895095,47.158181103019,"Meadow","Kimmeridgian"
3.05,5.25,6.85874616925335,47.1586296275252,"Meadow","Kimmeridgian"
3.05,5.3,6.85873762941231,47.1590781519829,"Forest","Kimmeridgian"
3.05,5.35,6.85872908942782,47.1595266763919,"Forest","Kimmeridgian"
3.1,0.7,6.86017784224106,47.1178184361554,"Meadow","Kimmeridgian"
3.1,0.75,6.86016932092658,47.1182669649729,"Pasture","Kimmeridgian"
3.1,0.8,6.8601607994691,47.1187154937441,"Pasture","Kimmeridgian"
3.1,0.85,6.86015227786863,47.1191640224692,"Pasture","Sequanian"
3.1,0.9,6.86014375612516,47.1196125511481,"Pasture","Sequanian"
3.1,0.95,6.86013523423868,47.1200610797807,"Meadow","Sequanian"
3.1,1,6.8601267122092,47.1205096083671,"Meadow","Sequanian"
3.1,1.05,6.8601181900367,47.1209581369072,"Meadow","Sequanian"
3.1,1.1,6.86010966772118,47.121406665401,"Meadow","Sequanian"
3.1,1.15,6.86010114526264,47.1218551938485,"Meadow","Sequanian"
3.1,1.2,6.86009262266108,47.1223037222496,"Meadow","Sequanian"
3.1,1.25,6.86008409991649,47.1227522506042,"Meadow","Sequanian"
3.1,1.3,6.86007557702886,47.1232007789125,"Meadow","Sequanian"
3.1,1.35,6.8600670539982,47.1236493071743,"Meadow","Sequanian"
3.1,1.4,6.8600585308245,47.1240978353896,"Meadow","Sequanian"
3.1,1.45,6.86005000750776,47.1245463635586,"Forest","Sequanian"
3.1,1.5,6.86004148404797,47.1249948916809,"Forest","Sequanian"
3.1,1.55,6.86003296044512,47.1254434197566,"Forest","Sequanian"
3.1,1.6,6.86002443669922,47.1258919477858,"Forest","Sequanian"
3.1,1.65,6.86001591281026,47.1263404757684,"Forest","Sequanian"
3.1,1.7,6.86000738877824,47.1267890037043,"Meadow","Sequanian"
3.1,1.75,6.85999886460315,47.1272375315936,"Meadow","Sequanian"
3.1,1.8,6.85999034028499,47.1276860594362,"Forest","Kimmeridgian"
3.1,1.85,6.85998181582375,47.128134587232,"Forest","Kimmeridgian"
3.1,1.9,6.85997329121943,47.1285831149811,"Forest","Kimmeridgian"
3.1,1.95,6.85996476647203,47.1290316426834,"Forest","Kimmeridgian"
3.1,2,6.85995624158155,47.1294801703389,"Forest","Kimmeridgian"
3.1,2.05,6.85994771654797,47.1299286979477,"Meadow","Kimmeridgian"
3.1,2.1,6.8599391913713,47.1303772255095,"Meadow","Kimmeridgian"
3.1,2.15,6.85993066605152,47.1308257530244,"Meadow","Kimmeridgian"
3.1,2.2,6.85992214058865,47.1312742804925,"Meadow","Kimmeridgian"
3.1,2.25,6.85991361498267,47.1317228079136,"Meadow","Kimmeridgian"
3.1,2.3,6.85990508923358,47.1321713352877,"Meadow","Portlandian"
3.1,2.35,6.85989656334137,47.1326198626148,"Meadow","Portlandian"
3.1,2.4,6.85988803730605,47.133068389895,"Forest","Portlandian"
3.1,2.45,6.8598795111276,47.133516917128,"Forest","Portlandian"
3.1,2.5,6.85987098480603,47.133965444314,"Pasture","Kimmeridgian"
3.1,2.55,6.85986245834133,47.1344139714529,"Pasture","Kimmeridgian"
3.1,2.6,6.85985393173349,47.1348624985447,"Pasture","Kimmeridgian"
3.1,2.65,6.85984540498252,47.1353110255892,"Pasture","Sequanian"
3.1,2.7,6.8598368780884,47.1357595525866,"Pasture","Sequanian"
3.1,2.75,6.85982835105114,47.1362080795368,"Pasture","Sequanian"
3.1,2.8,6.85981982387073,47.1366566064397,"Pasture","Kimmeridgian"
3.1,2.85,6.85981129654717,47.1371051332954,"Pasture","Kimmeridgian"
3.1,2.9,6.85980276908045,47.1375536601038,"Pasture","Kimmeridgian"
3.1,2.95,6.85979424147056,47.1380021868649,"Pasture","Kimmeridgian"
3.1,3,6.85978571371752,47.1384507135786,"Meadow","Quaternary"
3.1,3.05,6.8597771858213,47.1388992402449,"Meadow","Quaternary"
3.1,3.1,6.85976865778191,47.1393477668638,"Meadow","Quaternary"
3.1,3.15,6.85976012959935,47.1397962934353,"Meadow","Kimmeridgian"
3.1,3.2,6.8597516012736,47.1402448199594,"Meadow","Kimmeridgian"
3.1,3.25,6.85974307280467,47.1406933464359,"Meadow","Kimmeridgian"
3.1,3.3,6.85973454419255,47.1411418728649,"Pasture","Kimmeridgian"
3.1,3.35,6.85972601543724,47.1415903992464,"Pasture","Kimmeridgian"
3.1,3.4,6.85971748653873,47.1420389255804,"Pasture","Kimmeridgian"
3.1,3.45,6.85970895749702,47.1424874518667,"Pasture","Kimmeridgian"
3.1,3.5,6.85970042831211,47.1429359781053,"Pasture","Kimmeridgian"
3.1,3.55,6.85969189898399,47.1433845042964,"Pasture","Kimmeridgian"
3.1,3.6,6.85968336951265,47.1438330304398,"Meadow","Kimmeridgian"
3.1,3.65,6.85967483989811,47.1442815565354,"Pasture","Sequanian"
3.1,3.7,6.85966631014034,47.1447300825833,"Pasture","Sequanian"
3.1,3.75,6.85965778023935,47.1451786085835,"Pasture","Sequanian"
3.1,3.8,6.85964925019513,47.1456271345359,"Meadow","Sequanian"
3.1,3.85,6.85964072000768,47.1460756604404,"Meadow","Sequanian"
3.1,3.9,6.85963218967699,47.1465241862971,"Meadow","Sequanian"
3.1,3.95,6.85962365920307,47.146972712106,"Meadow","Quaternary"
3.1,4,6.8596151285859,47.1474212378669,"Meadow","Quaternary"
3.1,4.05,6.85960659782548,47.1478697635799,"Meadow","Argovian"
3.1,4.1,6.85959806692181,47.148318289245,"Meadow","Argovian"
3.1,4.15,6.8595895358749,47.1487668148621,"Meadow","Argovian"
3.1,4.2,6.85958100468472,47.1492153404312,"Meadow","Argovian"
3.1,4.25,6.85957247335127,47.1496638659522,"Meadow","Argovian"
3.1,4.3,6.85956394187456,47.1501123914252,"Meadow","Quaternary"
3.1,4.35,6.85955541025458,47.1505609168501,"Meadow","Quaternary"
3.1,4.4,6.85954687849133,47.1510094422268,"Meadow","Quaternary"
3.1,4.45,6.8595383465848,47.1514579675554,"Meadow","Quaternary"
3.1,4.5,6.85952981453498,47.1519064928359,"Meadow","Quaternary"
3.1,4.55,6.85952128234188,47.1523550180682,"Meadow","Argovian"
3.1,4.6,6.85951275000549,47.1528035432522,"Meadow","Argovian"
3.1,4.65,6.85950421752581,47.1532520683879,"Meadow","Argovian"
3.1,4.7,6.85949568490282,47.1537005934755,"Meadow","Argovian"
3.1,4.75,6.85948715213654,47.1541491185146,"Meadow","Argovian"
3.1,4.8,6.85947861922695,47.1545976435055,"Meadow","Argovian"
3.1,4.85,6.85947008617405,47.1550461684479,"Meadow","Argovian"
3.1,4.9,6.85946155297783,47.155494693342,"Meadow","Argovian"
3.1,4.95,6.8594530196383,47.1559432181877,"Meadow","Argovian"
3.1,5,6.85944448615545,47.156391742985,"Meadow","Sequanian"
3.1,5.05,6.85943595252927,47.1568402677337,"Tillage","Sequanian"
3.1,5.1,6.85942741875977,47.1572887924339,"Tillage","Sequanian"
3.1,5.15,6.85941888484693,47.1577373170856,"Tillage","Quaternary"
3.1,5.2,6.85941035079075,47.1581858416888,"Tillage","Quaternary"
3.1,5.25,6.85940181659123,47.1586343662434,"Tillage","Quaternary"
3.1,5.3,6.85939328224837,47.1590828907494,"Tillage","Kimmeridgian"
3.1,5.35,6.85938474776216,47.1595314152067,"Tillage","Kimmeridgian"
3.1,5.4,6.8593762131326,47.1599799396154,"Meadow","Kimmeridgian"
3.15,0.7,6.86083298974672,47.1178231667428,"Meadow","Kimmeridgian"
3.15,0.75,6.86082447392204,47.1182716956084,"Meadow","Kimmeridgian"
3.15,0.8,6.86081595795445,47.1187202244279,"Meadow","Kimmeridgian"
3.15,0.85,6.86080744184395,47.1191687532012,"Pasture","Sequanian"
3.15,0.9,6.86079892559055,47.1196172819282,"Pasture","Sequanian"
3.15,0.95,6.86079040919423,47.1200658106091,"Pasture","Sequanian"
3.15,1,6.86078189265499,47.1205143392437,"Pasture","Sequanian"
3.15,1.05,6.86077337597284,47.1209628678321,"Pasture","Sequanian"
3.15,1.1,6.86076485914776,47.1214113963741,"Meadow","Sequanian"
3.15,1.15,6.86075634217975,47.1218599248698,"Meadow","Sequanian"
3.15,1.2,6.86074782506881,47.1223084533191,"Meadow","Sequanian"
3.15,1.25,6.86073930781493,47.122756981722,"Meadow","Sequanian"
3.15,1.3,6.86073079041811,47.1232055100785,"Meadow","Sequanian"
3.15,1.35,6.86072227287835,47.1236540383886,"Meadow","Sequanian"
3.15,1.4,6.86071375519564,47.1241025666522,"Meadow","Sequanian"
3.15,1.45,6.86070523736998,47.1245510948692,"Meadow","Sequanian"
3.15,1.5,6.86069671940136,47.1249996230398,"Meadow","Sequanian"
3.15,1.55,6.86068820128979,47.1254481511638,"Meadow","Sequanian"
3.15,1.6,6.86067968303524,47.1258966792413,"Meadow","Sequanian"
3.15,1.65,6.86067116463773,47.126345207272,"Meadow","Sequanian"
3.15,1.7,6.86066264609725,47.1267937352562,"Forest","Sequanian"
3.15,1.75,6.8606541274138,47.1272422631937,"Forest","Sequanian"
3.15,1.8,6.86064560858736,47.1276907910845,"Forest","Sequanian"
3.15,1.85,6.86063708961794,47.1281393189286,"Forest","Kimmeridgian"
3.15,1.9,6.86062857050554,47.128587846726,"Forest","Kimmeridgian"
3.15,1.95,6.86062005125014,47.1290363744765,"Meadow","Kimmeridgian"
3.15,2,6.86061153185175,47.1294849021803,"Meadow","Kimmeridgian"
3.15,2.05,6.86060301231036,47.1299334298372,"Meadow","Kimmeridgian"
3.15,2.1,6.86059449262596,47.1303819574473,"Meadow","Kimmeridgian"
3.15,2.15,6.86058597279856,47.1308304850105,"Meadow","Quaternary"
3.15,2.2,6.86057745282816,47.1312790125268,"Meadow","Quaternary"
3.15,2.25,6.86056893271473,47.1317275399961,"Meadow","Quaternary"
3.15,2.3,6.86056041245829,47.1321760674185,"Forest","Portlandian"
3.15,2.35,6.86055189205882,47.1326245947938,"Forest","Portlandian"
3.15,2.4,6.86054337151633,47.1330731221222,"Forest","Portlandian"
3.15,2.45,6.86053485083081,47.1335216494035,"Forest","Portlandian"
3.15,2.5,6.86052633000226,47.1339701766377,"Forest","Portlandian"
3.15,2.55,6.86051780903066,47.1344187038249,"Forest","Sequanian"
3.15,2.6,6.86050928791603,47.1348672309649,"Forest","Sequanian"
3.15,2.65,6.86050076665835,47.1353157580577,"Meadow","Sequanian"
3.15,2.7,6.86049224525762,47.1357642851033,"Meadow","Sequanian"
3.15,2.75,6.86048372371384,47.1362128121018,"Meadow","Sequanian"
3.15,2.8,6.860475202027,47.136661339053,"Pasture","Sequanian"
3.15,2.85,6.8604666801971,47.1371098659569,"Pasture","Sequanian"
3.15,2.9,6.86045815822413,47.1375583928136,"Pasture","Quaternary"
3.15,2.95,6.86044963610809,47.1380069196228,"Pasture","Quaternary"
3.15,3,6.86044111384899,47.1384554463848,"Meadow","Quaternary"
3.15,3.05,6.8604325914468,47.1389039730994,"Meadow","Quaternary"
3.15,3.1,6.86042406890154,47.1393524997666,"Meadow","Quaternary"
3.15,3.15,6.86041554621319,47.1398010263863,"Meadow","Kimmeridgian"
3.15,3.2,6.86040702338175,47.1402495529586,"Meadow","Kimmeridgian"
3.15,3.25,6.86039850040722,47.1406980794834,"Meadow","Kimmeridgian"
3.15,3.3,6.86038997728959,47.1411466059607,"Pasture","Kimmeridgian"
3.15,3.35,6.86038145402887,47.1415951323905,"Pasture","Kimmeridgian"
3.15,3.4,6.86037293062503,47.1420436587726,"Pasture","Kimmeridgian"
3.15,3.45,6.86036440707809,47.1424921851072,"Pasture","Kimmeridgian"
3.15,3.5,6.86035588338804,47.1429407113942,"Pasture","Kimmeridgian"
3.15,3.55,6.86034735955488,47.1433892376335,"Pasture","Kimmeridgian"
3.15,3.6,6.86033883557859,47.1438377638251,"Pasture","Kimmeridgian"
3.15,3.65,6.86033031145918,47.144286289969,"Meadow","Kimmeridgian"
3.15,3.7,6.86032178719664,47.1447348160652,"Meadow","Kimmeridgian"
3.15,3.75,6.86031326279097,47.1451833421136,"Meadow","Sequanian"
3.15,3.8,6.86030473824217,47.1456318681143,"Meadow","Sequanian"
3.15,3.85,6.86029621355023,47.1460803940671,"Meadow","Sequanian"
3.15,3.9,6.86028768871514,47.1465289199721,"Meadow","Sequanian"
3.15,3.95,6.86027916373691,47.1469774458292,"Meadow","Sequanian"
3.15,4,6.86027063861552,47.1474259716384,"Meadow","Sequanian"
3.15,4.05,6.86026211335098,47.1478744973996,"Meadow","Argovian"
3.15,4.1,6.86025358794329,47.148323023113,"Meadow","Argovian"
3.15,4.15,6.86024506239243,47.1487715487783,"Meadow","Argovian"
3.15,4.2,6.8602365366984,47.1492200743957,"Meadow","Argovian"
3.15,4.25,6.8602280108612,47.149668599965,"Meadow","Argovian"
3.15,4.3,6.86021948488083,47.1501171254863,"Meadow","Argovian"
3.15,4.35,6.86021095875728,47.1505656509594,"Meadow","Argovian"
3.15,4.4,6.86020243249055,47.1510141763845,"Meadow","Quaternary"
3.15,4.45,6.86019390608063,47.1514627017614,"Meadow","Quaternary"
3.15,4.5,6.86018537952752,47.1519112270901,"Meadow","Quaternary"
3.15,4.55,6.86017685283122,47.1523597523706,"Meadow","Quaternary"
3.15,4.6,6.86016832599172,47.152808277603,"Meadow","Quaternary"
3.15,4.65,6.86015979900902,47.153256802787,"Pasture","Argovian"
3.15,4.7,6.86015127188312,47.1537053279227,"Pasture","Argovian"
3.15,4.75,6.860142744614,47.1541538530102,"Pasture","Argovian"
3.15,4.8,6.86013421720167,47.1546023780493,"Meadow","Argovian"
3.15,4.85,6.86012568964613,47.1550509030401,"Meadow","Argovian"
3.15,4.9,6.86011716194735,47.1554994279825,"Meadow","Argovian"
3.15,4.95,6.86010863410536,47.1559479528764,"Meadow","Argovian"
3.15,5,6.86010010612014,47.1563964777219,"Meadow","Sequanian"
3.15,5.05,6.86009157799169,47.1568450025189,"Tillage","Sequanian"
3.15,5.1,6.86008304972,47.1572935272675,"Tillage","Sequanian"
3.15,5.15,6.86007452130506,47.1577420519675,"Tillage","Quaternary"
3.15,5.2,6.86006599274689,47.1581905766189,"Tillage","Quaternary"
3.15,5.25,6.86005746404546,47.1586391012218,"Tillage","Kimmeridgian"
3.15,5.3,6.86004893520078,47.1590876257761,"Tillage","Kimmeridgian"
3.15,5.35,6.86004040621285,47.1595361502817,"Tillage","Kimmeridgian"
3.15,5.4,6.86003187708165,47.1599846747387,"Meadow","Kimmeridgian"
3.15,5.45,6.8600233478072,47.1604331991469,"Meadow","Kimmeridgian"
3.2,0.7,6.86148813736832,47.1178278935932,"Meadow","Kimmeridgian"
3.2,0.75,6.86147962703343,47.118276422507,"Meadow","Kimmeridgian"
3.2,0.8,6.86147111655573,47.1187249513746,"Meadow","Kimmeridgian"
3.2,0.85,6.86146260593521,47.1191734801962,"Pasture","Sequanian"
3.2,0.9,6.86145409517188,47.1196220089714,"Pasture","Sequanian"
3.2,0.95,6.86144558426573,47.1200705377005,"Pasture","Sequanian"
3.2,1,6.86143707321675,47.1205190663833,"Pasture","Sequanian"
3.2,1.05,6.86142856202494,47.1209675950198,"Pasture","Sequanian"
3.2,1.1,6.8614200506903,47.1214161236101,"Meadow","Sequanian"
3.2,1.15,6.86141153921283,47.1218646521539,"Meadow","Sequanian"
3.2,1.2,6.86140302759251,47.1223131806514,"Meadow","Sequanian"
3.2,1.25,6.86139451582935,47.1227617091025,"Meadow","Sequanian"
3.2,1.3,6.86138600392334,47.1232102375073,"Meadow","Sequanian"
3.2,1.35,6.86137749187448,47.1236587658655,"Meadow","Sequanian"
3.2,1.4,6.86136897968276,47.1241072941773,"Meadow","Sequanian"
3.2,1.45,6.86136046734819,47.1245558224426,"Meadow","Sequanian"
3.2,1.5,6.86135195487074,47.1250043506614,"Meadow","Sequanian"
3.2,1.55,6.86134344225044,47.1254528788336,"Meadow","Sequanian"
3.2,1.6,6.86133492948726,47.1259014069592,"Meadow","Sequanian"
3.2,1.65,6.8613264165812,47.1263499350382,"Meadow","Sequanian"
3.2,1.7,6.86131790353227,47.1267984630705,"Forest","Sequanian"
3.2,1.75,6.86130939034045,47.1272469910562,"Forest","Sequanian"
3.2,1.8,6.86130087700574,47.1276955189952,"Forest","Sequanian"
3.2,1.85,6.86129236352815,47.1281440468875,"Forest","Kimmeridgian"
3.2,1.9,6.86128384990766,47.1285925747331,"Forest","Kimmeridgian"
3.2,1.95,6.86127533614427,47.1290411025319,"Meadow","Kimmeridgian"
3.2,2,6.86126682223797,47.1294896302838,"Meadow","Kimmeridgian"
3.2,2.05,6.86125830818877,47.129938157989,"Meadow","Kimmeridgian"
3.2,2.1,6.86124979399666,47.1303866856473,"Meadow","Kimmeridgian"
3.2,2.15,6.86124127966164,47.1308352132587,"Meadow","Quaternary"
3.2,2.2,6.8612327651837,47.1312837408232,"Meadow","Quaternary"
3.2,2.25,6.86122425056283,47.1317322683407,"Meadow","Quaternary"
3.2,2.3,6.86121573579904,47.1321807958113,"Forest","Portlandian"
3.2,2.35,6.86120722089232,47.1326293232349,"Forest","Portlandian"
3.2,2.4,6.86119870584267,47.1330778506115,"Forest","Portlandian"
3.2,2.45,6.86119019065007,47.133526377941,"Forest","Portlandian"
3.2,2.5,6.86118167531454,47.1339749052235,"Forest","Portlandian"
3.2,2.55,6.86117315983606,47.1344234324588,"Forest","Sequanian"
3.2,2.6,6.86116464421463,47.134871959647,"Forest","Sequanian"
3.2,2.65,6.86115612845025,47.1353204867881,"Meadow","Sequanian"
3.2,2.7,6.86114761254291,47.135769013882,"Meadow","Sequanian"
3.2,2.75,6.86113909649261,47.1362175409286,"Meadow","Sequanian"
3.2,2.8,6.86113058029934,47.136666067928,"Pasture","Sequanian"
3.2,2.85,6.8611220639631,47.1371145948802,"Pasture","Sequanian"
3.2,2.9,6.8611135474839,47.137563121785,"Pasture","Quaternary"
3.2,2.95,6.86110503086171,47.1380116486425,"Pasture","Quaternary"
3.2,3,6.86109651409655,47.1384601754527,"Meadow","Quaternary"
3.2,3.05,6.8610879971884,47.1389087022156,"Meadow","Quaternary"
3.2,3.1,6.86107948013726,47.139357228931,"Meadow","Quaternary"
3.2,3.15,6.86107096294313,47.1398057555989,"Meadow","Kimmeridgian"
3.2,3.2,6.861062445606,47.1402542822194,"Meadow","Kimmeridgian"
3.2,3.25,6.86105392812587,47.1407028087924,"Meadow","Kimmeridgian"
3.2,3.3,6.86104541050275,47.141151335318,"Pasture","Kimmeridgian"
3.2,3.35,6.8610368927366,47.1415998617959,"Pasture","Kimmeridgian"
3.2,3.4,6.86102837482746,47.1420483882263,"Pasture","Kimmeridgian"
3.2,3.45,6.86101985677529,47.1424969146092,"Pasture","Kimmeridgian"
3.2,3.5,6.8610113385801,47.1429454409443,"Pasture","Kimmeridgian"
3.2,3.55,6.8610028202419,47.1433939672318,"Pasture","Kimmeridgian"
3.2,3.6,6.86099430176066,47.1438424934717,"Pasture","Kimmeridgian"
3.2,3.65,6.86098578313639,47.1442910196639,"Meadow","Kimmeridgian"
3.2,3.7,6.86097726436908,47.1447395458083,"Meadow","Kimmeridgian"
3.2,3.75,6.86096874545874,47.145188071905,"Meadow","Sequanian"
3.2,3.8,6.86096022640536,47.1456365979538,"Meadow","Sequanian"
3.2,3.85,6.86095170720893,47.1460851239549,"Meadow","Sequanian"
3.2,3.9,6.86094318786944,47.1465336499081,"Meadow","Sequanian"
3.2,3.95,6.8609346683869,47.1469821758134,"Meadow","Sequanian"
3.2,4,6.86092614876131,47.1474307016709,"Meadow","Sequanian"
3.2,4.05,6.86091762899265,47.1478792274804,"Meadow","Argovian"
3.2,4.1,6.86090910908092,47.148327753242,"Meadow","Argovian"
3.2,4.15,6.86090058902613,47.1487762789556,"Meadow","Argovian"
3.2,4.2,6.86089206882826,47.1492248046212,"Meadow","Argovian"
3.2,4.25,6.86088354848731,47.1496733302387,"Meadow","Argovian"
3.2,4.3,6.86087502800328,47.1501218558082,"Meadow","Argovian"
3.2,4.35,6.86086650737616,47.1505703813296,"Meadow","Argovian"
3.2,4.4,6.86085798660596,47.1510189068029,"Meadow","Quaternary"
3.2,4.45,6.86084946569266,47.151467432228,"Meadow","Quaternary"
3.2,4.5,6.86084094463626,47.151915957605,"Meadow","Quaternary"
3.2,4.55,6.86083242343676,47.1523644829338,"Meadow","Quaternary"
3.2,4.6,6.86082390209416,47.1528130082143,"Meadow","Quaternary"
3.2,4.65,6.86081538060844,47.1532615334466,"Pasture","Argovian"
3.2,4.7,6.86080685897962,47.1537100586306,"Pasture","Argovian"
3.2,4.75,6.86079833720767,47.1541585837664,"Pasture","Argovian"
3.2,4.8,6.86078981529261,47.1546071088537,"Meadow","Argovian"
3.2,4.85,6.86078129323442,47.1550556338927,"Meadow","Argovian"
3.2,4.9,6.8607727710331,47.1555041588834,"Meadow","Argovian"
3.2,4.95,6.86076424868865,47.1559526838255,"Meadow","Argovian"
3.2,5,6.86075572620106,47.1564012087193,"Meadow","Sequanian"
3.2,5.05,6.86074720357033,47.1568497335646,"Tillage","Sequanian"
3.2,5.1,6.86073868079646,47.1572982583614,"Tillage","Sequanian"
3.2,5.15,6.86073015787944,47.1577467831097,"Tillage","Quaternary"
3.2,5.2,6.86072163481926,47.1581953078094,"Tillage","Quaternary"
3.2,5.25,6.86071311161593,47.1586438324605,"Tillage","Kimmeridgian"
3.2,5.3,6.86070458826944,47.159092357063,"Tillage","Kimmeridgian"
3.2,5.35,6.86069606477979,47.1595408816169,"Tillage","Kimmeridgian"
3.2,5.4,6.86068754114696,47.1599894061221,"Meadow","Kimmeridgian"
3.2,5.45,6.86067901737097,47.1604379305786,"Meadow","Kimmeridgian"
3.2,5.5,6.8606704934518,47.1608864549864,"Meadow","Kimmeridgian"
3.25,0.75,6.86213478026067,47.1182811456687,"Meadow","Kimmeridgian"
3.25,0.8,6.86212627527286,47.1187296745844,"Meadow","Kimmeridgian"
3.25,0.85,6.86211777014233,47.1191782034541,"Pasture","Kimmeridgian"
3.25,0.9,6.86210926486907,47.1196267322775,"Pasture","Kimmeridgian"
3.25,0.95,6.86210075945308,47.1200752610548,"Pasture","Kimmeridgian"
3.25,1,6.86209225389436,47.1205237897857,"Pasture","Sequanian"
3.25,1.05,6.86208374819291,47.1209723184704,"Pasture","Sequanian"
3.25,1.1,6.86207524234871,47.1214208471088,"Meadow","Sequanian"
3.25,1.15,6.86206673636177,47.1218693757008,"Meadow","Sequanian"
3.25,1.2,6.86205823023209,47.1223179042465,"Pasture","Sequanian"
3.25,1.25,6.86204972395964,47.1227664327458,"Pasture","Sequanian"
3.25,1.3,6.86204121754445,47.1232149611987,"Pasture","Sequanian"
3.25,1.35,6.86203271098649,47.1236634896051,"Meadow","Sequanian"
3.25,1.4,6.86202420428577,47.1241120179651,"Meadow","Sequanian"
3.25,1.45,6.86201569744228,47.1245605462785,"Meadow","Sequanian"
3.25,1.5,6.86200719045602,47.1250090745455,"Meadow","Sequanian"
3.25,1.55,6.86199868332699,47.1254576027658,"Meadow","Sequanian"
3.25,1.6,6.86199017605517,47.1259061309396,"Meadow","Sequanian"
3.25,1.65,6.86198166864057,47.1263546590668,"Meadow","Sequanian"
3.25,1.7,6.86197316108319,47.1268031871473,"Meadow","Sequanian"
3.25,1.75,6.86196465338301,47.1272517151812,"Meadow","Sequanian"
3.25,1.8,6.86195614554004,47.1277002431684,"Forest","Sequanian"
3.25,1.85,6.86194763755427,47.1281487711088,"Forest","Kimmeridgian"
3.25,1.9,6.8619391294257,47.1285972990026,"Forest","Kimmeridgian"
3.25,1.95,6.86193062115432,47.1290458268495,"Forest","Kimmeridgian"
3.25,2,6.86192211274013,47.1294943546497,"Forest","Kimmeridgian"
3.25,2.05,6.86191360418312,47.129942882403,"Meadow","Kimmeridgian"
3.25,2.1,6.8619050954833,47.1303914101095,"Meadow","Kimmeridgian"
3.25,2.15,6.86189658664065,47.1308399377691,"Meadow","Quaternary"
3.25,2.2,6.86188807765518,47.1312884653817,"Meadow","Quaternary"
3.25,2.25,6.86187956852688,47.1317369929475,"Pasture","Quaternary"
3.25,2.3,6.86187105925574,47.1321855204662,"Pasture","Quaternary"
3.25,2.35,6.86186254984177,47.132634047938,"Pasture","Quaternary"
3.25,2.4,6.86185404028496,47.1330825753627,"Forest","Portlandian"
3.25,2.45,6.8618455305853,47.1335311027404,"Forest","Portlandian"
3.25,2.5,6.86183702074279,47.1339796300711,"Forest","Portlandian"
3.25,2.55,6.86182851075742,47.1344281573546,"Forest","Kimmeridgian"
3.25,2.6,6.8618200006292,47.134876684591,"Forest","Kimmeridgian"
3.25,2.65,6.86181149035812,47.1353252117803,"Meadow","Sequanian"
3.25,2.7,6.86180297994417,47.1357737389223,"Meadow","Sequanian"
3.25,2.75,6.86179446938736,47.1362222660172,"Meadow","Sequanian"
3.25,2.8,6.86178595868767,47.1366707930648,"Pasture","Sequanian"
3.25,2.85,6.8617774478451,47.1371193200651,"Pasture","Sequanian"
3.25,2.9,6.86176893685966,47.1375678470182,"Pasture","Quaternary"
3.25,2.95,6.86176042573133,47.1380163739239,"Pasture","Quaternary"
3.25,3,6.86175191446011,47.1384649007823,"Meadow","Quaternary"
3.25,3.05,6.861743403046,47.1389134275933,"Meadow","Quaternary"
3.25,3.1,6.86173489148899,47.1393619543569,"Meadow","Quaternary"
3.25,3.15,6.86172637978908,47.139810481073,"Meadow","Kimmeridgian"
3.25,3.2,6.86171786794627,47.1402590077417,"Meadow","Kimmeridgian"
3.25,3.25,6.86170935596055,47.1407075343629,"Meadow","Kimmeridgian"
3.25,3.3,6.86170084383192,47.1411560609367,"Pasture","Kimmeridgian"
3.25,3.35,6.86169233156037,47.1416045874628,"Pasture","Kimmeridgian"
3.25,3.4,6.86168381914591,47.1420531139415,"Pasture","Kimmeridgian"
3.25,3.45,6.86167530658851,47.1425016403724,"Pasture","Kimmeridgian"
3.25,3.5,6.8616667938882,47.1429501667558,"Pasture","Kimmeridgian"
3.25,3.55,6.86165828104495,47.1433986930916,"Pasture","Kimmeridgian"
3.25,3.6,6.86164976805876,47.1438472193796,"Pasture","Kimmeridgian"
3.25,3.65,6.86164125492964,47.14429574562,"Meadow","Kimmeridgian"
3.25,3.7,6.86163274165758,47.1447442718126,"Meadow","Kimmeridgian"
3.25,3.75,6.86162422824256,47.1451927979574,"Meadow","Sequanian"
3.25,3.8,6.8616157146846,47.1456413240545,"Meadow","Sequanian"
3.25,3.85,6.86160720098368,47.1460898501038,"Meadow","Sequanian"
3.25,3.9,6.8615986871398,47.1465383761052,"Meadow","Sequanian"
3.25,3.95,6.86159017315297,47.1469869020588,"Meadow","Sequanian"
3.25,4,6.86158165902316,47.1474354279644,"Meadow","Sequanian"
3.25,4.05,6.86157314475039,47.1478839538221,"Meadow","Sequanian"
3.25,4.1,6.86156463033464,47.1483324796319,"Meadow","Sequanian"
3.25,4.15,6.86155611577591,47.1487810053937,"Meadow","Argovian"
3.25,4.2,6.8615476010742,47.1492295311075,"Meadow","Argovian"
3.25,4.25,6.8615390862295,47.1496780567733,"Meadow","Argovian"
3.25,4.3,6.86153057124182,47.1501265823909,"Meadow","Argovian"
3.25,4.35,6.86152205611114,47.1505751079606,"Meadow","Argovian"
3.25,4.4,6.86151354083746,47.1510236334821,"Meadow","Quaternary"
3.25,4.45,6.86150502542078,47.1514721589555,"Meadow","Quaternary"
3.25,4.5,6.8614965098611,47.1519206843806,"Meadow","Quaternary"
3.25,4.55,6.86148799415841,47.1523692097576,"Meadow","Quaternary"
3.25,4.6,6.8614794783127,47.1528177350864,"Meadow","Quaternary"
3.25,4.65,6.86147096232398,47.1532662603669,"Pasture","Argovian"
3.25,4.7,6.86146244619223,47.1537147855991,"Pasture","Argovian"
3.25,4.75,6.86145392991747,47.1541633107831,"Pasture","Argovian"
3.25,4.8,6.86144541349967,47.1546118359186,"Pasture","Argovian"
3.25,4.85,6.86143689693884,47.1550603610058,"Pasture","Argovian"
3.25,4.9,6.86142838023497,47.1555088860447,"Pasture","Argovian"
3.25,4.95,6.86141986338806,47.1559574110351,"Pasture","Argovian"
3.25,5,6.86141134639811,47.1564059359771,"Pasture","Argovian"
3.25,5.05,6.86140282926511,47.1568544608706,"Pasture","Sequanian"
3.25,5.1,6.86139431198906,47.1573029857156,"Pasture","Sequanian"
3.25,5.15,6.86138579456995,47.1577515105121,"Meadow","Sequanian"
3.25,5.2,6.86137727700779,47.1582000352601,"Meadow","Sequanian"
3.25,5.25,6.86136875930256,47.1586485599594,"Tillage","Kimmeridgian"
3.25,5.3,6.86136024145426,47.1590970846101,"Tillage","Kimmeridgian"
3.25,5.35,6.86135172346289,47.1595456092122,"Tillage","Kimmeridgian"
3.25,5.4,6.86134320532844,47.1599941337657,"Meadow","Kimmeridgian"
3.25,5.45,6.86133468705091,47.1604426582704,"Meadow","Kimmeridgian"
3.25,5.5,6.8613261686303,47.1608911827265,"Meadow","Kimmeridgian"
3.3,0.8,6.86278143410574,47.1187343940572,"Meadow","Kimmeridgian"
3.3,0.85,6.8627729344652,47.119182922975,"Pasture","Kimmeridgian"
3.3,0.9,6.86276443468202,47.1196314518466,"Pasture","Kimmeridgian"
3.3,0.95,6.86275593475621,47.1200799806719,"Pasture","Kimmeridgian"
3.3,1,6.86274743468775,47.120528509451,"Pasture","Sequanian"
3.3,1.05,6.86273893447665,47.1209770381839,"Pasture","Sequanian"
3.3,1.1,6.8627304341229,47.1214255668704,"Meadow","Sequanian"
3.3,1.15,6.8627219336265,47.1218740955105,"Meadow","Sequanian"
3.3,1.2,6.86271343298744,47.1223226241044,"Pasture","Sequanian"
3.3,1.25,6.86270493220573,47.1227711526518,"Pasture","Sequanian"
3.3,1.3,6.86269643128135,47.1232196811528,"Pasture","Sequanian"
3.3,1.35,6.8626879302143,47.1236682096073,"Meadow","Sequanian"
3.3,1.4,6.86267942900458,47.1241167380154,"Meadow","Sequanian"
3.3,1.45,6.86267092765218,47.124565266377,"Meadow","Sequanian"
3.3,1.5,6.8626624261571,47.1250137946921,"Meadow","Sequanian"
3.3,1.55,6.86265392451935,47.1254623229606,"Meadow","Sequanian"
3.3,1.6,6.8626454227389,47.1259108511826,"Meadow","Sequanian"
3.3,1.65,6.86263692081576,47.1263593793579,"Meadow","Sequanian"
3.3,1.7,6.86262841874993,47.1268079074866,"Meadow","Sequanian"
3.3,1.75,6.8626199165414,47.1272564355686,"Meadow","Sequanian"
3.3,1.8,6.86261141419016,47.1277049636039,"Meadow","Sequanian"
3.3,1.85,6.86260291169622,47.1281534915925,"Pasture","Kimmeridgian"
3.3,1.9,6.86259440905957,47.1286020195344,"Pasture","Kimmeridgian"
3.3,1.95,6.8625859062802,47.1290505474295,"Forest","Kimmeridgian"
3.3,2,6.86257740335812,47.1294990752778,"Forest","Kimmeridgian"
3.3,2.05,6.86256890029331,47.1299476030792,"Meadow","Kimmeridgian"
3.3,2.1,6.86256039708578,47.1303961308339,"Meadow","Kimmeridgian"
3.3,2.15,6.86255189373552,47.1308446585416,"Meadow","Quaternary"
3.3,2.2,6.86254339024252,47.1312931862024,"Meadow","Quaternary"
3.3,2.25,6.86253488660678,47.1317417138163,"Pasture","Quaternary"
3.3,2.3,6.86252638282831,47.1321902413832,"Pasture","Quaternary"
3.3,2.35,6.86251787890709,47.1326387689031,"Pasture","Quaternary"
3.3,2.4,6.86250937484311,47.133087296376,"Pasture","Portlandian"
3.3,2.45,6.86250087063639,47.1335358238019,"Pasture","Portlandian"
3.3,2.5,6.8624923662869,47.1339843511807,"Forest","Portlandian"
3.3,2.55,6.86248386179466,47.1344328785124,"Forest","Kimmeridgian"
3.3,2.6,6.86247535715965,47.1348814057969,"Forest","Kimmeridgian"
3.3,2.65,6.86246685238188,47.1353299330343,"Meadow","Sequanian"
3.3,2.7,6.86245834746132,47.1357784602245,"Meadow","Sequanian"
3.3,2.75,6.862449842398,47.1362269873675,"Meadow","Sequanian"
3.3,2.8,6.86244133719189,47.1366755144633,"Meadow","Sequanian"
3.3,2.85,6.862432831843,47.1371240415118,"Meadow","Sequanian"
3.3,2.9,6.86242432635132,47.137572568513,"Meadow","Quaternary"
3.3,2.95,6.86241582071684,47.1380210954669,"Meadow","Quaternary"
3.3,3,6.86240731493958,47.1384696223734,"Meadow","Quaternary"
3.3,3.05,6.8623988090195,47.1389181492326,"Meadow","Quaternary"
3.3,3.1,6.86239030295663,47.1393666760444,"Pasture","Quaternary"
3.3,3.15,6.86238179675095,47.1398152028087,"Pasture","Quaternary"
3.3,3.2,6.86237329040246,47.1402637295256,"Pasture","Quaternary"
3.3,3.25,6.86236478391115,47.1407122561949,"Pasture","Quaternary"
3.3,3.3,6.86235627727702,47.1411607828168,"Pasture","Kimmeridgian"
3.3,3.35,6.86234777050007,47.1416093093912,"Pasture","Kimmeridgian"
3.3,3.4,6.86233926358029,47.1420578359179,"Pasture","Kimmeridgian"
3.3,3.45,6.86233075651768,47.1425063623971,"Pasture","Kimmeridgian"
3.3,3.5,6.86232224931223,47.1429548888286,"Meadow","Kimmeridgian"
3.3,3.55,6.86231374196395,47.1434034152126,"Meadow","Kimmeridgian"
3.3,3.6,6.86230523447282,47.1438519415488,"Meadow","Kimmeridgian"
3.3,3.65,6.86229672683885,47.1443004678373,"Meadow","Kimmeridgian"
3.3,3.7,6.86228821906202,47.1447489940781,"Meadow","Kimmeridgian"
3.3,3.75,6.86227971114234,47.1451975202711,"Meadow","Kimmeridgian"
3.3,3.8,6.8622712030798,47.1456460464164,"Meadow","Kimmeridgian"
3.3,3.85,6.8622626948744,47.1460945725138,"Meadow","Kimmeridgian"
3.3,3.9,6.86225418652614,47.1465430985634,"Meadow","Sequanian"
3.3,3.95,6.862245678035,47.1469916245651,"Meadow","Sequanian"
3.3,4,6.86223716940099,47.1474401505189,"Meadow","Sequanian"
3.3,4.05,6.8622286606241,47.1478886764248,"Meadow","Sequanian"
3.3,4.1,6.86222015170433,47.1483372022828,"Meadow","Sequanian"
3.3,4.15,6.86221164264167,47.1487857280928,"Meadow","Quaternary"
3.3,4.2,6.86220313343613,47.1492342538548,"Meadow","Quaternary"
3.3,4.25,6.86219462408768,47.1496827795687,"Meadow","Quaternary"
3.3,4.3,6.86218611459635,47.1501313052346,"Meadow","Quaternary"
3.3,4.35,6.86217760496211,47.1505798308524,"Meadow","Quaternary"
3.3,4.4,6.86216909518497,47.151028356422,"Meadow","Quaternary"
3.3,4.45,6.86216058526491,47.1514768819436,"Meadow","Quaternary"
3.3,4.5,6.86215207520195,47.1519254074169,"Meadow","Quaternary"
3.3,4.55,6.86214356499607,47.1523739328421,"Meadow","Quaternary"
3.3,4.6,6.86213505464726,47.1528224582191,"Meadow","Quaternary"
3.3,4.65,6.86212654415553,47.1532709835478,"Pasture","Quaternary"
3.3,4.7,6.86211803352088,47.1537195088282,"Pasture","Quaternary"
3.3,4.75,6.86210952274329,47.1541680340603,"Pasture","Argovian"
3.3,4.8,6.86210101182276,47.1546165592441,"Pasture","Argovian"
3.3,4.85,6.86209250075929,47.1550650843795,"Pasture","Argovian"
3.3,4.9,6.86208398955288,47.1555136094665,"Pasture","Argovian"
3.3,4.95,6.86207547820352,47.1559621345051,"Pasture","Argovian"
3.3,5,6.86206696671121,47.1564106594953,"Pasture","Argovian"
3.3,5.05,6.86205845507595,47.156859184437,"Pasture","Sequanian"
3.3,5.1,6.86204994329772,47.1573077093302,"Pasture","Sequanian"
3.3,5.15,6.86204143137653,47.1577562341749,"Meadow","Sequanian"
3.3,5.2,6.86203291931237,47.158204758971,"Meadow","Sequanian"
3.3,5.25,6.86202440710524,47.1586532837186,"Meadow","Sequanian"
3.3,5.3,6.86201589475514,47.1591018084175,"Tillage","Quaternary"
3.3,5.35,6.86200738226205,47.1595503330678,"Tillage","Quaternary"
3.3,5.4,6.86199886962599,47.1599988576694,"Meadow","Kimmeridgian"
3.3,5.45,6.86199035684693,47.1604473822224,"Meadow","Kimmeridgian"
3.3,5.5,6.86198184392489,47.1608959067266,"Meadow","Kimmeridgian"
3.35,0.8,6.8634365930543,47.118739109793,"Meadow","Kimmeridgian"
3.35,0.85,6.86342809890374,47.1191876387589,"Pasture","Kimmeridgian"
3.35,0.9,6.86341960461064,47.1196361676785,"Pasture","Kimmeridgian"
3.35,0.95,6.863411110175,47.120084696552,"Pasture","Kimmeridgian"
3.35,1,6.86340261559681,47.1205332253792,"Pasture","Sequanian"
3.35,1.05,6.86339412087607,47.1209817541601,"Pasture","Sequanian"
3.35,1.1,6.86338562601277,47.1214302828947,"Meadow","Sequanian"
3.35,1.15,6.86337713100692,47.1218788115831,"Meadow","Sequanian"
3.35,1.2,6.8633686358585,47.122327340225,"Pasture","Sequanian"
3.35,1.25,6.8633601405675,47.1227758688205,"Pasture","Sequanian"
3.35,1.3,6.86335164513394,47.1232243973696,"Pasture","Sequanian"
3.35,1.35,6.86334314955781,47.1236729258722,"Meadow","Sequanian"
3.35,1.4,6.86333465383909,47.1241214543285,"Meadow","Sequanian"
3.35,1.45,6.86332615797779,47.1245699827382,"Meadow","Sequanian"
3.35,1.5,6.8633176619739,47.1250185111013,"Meadow","Sequanian"
3.35,1.55,6.86330916582742,47.125467039418,"Meadow","Sequanian"
3.35,1.6,6.86330066953835,47.125915567688,"Meadow","Sequanian"
3.35,1.65,6.86329217310667,47.1263640959114,"Meadow","Sequanian"
3.35,1.7,6.8632836765324,47.1268126240882,"Meadow","Sequanian"
3.35,1.75,6.86327517981551,47.1272611522184,"Meadow","Sequanian"
3.35,1.8,6.86326668295602,47.1277096803018,"Meadow","Sequanian"
3.35,1.85,6.86325818595391,47.1281582083385,"Pasture","Kimmeridgian"
3.35,1.9,6.86324968880918,47.1286067363285,"Pasture","Kimmeridgian"
3.35,1.95,6.86324119152184,47.1290552642717,"Forest","Kimmeridgian"
3.35,2,6.86323269409186,47.1295037921681,"Forest","Kimmeridgian"
3.35,2.05,6.86322419651925,47.1299523200177,"Meadow","Kimmeridgian"
3.35,2.1,6.86321569880401,47.1304008478205,"Meadow","Kimmeridgian"
3.35,2.15,6.86320720094614,47.1308493755763,"Meadow","Quaternary"
3.35,2.2,6.86319870294562,47.1312979032853,"Meadow","Quaternary"
3.35,2.25,6.86319020480245,47.1317464309472,"Pasture","Quaternary"
3.35,2.3,6.86318170651664,47.1321949585623,"Pasture","Quaternary"
3.35,2.35,6.86317320808817,47.1326434861303,"Pasture","Quaternary"
3.35,2.4,6.86316470951705,47.1330920136513,"Pasture","Portlandian"
3.35,2.45,6.86315621080326,47.1335405411253,"Pasture","Portlandian"
3.35,2.5,6.86314771194681,47.1339890685522,"Forest","Portlandian"
3.35,2.55,6.86313921294769,47.134437595932,"Forest","Kimmeridgian"
3.35,2.6,6.86313071380589,47.1348861232647,"Forest","Kimmeridgian"
3.35,2.65,6.86312221452142,47.1353346505502,"Meadow","Sequanian"
3.35,2.7,6.86311371509427,47.1357831777886,"Meadow","Sequanian"
3.35,2.75,6.86310521552444,47.1362317049797,"Meadow","Sequanian"
3.35,2.8,6.86309671581191,47.1366802321236,"Meadow","Sequanian"
3.35,2.85,6.8630882159567,47.1371287592202,"Meadow","Sequanian"
3.35,2.9,6.86307971595879,47.1375772862696,"Meadow","Quaternary"
3.35,2.95,6.86307121581817,47.1380258132716,"Meadow","Quaternary"
3.35,3,6.86306271553486,47.1384743402262,"Meadow","Quaternary"
3.35,3.05,6.86305421510883,47.1389228671336,"Meadow","Quaternary"
3.35,3.1,6.86304571454009,47.1393713939934,"Pasture","Quaternary"
3.35,3.15,6.86303721382864,47.1398199208059,"Pasture","Quaternary"
3.35,3.2,6.86302871297447,47.1402684475709,"Pasture","Quaternary"
3.35,3.25,6.86302021197758,47.1407169742884,"Pasture","Quaternary"
3.35,3.3,6.86301171083796,47.1411655009584,"Pasture","Kimmeridgian"
3.35,3.35,6.8630032095556,47.1416140275809,"Pasture","Kimmeridgian"
3.35,3.4,6.86299470813052,47.1420625541558,"Pasture","Kimmeridgian"
3.35,3.45,6.86298620656269,47.1425110806831,"Pasture","Kimmeridgian"
3.35,3.5,6.86297770485212,47.1429596071628,"Meadow","Kimmeridgian"
3.35,3.55,6.8629692029988,47.1434081335948,"Meadow","Kimmeridgian"
3.35,3.6,6.86296070100273,47.1438566599792,"Meadow","Kimmeridgian"
3.35,3.65,6.86295219886391,47.1443051863159,"Meadow","Kimmeridgian"
3.35,3.7,6.86294369658233,47.1447537126048,"Meadow","Kimmeridgian"
3.35,3.75,6.86293519415799,47.145202238846,"Meadow","Kimmeridgian"
3.35,3.8,6.86292669159088,47.1456507650393,"Meadow","Kimmeridgian"
3.35,3.85,6.862918188881,47.1460992911849,"Meadow","Kimmeridgian"
3.35,3.9,6.86290968602835,47.1465478172826,"Meadow","Sequanian"
3.35,3.95,6.86290118303291,47.1469963433325,"Meadow","Sequanian"
3.35,4,6.8628926798947,47.1474448693345,"Meadow","Sequanian"
3.35,4.05,6.8628841766137,47.1478933952885,"Meadow","Sequanian"
3.35,4.1,6.86287567318991,47.1483419211946,"Meadow","Sequanian"
3.35,4.15,6.86286716962333,47.1487904470528,"Meadow","Quaternary"
3.35,4.2,6.86285866591395,47.1492389728629,"Meadow","Quaternary"
3.35,4.25,6.86285016206177,47.149687498625,"Meadow","Quaternary"
3.35,4.3,6.86284165806679,47.150136024339,"Meadow","Quaternary"
3.35,4.35,6.86283315392899,47.150584550005,"Meadow","Quaternary"
3.35,4.4,6.86282464964838,47.1510330756228,"Meadow","Quaternary"
3.35,4.45,6.86281614522496,47.1514816011925,"Meadow","Quaternary"
3.35,4.5,6.86280764065871,47.151930126714,"Meadow","Quaternary"
3.35,4.55,6.86279913594965,47.1523786521873,"Meadow","Quaternary"
3.35,4.6,6.86279063109775,47.1528271776124,"Meadow","Quaternary"
3.35,4.65,6.86278212610301,47.1532757029893,"Pasture","Quaternary"
3.35,4.7,6.86277362096545,47.1537242283178,"Pasture","Quaternary"
3.35,4.75,6.86276511568504,47.1541727535981,"Pasture","Argovian"
3.35,4.8,6.86275661026179,47.15462127883,"Pasture","Argovian"
3.35,4.85,6.86274810469569,47.1550698040136,"Pasture","Argovian"
3.35,4.9,6.86273959898674,47.1555183291488,"Pasture","Argovian"
3.35,4.95,6.86273109313493,47.1559668542356,"Pasture","Argovian"
3.35,5,6.86272258714026,47.1564153792739,"Pasture","Argovian"
3.35,5.05,6.86271408100273,47.1568639042637,"Pasture","Sequanian"
3.35,5.1,6.86270557472234,47.1573124292051,"Pasture","Sequanian"
3.35,5.15,6.86269706829907,47.1577609540979,"Meadow","Sequanian"
3.35,5.2,6.86268856173292,47.1582094789423,"Meadow","Sequanian"
3.35,5.25,6.8626800550239,47.158658003738,"Meadow","Sequanian"
3.35,5.3,6.86267154817199,47.159106528485,"Tillage","Quaternary"
3.35,5.35,6.8626630411772,47.1595550531835,"Tillage","Quaternary"
3.35,5.4,6.86265453403951,47.1600035778333,"Meadow","Kimmeridgian"
3.35,5.45,6.86264602675893,47.1604521024344,"Meadow","Kimmeridgian"
3.35,5.5,6.86263751933546,47.1609006269868,"Meadow","Kimmeridgian"
3.35,5.55,6.86262901176907,47.1613491514905,"Pasture","Kimmeridgian"
3.4,0.8,6.86409175211842,47.1187438217918,"Meadow","Kimmeridgian"
3.4,0.85,6.86408326345786,47.1191923508058,"Pasture","Kimmeridgian"
3.4,0.9,6.86407477465485,47.1196408797735,"Pasture","Kimmeridgian"
3.4,0.95,6.86406628570939,47.120089408695,"Pasture","Kimmeridgian"
3.4,1,6.86405779662146,47.1205379375703,"Pasture","Sequanian"
3.4,1.05,6.86404930739109,47.1209864663993,"Pasture","Sequanian"
3.4,1.1,6.86404081801824,47.121434995182,"Pasture","Sequanian"
3.4,1.15,6.86403232850293,47.1218835239183,"Pasture","Sequanian"
3.4,1.2,6.86402383884515,47.1223320526083,"Pasture","Sequanian"
3.4,1.25,6.86401534904489,47.1227805812519,"Pasture","Sequanian"
3.4,1.3,6.86400685910215,47.1232291098491,"Meadow","Sequanian"
3.4,1.35,6.86399836901692,47.1236776383999,"Meadow","Sequanian"
3.4,1.4,6.86398987878921,47.1241261669041,"Meadow","Sequanian"
3.4,1.45,6.86398138841901,47.1245746953619,"Meadow","Sequanian"
3.4,1.5,6.86397289790632,47.1250232237731,"Meadow","Sequanian"
3.4,1.55,6.86396440725112,47.1254717521378,"Meadow","Sequanian"
3.4,1.6,6.86395591645342,47.125920280456,"Tillage","Sequanian"
3.4,1.65,6.86394742551322,47.1263688087275,"Tillage","Sequanian"
3.4,1.7,6.8639389344305,47.1268173369524,"Meadow","Sequanian"
3.4,1.75,6.86393044320527,47.1272658651305,"Meadow","Sequanian"
3.4,1.8,6.86392195183752,47.1277143932621,"Pasture","Sequanian"
3.4,1.85,6.86391346032724,47.1281629213469,"Pasture","Kimmeridgian"
3.4,1.9,6.86390496867444,47.128611449385,"Pasture","Kimmeridgian"
3.4,1.95,6.86389647687911,47.1290599773763,"Pasture","Kimmeridgian"
3.4,2,6.86388798494125,47.1295085053207,"Pasture","Kimmeridgian"
3.4,2.05,6.86387949286085,47.1299570332184,"Pasture","Kimmeridgian"
3.4,2.1,6.86387100063791,47.1304055610692,"Meadow","Kimmeridgian"
3.4,2.15,6.86386250827242,47.1308540888732,"Meadow","Quaternary"
3.4,2.2,6.86385401576438,47.1313026166302,"Meadow","Quaternary"
3.4,2.25,6.86384552311379,47.1317511443403,"Pasture","Kimmeridgian"
3.4,2.3,6.86383703032065,47.1321996720034,"Pasture","Kimmeridgian"
3.4,2.35,6.86382853738494,47.1326481996195,"Pasture","Kimmeridgian"
3.4,2.4,6.86382004430666,47.1330967271886,"Pasture","Portlandian"
3.4,2.45,6.86381155108581,47.1335452547107,"Pasture","Portlandian"
3.4,2.5,6.8638030577224,47.1339937821857,"Forest","Portlandian"
3.4,2.55,6.8637945642164,47.1344423096136,"Meadow","Kimmeridgian"
3.4,2.6,6.86378607056783,47.1348908369944,"Meadow","Kimmeridgian"
3.4,2.65,6.86377757677667,47.135339364328,"Meadow","Sequanian"
3.4,2.7,6.86376908284292,47.1357878916144,"Meadow","Sequanian"
3.4,2.75,6.86376058876658,47.1362364188537,"Meadow","Sequanian"
3.4,2.8,6.86375209454765,47.1366849460457,"Meadow","Sequanian"
3.4,2.85,6.86374360018611,47.1371334731904,"Meadow","Sequanian"
3.4,2.9,6.86373510568197,47.1375820002878,"Meadow","Sequanian"
3.4,2.95,6.86372661103522,47.1380305273379,"Meadow","Sequanian"
3.4,3,6.86371811624586,47.1384790543407,"Forest","Quaternary"
3.4,3.05,6.86370962131388,47.1389275812961,"Forest","Quaternary"
3.4,3.1,6.86370112623929,47.1393761082041,"Pasture","Quaternary"
3.4,3.15,6.86369263102207,47.1398246350646,"Pasture","Kimmeridgian"
3.4,3.2,6.86368413566223,47.1402731618777,"Pasture","Kimmeridgian"
3.4,3.25,6.86367564015975,47.1407216886433,"Pasture","Kimmeridgian"
3.4,3.3,6.86366714451464,47.1411702153615,"Pasture","Kimmeridgian"
3.4,3.35,6.86365864872689,47.141618742032,"Pasture","Kimmeridgian"
3.4,3.4,6.86365015279649,47.142067268655,"Pasture","Kimmeridgian"
3.4,3.45,6.86364165672345,47.1425157952304,"Pasture","Kimmeridgian"
3.4,3.5,6.86363316050776,47.1429643217583,"Meadow","Kimmeridgian"
3.4,3.55,6.86362466414942,47.1434128482384,"Meadow","Kimmeridgian"
3.4,3.6,6.86361616764841,47.1438613746709,"Pasture","Kimmeridgian"
3.4,3.65,6.86360767100475,47.1443099010557,"Pasture","Kimmeridgian"
3.4,3.7,6.86359917421841,47.1447584273927,"Pasture","Kimmeridgian"
3.4,3.75,6.86359067728941,47.145206953682,"Pasture","Kimmeridgian"
3.4,3.8,6.86358218021773,47.1456554799235,"Meadow","Kimmeridgian"
3.4,3.85,6.86357368300338,47.1461040061172,"Meadow","Kimmeridgian"
3.4,3.9,6.86356518564634,47.146552532263,"Pasture","Kimmeridgian"
3.4,3.95,6.86355668814662,47.147001058361,"Pasture","Kimmeridgian"
3.4,4,6.8635481905042,47.1474495844111,"Meadow","Sequanian"
3.4,4.05,6.8635396927191,47.1478981104132,"Meadow","Sequanian"
3.4,4.1,6.8635311947913,47.1483466363675,"Meadow","Sequanian"
3.4,4.15,6.8635226967208,47.1487951622737,"Meadow","Quaternary"
3.4,4.2,6.86351419850759,47.149243688132,"Meadow","Quaternary"
3.4,4.25,6.86350570015167,47.1496922139421,"Meadow","Quaternary"
3.4,4.3,6.86349720165304,47.1501407397043,"Meadow","Quaternary"
3.4,4.35,6.86348870301169,47.1505892654184,"Meadow","Quaternary"
3.4,4.4,6.86348020422762,47.1510377910843,"Meadow","Quaternary"
3.4,4.45,6.86347170530083,47.1514863167021,"Meadow","Quaternary"
3.4,4.5,6.86346320623131,47.1519348422717,"Meadow","Quaternary"
3.4,4.55,6.86345470701905,47.1523833677932,"Meadow","Quaternary"
3.4,4.6,6.86344620766407,47.1528318932664,"Meadow","Quaternary"
3.4,4.65,6.86343770816634,47.1532804186913,"Pasture","Quaternary"
3.4,4.7,6.86342920852586,47.1537289440681,"Pasture","Quaternary"
3.4,4.75,6.86342070874264,47.1541774693964,"Pasture","Quaternary"
3.4,4.8,6.86341220881667,47.1546259946765,"Pasture","Quaternary"
3.4,4.85,6.86340370874794,47.1550745199082,"Pasture","Quaternary"
3.4,4.9,6.86339520853645,47.1555230450915,"Pasture","Argovian"
3.4,4.95,6.8633867081822,47.1559715702265,"Pasture","Argovian"
3.4,5,6.86337820768518,47.1564200953128,"Meadow","Argovian"
3.4,5.05,6.86336970704539,47.1568686203509,"Meadow","Argovian"
3.4,5.1,6.86336120626282,47.1573171453403,"Meadow","Argovian"
3.4,5.15,6.86335270533748,47.1577656702813,"Meadow","Sequanian"
3.4,5.2,6.86334420426935,47.1582141951737,"Meadow","Sequanian"
3.4,5.25,6.86333570305843,47.1586627200176,"Meadow","Sequanian"
3.4,5.3,6.86332720170473,47.1591112448128,"Meadow","Sequanian"
3.4,5.35,6.86331870020823,47.1595597695594,"Meadow","Sequanian"
3.4,5.4,6.86331019856893,47.1600082942573,"Meadow","Quaternary"
3.4,5.45,6.86330169678683,47.1604568189066,"Meadow","Quaternary"
3.4,5.5,6.86329319486192,47.1609053435071,"Meadow","Kimmeridgian"
3.4,5.55,6.8632846927942,47.1613538680589,"Pasture","Kimmeridgian"
3.4,5.6,6.86327619058367,47.1618023925619,"Pasture","Kimmeridgian"
3.45,0.85,6.86473842812746,47.1191970591156,"Pasture","Kimmeridgian"
3.45,0.9,6.86472994481454,47.1196455881314,"Pasture","Kimmeridgian"
3.45,0.95,6.86472146135926,47.1200941171009,"Pasture","Kimmeridgian"
3.45,1,6.86471297776161,47.1205426460242,"Pasture","Kimmeridgian"
3.45,1.05,6.8647044940216,47.1209911749013,"Pasture","Kimmeridgian"
3.45,1.1,6.86469601013921,47.121439703732,"Pasture","Sequanian"
3.45,1.15,6.86468752611445,47.1218882325164,"Pasture","Sequanian"
3.45,1.2,6.86467904194731,47.1223367612544,"Meadow","Sequanian"
3.45,1.25,6.86467055763778,47.122785289946,"Meadow","Sequanian"
3.45,1.3,6.86466207318587,47.1232338185913,"Meadow","Sequanian"
3.45,1.35,6.86465358859156,47.1236823471901,"Meadow","Sequanian"
3.45,1.4,6.86464510385486,47.1241308757424,"Meadow","Sequanian"
3.45,1.45,6.86463661897576,47.1245794042482,"Meadow","Sequanian"
3.45,1.5,6.86462813395426,47.1250279327075,"Meadow","Sequanian"
3.45,1.55,6.86461964879035,47.1254764611202,"Meadow","Sequanian"
3.45,1.6,6.86461116348403,47.1259249894864,"Tillage","Sequanian"
3.45,1.65,6.8646026780353,47.126373517806,"Tillage","Sequanian"
3.45,1.7,6.86459419244414,47.1268220460789,"Meadow","Sequanian"
3.45,1.75,6.86458570671057,47.1272705743052,"Meadow","Sequanian"
3.45,1.8,6.86457722083456,47.1277191024847,"Pasture","Sequanian"
3.45,1.85,6.86456873481613,47.1281676306176,"Pasture","Kimmeridgian"
3.45,1.9,6.86456024865526,47.1286161587037,"Pasture","Kimmeridgian"
3.45,1.95,6.86455176235196,47.1290646867431,"Pasture","Kimmeridgian"
3.45,2,6.86454327590621,47.1295132147356,"Pasture","Kimmeridgian"
3.45,2.05,6.86453478931802,47.1299617426813,"Pasture","Kimmeridgian"
3.45,2.1,6.86452630258738,47.1304102705802,"Meadow","Kimmeridgian"
3.45,2.15,6.86451781571428,47.1308587984322,"Meadow","Quaternary"
3.45,2.2,6.86450932869873,47.1313073262373,"Meadow","Quaternary"
3.45,2.25,6.86450084154071,47.1317558539954,"Pasture","Kimmeridgian"
3.45,2.3,6.86449235424023,47.1322043817066,"Pasture","Kimmeridgian"
3.45,2.35,6.86448386679729,47.1326529093708,"Pasture","Kimmeridgian"
3.45,2.4,6.86447537921187,47.133101436988,"Forest","Portlandian"
3.45,2.45,6.86446689148397,47.1335499645581,"Forest","Portlandian"
3.45,2.5,6.86445840361359,47.1339984920812,"Forest","Portlandian"
3.45,2.55,6.86444991560072,47.1344470195571,"Meadow","Kimmeridgian"
3.45,2.6,6.86444142744537,47.134895546986,"Meadow","Kimmeridgian"
3.45,2.65,6.86443293914753,47.1353440743676,"Forest","Kimmeridgian"
3.45,2.7,6.86442445070718,47.1357926017021,"Forest","Kimmeridgian"
3.45,2.75,6.86441596212434,47.1362411289894,"Forest","Kimmeridgian"
3.45,2.8,6.864407473399,47.1366896562295,"Forest","Sequanian"
3.45,2.85,6.86439898453115,47.1371381834223,"Forest","Sequanian"
3.45,2.9,6.86439049552078,47.1375867105678,"Meadow","Sequanian"
3.45,2.95,6.8643820063679,47.138035237666,"Meadow","Sequanian"
3.45,3,6.8643735170725,47.1384837647168,"Pasture","Kimmeridgian"
3.45,3.05,6.86436502763458,47.1389322917202,"Pasture","Kimmeridgian"
3.45,3.1,6.86435653805412,47.1393808186763,"Pasture","Quaternary"
3.45,3.15,6.86434804833114,47.1398293455849,"Pasture","Kimmeridgian"
3.45,3.2,6.86433955846563,47.1402778724461,"Pasture","Kimmeridgian"
3.45,3.25,6.86433106845757,47.1407263992598,"Pasture","Kimmeridgian"
3.45,3.3,6.86432257830697,47.141174926026,"Pasture","Kimmeridgian"
3.45,3.35,6.86431408801383,47.1416234527446,"Pasture","Kimmeridgian"
3.45,3.4,6.86430559757813,47.1420719794157,"Pasture","Kimmeridgian"
3.45,3.45,6.86429710699988,47.1425205060392,"Pasture","Kimmeridgian"
3.45,3.5,6.86428861627907,47.1429690326151,"Pasture","Kimmeridgian"
3.45,3.55,6.8642801254157,47.1434175591433,"Pasture","Kimmeridgian"
3.45,3.6,6.86427163440976,47.1438660856238,"Meadow","Kimmeridgian"
3.45,3.65,6.86426314326126,47.1443146120567,"Meadow","Kimmeridgian"
3.45,3.7,6.86425465197017,47.1447631384418,"Meadow","Kimmeridgian"
3.45,3.75,6.86424616053651,47.1452116647792,"Meadow","Kimmeridgian"
3.45,3.8,6.86423766896027,47.1456601910687,"Meadow","Kimmeridgian"
3.45,3.85,6.86422917724144,47.1461087173105,"Meadow","Kimmeridgian"
3.45,3.9,6.86422068538003,47.1465572435044,"Pasture","Kimmeridgian"
3.45,3.95,6.86421219337602,47.1470057696505,"Pasture","Kimmeridgian"
3.45,4,6.86420370122941,47.1474542957486,"Pasture","Kimmeridgian"
3.45,4.05,6.8641952089402,47.1479028217989,"Meadow","Sequanian"
3.45,4.1,6.86418671650839,47.1483513478012,"Meadow","Sequanian"
3.45,4.15,6.86417822393397,47.1487998737556,"Meadow","Quaternary"
3.45,4.2,6.86416973121693,47.1492483996619,"Meadow","Quaternary"
3.45,4.25,6.86416123835728,47.1496969255201,"Meadow","Quaternary"
3.45,4.3,6.86415274535501,47.1501454513304,"Meadow","Quaternary"
3.45,4.35,6.86414425221011,47.1505939770925,"Meadow","Quaternary"
3.45,4.4,6.86413575892259,47.1510425028065,"Meadow","Quaternary"
3.45,4.45,6.86412726549243,47.1514910284725,"Meadow","Quaternary"
3.45,4.5,6.86411877191964,47.1519395540902,"Meadow","Quaternary"
3.45,4.55,6.8641102782042,47.1523880796597,"Meadow","Quaternary"
3.45,4.6,6.86410178434613,47.152836605181,"Meadow","Quaternary"
3.45,4.65,6.8640932903454,47.1532851306541,"Pasture","Quaternary"
3.45,4.7,6.86408479620203,47.1537336560789,"Pasture","Quaternary"
3.45,4.75,6.86407630191599,47.1541821814553,"Pasture","Quaternary"
3.45,4.8,6.8640678074873,47.1546307067835,"Meadow","Quaternary"
3.45,4.85,6.86405931291595,47.1550792320633,"Meadow","Quaternary"
3.45,4.9,6.86405081820192,47.1555277572947,"Pasture","Argovian"
3.45,4.95,6.86404232334523,47.1559762824777,"Pasture","Argovian"
3.45,5,6.86403382834586,47.1564248076123,"Forest","Argovian"
3.45,5.05,6.86402533320381,47.1568733326983,"Pasture","Argovian"
3.45,5.1,6.86401683791908,47.1573218577359,"Pasture","Argovian"
3.45,5.15,6.86400834249166,47.157770382725,"Meadow","Sequanian"
3.45,5.2,6.86399984692156,47.1582189076655,"Meadow","Sequanian"
3.45,5.25,6.86399135120875,47.1586674325574,"Meadow","Sequanian"
3.45,5.3,6.86398285535325,47.1591159574007,"Meadow","Sequanian"
3.45,5.35,6.86397435935505,47.1595644821955,"Meadow","Sequanian"
3.45,5.4,6.86396586321414,47.1600130069415,"Meadow","Quaternary"
3.45,5.45,6.86395736693052,47.1604615316388,"Meadow","Quaternary"
3.45,5.5,6.86394887050419,47.1609100562875,"Pasture","Quaternary"
3.45,5.55,6.86394037393514,47.1613585808874,"Pasture","Kimmeridgian"
3.45,5.6,6.86393187722337,47.1618071054385,"Pasture","Kimmeridgian"
3.5,0.9,6.86538511508963,47.1196502927521,"Pasture","Kimmeridgian"
3.5,0.95,6.86537663712453,47.1200988217697,"Pasture","Kimmeridgian"
3.5,1,6.86536815901716,47.120547350741,"Pasture","Kimmeridgian"
3.5,1.05,6.86535968076751,47.1209958796661,"Pasture","Kimmeridgian"
3.5,1.1,6.86535120237559,47.1214444085448,"Meadow","Kimmeridgian"
3.5,1.15,6.86534272384138,47.1218929373772,"Meadow","Kimmeridgian"
3.5,1.2,6.86533424516489,47.1223414661632,"Meadow","Sequanian"
3.5,1.25,6.8653257663461,47.1227899949029,"Meadow","Sequanian"
3.5,1.3,6.86531728738501,47.1232385235962,"Meadow","Sequanian"
3.5,1.35,6.86530880828163,47.1236870522429,"Meadow","Sequanian"
3.5,1.4,6.86530032903594,47.1241355808433,"Meadow","Sequanian"
3.5,1.45,6.86529184964795,47.1245841093972,"Meadow","Sequanian"
3.5,1.5,6.86528337011764,47.1250326379044,"Meadow","Sequanian"
3.5,1.55,6.86527489044503,47.1254811663652,"Meadow","Sequanian"
3.5,1.6,6.86526641063009,47.1259296947794,"Tillage","Sequanian"
3.5,1.65,6.86525793067283,47.126378223147,"Tillage","Sequanian"
3.5,1.7,6.86524945057324,47.1268267514679,"Meadow","Sequanian"
3.5,1.75,6.86524097033132,47.1272752797422,"Meadow","Sequanian"
3.5,1.8,6.86523248994707,47.1277238079698,"Tillage","Sequanian"
3.5,1.85,6.86522400942048,47.1281723361507,"Pasture","Kimmeridgian"
3.5,1.9,6.86521552875155,47.1286208642848,"Pasture","Kimmeridgian"
3.5,1.95,6.86520704794027,47.1290693923722,"Pasture","Kimmeridgian"
3.5,2,6.86519856698664,47.1295179204128,"Pasture","Kimmeridgian"
3.5,2.05,6.86519008589066,47.1299664484065,"Pasture","Kimmeridgian"
3.5,2.1,6.86518160465233,47.1304149763534,"Meadow","Kimmeridgian"
3.5,2.15,6.86517312327163,47.1308635042534,"Meadow","Quaternary"
3.5,2.2,6.86516464174856,47.1313120321065,"Meadow","Quaternary"
3.5,2.25,6.86515616008313,47.1317605599127,"Meadow","Quaternary"
3.5,2.3,6.86514767827532,47.1322090876719,"Pasture","Kimmeridgian"
3.5,2.35,6.86513919632513,47.1326576153841,"Pasture","Kimmeridgian"
3.5,2.4,6.86513071423257,47.1331061430493,"Forest","Portlandian"
3.5,2.45,6.86512223199762,47.1335546706675,"Forest","Portlandian"
3.5,2.5,6.86511374962028,47.1340031982385,"Forest","Portlandian"
3.5,2.55,6.86510526710055,47.1344517257626,"Forest","Portlandian"
3.5,2.6,6.86509678443842,47.1349002532394,"Meadow","Kimmeridgian"
3.5,2.65,6.8650883016339,47.1353487806691,"Forest","Kimmeridgian"
3.5,2.7,6.86507981868697,47.1357973080516,"Forest","Kimmeridgian"
3.5,2.75,6.86507133559763,47.136245835387,"Forest","Kimmeridgian"
3.5,2.8,6.86506285236588,47.1366943626751,"Forest","Sequanian"
3.5,2.85,6.86505436899171,47.1371428899159,"Forest","Sequanian"
3.5,2.9,6.86504588547513,47.1375914171094,"Forest","Sequanian"
3.5,2.95,6.86503740181612,47.1380399442556,"Forest","Sequanian"
3.5,3,6.86502891801468,47.1384884713545,"Pasture","Kimmeridgian"
3.5,3.05,6.86502043407081,47.138936998406,"Pasture","Kimmeridgian"
3.5,3.1,6.86501194998451,47.1393855254101,"Pasture","Quaternary"
3.5,3.15,6.86500346575577,47.1398340523668,"Pasture","Kimmeridgian"
3.5,3.2,6.86499498138458,47.140282579276,"Pasture","Kimmeridgian"
3.5,3.25,6.86498649687095,47.1407311061377,"Pasture","Kimmeridgian"
3.5,3.3,6.86497801221487,47.141179632952,"Pasture","Kimmeridgian"
3.5,3.35,6.86496952741633,47.1416281597186,"Pasture","Kimmeridgian"
3.5,3.4,6.86496104247534,47.1420766864377,"Pasture","Kimmeridgian"
3.5,3.45,6.86495255739188,47.1425252131093,"Pasture","Kimmeridgian"
3.5,3.5,6.86494407216595,47.1429737397332,"Pasture","Kimmeridgian"
3.5,3.55,6.86493558679756,47.1434222663095,"Pasture","Kimmeridgian"
3.5,3.6,6.8649271012867,47.1438707928381,"Meadow","Kimmeridgian"
3.5,3.65,6.86491861563335,47.144319319319,"Meadow","Kimmeridgian"
3.5,3.7,6.86491012983752,47.1447678457521,"Meadow","Kimmeridgian"
3.5,3.75,6.86490164389921,47.1452163721375,"Meadow","Kimmeridgian"
3.5,3.8,6.86489315781841,47.1456648984751,"Meadow","Kimmeridgian"
3.5,3.85,6.86488467159511,47.146113424765,"Meadow","Kimmeridgian"
3.5,3.9,6.86487618522932,47.146561951007,"Pasture","Kimmeridgian"
3.5,3.95,6.86486769872102,47.1470104772011,"Pasture","Kimmeridgian"
3.5,4,6.86485921207023,47.1474590033473,"Pasture","Kimmeridgian"
3.5,4.05,6.86485072527692,47.1479075294456,"Pasture","Sequanian"
3.5,4.1,6.8648422383411,47.1483560554959,"Pasture","Sequanian"
3.5,4.15,6.86483375126276,47.1488045814983,"Meadow","Sequanian"
3.5,4.2,6.8648252640419,47.1492531074527,"Meadow","Sequanian"
3.5,4.25,6.86481677667852,47.149701633359,"Meadow","Sequanian"
3.5,4.3,6.86480828917261,47.1501501592173,"Meadow","Quaternary"
3.5,4.35,6.86479980152417,47.1505986850275,"Meadow","Quaternary"
3.5,4.4,6.86479131373319,47.1510472107896,"Meadow","Argovian"
3.5,4.45,6.86478282579967,47.1514957365035,"Meadow","Argovian"
3.5,4.5,6.86477433772361,47.1519442621693,"Meadow","Argovian"
3.5,4.55,6.864765849505,47.1523927877869,"Meadow","Quaternary"
3.5,4.6,6.86475736114384,47.1528413133563,"Meadow","Quaternary"
3.5,4.65,6.86474887264012,47.1532898388774,"Pasture","Quaternary"
3.5,4.7,6.86474038399385,47.1537383643503,"Pasture","Quaternary"
3.5,4.75,6.864731895205,47.1541868897748,"Pasture","Quaternary"
3.5,4.8,6.8647234062736,47.154635415151,"Meadow","Quaternary"
3.5,4.85,6.86471491719962,47.1550839404789,"Meadow","Quaternary"
3.5,4.9,6.86470642798307,47.1555324657583,"Pasture","Argovian"
3.5,4.95,6.86469793862393,47.1559809909894,"Pasture","Argovian"
3.5,5,6.86468944912222,47.156429516172,"Forest","Argovian"
3.5,5.05,6.86468095947792,47.1568780413062,"Pasture","Argovian"
3.5,5.1,6.86467246969103,47.1573265663918,"Pasture","Argovian"
3.5,5.15,6.86466397976154,47.157775091429,"Pasture","Argovian"
3.5,5.2,6.86465548968946,47.1582236164175,"Pasture","Argovian"
3.5,5.25,6.86464699947477,47.1586721413576,"Meadow","Sequanian"
3.5,5.3,6.86463850911748,47.159120666249,"Meadow","Sequanian"
3.5,5.35,6.86463001861758,47.1595691910917,"Meadow","Sequanian"
3.5,5.4,6.86462152797506,47.1600177158858,"Meadow","Quaternary"
3.5,5.45,6.86461303718993,47.1604662406313,"Meadow","Quaternary"
3.5,5.5,6.86460454626217,47.160914765328,"Pasture","Quaternary"
3.5,5.55,6.86459605519179,47.1613632899759,"Pasture","Kimmeridgian"
3.5,5.6,6.86458756397878,47.1618118145751,"Pasture","Kimmeridgian"
3.55,0.9,6.86604028548002,47.1196549936359,"Meadow","Kimmeridgian"
3.55,0.95,6.86603181300511,47.1201035227014,"Pasture","Kimmeridgian"
3.55,1,6.86602334038802,47.1205520517207,"Pasture","Kimmeridgian"
3.55,1.05,6.86601486762875,47.1210005806938,"Pasture","Kimmeridgian"
3.55,1.1,6.86600639472729,47.1214491096205,"Meadow","Kimmeridgian"
3.55,1.15,6.86599792168364,47.1218976385009,"Meadow","Kimmeridgian"
3.55,1.2,6.86598944849779,47.1223461673349,"Meadow","Kimmeridgian"
3.55,1.25,6.86598097516974,47.1227946961225,"Meadow","Kimmeridgian"
3.55,1.3,6.86597250169949,47.1232432248637,"Meadow","Sequanian"
3.55,1.35,6.86596402808703,47.1236917535585,"Meadow","Sequanian"
3.55,1.4,6.86595555433236,47.1241402822068,"Meadow","Sequanian"
3.55,1.45,6.86594708043548,47.1245888108087,"Meadow","Sequanian"
3.55,1.5,6.86593860639637,47.125037339364,"Meadow","Sequanian"
3.55,1.55,6.86593013221505,47.1254858678727,"Meadow","Sequanian"
3.55,1.6,6.8659216578915,47.1259343963348,"Tillage","Sequanian"
3.55,1.65,6.86591318342571,47.1263829247504,"Tillage","Sequanian"
3.55,1.7,6.8659047088177,47.1268314531194,"Tillage","Sequanian"
3.55,1.75,6.86589623406744,47.1272799814416,"Tillage","Sequanian"
3.55,1.8,6.86588775917494,47.1277285097172,"Tillage","Quaternary"
3.55,1.85,6.8658792841402,47.1281770379461,"Pasture","Kimmeridgian"
3.55,1.9,6.86587080896321,47.1286255661282,"Pasture","Kimmeridgian"
3.55,1.95,6.86586233364396,47.1290740942635,"Pasture","Kimmeridgian"
3.55,2,6.86585385818245,47.1295226223521,"Pasture","Kimmeridgian"
3.55,2.05,6.86584538257869,47.1299711503939,"Pasture","Kimmeridgian"
3.55,2.1,6.86583690683266,47.1304196783888,"Meadow","Kimmeridgian"
3.55,2.15,6.86582843094436,47.1308682063367,"Meadow","Quaternary"
3.55,2.2,6.86581995491378,47.1313167342379,"Meadow","Quaternary"
3.55,2.25,6.86581147874094,47.1317652620921,"Pasture","Kimmeridgian"
3.55,2.3,6.8658030024258,47.1322137898992,"Pasture","Kimmeridgian"
3.55,2.35,6.86579452596839,47.1326623176594,"Pasture","Kimmeridgian"
3.55,2.4,6.86578604936868,47.1331108453726,"Forest","Kimmeridgian"
3.55,2.45,6.86577757262669,47.1335593730388,"Forest","Kimmeridgian"
3.55,2.5,6.86576909574239,47.1340079006579,"Forest","Portlandian"
3.55,2.55,6.8657606187158,47.1344564282299,"Forest","Kimmeridgian"
3.55,2.6,6.8657521415469,47.1349049557547,"Forest","Kimmeridgian"
3.55,2.65,6.86574366423569,47.1353534832324,"Forest","Kimmeridgian"
3.55,2.7,6.86573518678218,47.135802010663,"Forest","Kimmeridgian"
3.55,2.75,6.86572670918634,47.1362505380463,"Forest","Kimmeridgian"
3.55,2.8,6.86571823144819,47.1366990653824,"Forest","Sequanian"
3.55,2.85,6.86570975356772,47.1371475926712,"Forest","Sequanian"
3.55,2.9,6.86570127554491,47.1375961199128,"Pasture","Sequanian"
3.55,2.95,6.86569279737978,47.138044647107,"Pasture","Sequanian"
3.55,3,6.86568431907231,47.1384931742538,"Meadow","Kimmeridgian"
3.55,3.05,6.8656758406225,47.1389417013533,"Meadow","Kimmeridgian"
3.55,3.1,6.86566736203035,47.1393902284055,"Pasture","Quaternary"
3.55,3.15,6.86565888329585,47.1398387554101,"Pasture","Kimmeridgian"
3.55,3.2,6.865650404419,47.1402872823674,"Pasture","Kimmeridgian"
3.55,3.25,6.86564192539979,47.1407358092771,"Pasture","Kimmeridgian"
3.55,3.3,6.86563344623823,47.1411843361393,"Pasture","Kimmeridgian"
3.55,3.35,6.86562496693431,47.141632862954,"Pasture","Kimmeridgian"
3.55,3.4,6.86561648748802,47.1420813897212,"Pasture","Kimmeridgian"
3.55,3.45,6.86560800789936,47.1425299164407,"Pasture","Kimmeridgian"
3.55,3.5,6.86559952816832,47.1429784431127,"Pasture","Kimmeridgian"
3.55,3.55,6.86559104829491,47.1434269697369,"Pasture","Kimmeridgian"
3.55,3.6,6.86558256827912,47.1438754963135,"Meadow","Kimmeridgian"
3.55,3.65,6.86557408812094,47.1443240228425,"Meadow","Kimmeridgian"
3.55,3.7,6.86556560782037,47.1447725493236,"Meadow","Kimmeridgian"
3.55,3.75,6.8655571273774,47.1452210757571,"Meadow","Kimmeridgian"
3.55,3.8,6.86554864679205,47.1456696021427,"Meadow","Kimmeridgian"
3.55,3.85,6.86554016606429,47.1461181284805,"Meadow","Kimmeridgian"
3.55,3.9,6.86553168519412,47.1465666547705,"Pasture","Kimmeridgian"
3.55,3.95,6.86552320418155,47.1470151810127,"Pasture","Kimmeridgian"
3.55,4,6.86551472302656,47.1474637072069,"Pasture","Kimmeridgian"
3.55,4.05,6.86550624172915,47.1479122333532,"Pasture","Kimmeridgian"
3.55,4.1,6.86549776028933,47.1483607594516,"Pasture","Kimmeridgian"
3.55,4.15,6.86548927870708,47.148809285502,"Pasture","Sequanian"
3.55,4.2,6.86548079698241,47.1492578115044,"Pasture","Sequanian"
3.55,4.25,6.8654723151153,47.1497063374587,"Pasture","Sequanian"
3.55,4.3,6.86546383310575,47.150154863365,"Meadow","Sequanian"
3.55,4.35,6.86545535095377,47.1506033892233,"Meadow","Sequanian"
3.55,4.4,6.86544686865934,47.1510519150334,"Forest","Argovian"
3.55,4.45,6.86543838622246,47.1515004407954,"Forest","Argovian"
3.55,4.5,6.86542990364313,47.1519489665092,"Meadow","Argovian"
3.55,4.55,6.86542142092135,47.1523974921748,"Pasture","Quaternary"
3.55,4.6,6.86541293805711,47.1528460177922,"Pasture","Quaternary"
3.55,4.65,6.8654044550504,47.1532945433613,"Pasture","Quaternary"
3.55,4.7,6.86539597190123,47.1537430688822,"Pasture","Quaternary"
3.55,4.75,6.86538748860959,47.1541915943548,"Pasture","Quaternary"
3.55,4.8,6.86537900517547,47.1546401197791,"Meadow","Quaternary"
3.55,4.85,6.86537052159887,47.155088645155,"Meadow","Quaternary"
3.55,4.9,6.86536203787979,47.1555371704825,"Forest","Argovian"
3.55,4.95,6.86535355401822,47.1559856957615,"Forest","Argovian"
3.55,5,6.86534507001417,47.1564342209922,"Forest","Argovian"
3.55,5.05,6.86533658586761,47.1568827461744,"Forest","Argovian"
3.55,5.1,6.86532810157856,47.1573312713081,"Forest","Argovian"
3.55,5.15,6.86531961714701,47.1577797963932,"Pasture","Argovian"
3.55,5.2,6.86531113257296,47.1582283214299,"Pasture","Argovian"
3.55,5.25,6.86530264785639,47.1586768464179,"Meadow","Sequanian"
3.55,5.3,6.86529416299731,47.1591253713573,"Meadow","Sequanian"
3.55,5.35,6.86528567799571,47.1595738962481,"Meadow","Sequanian"
3.55,5.4,6.86527719285159,47.1600224210903,"Meadow","Sequanian"
3.55,5.45,6.86526870756494,47.1604709458837,"Meadow","Sequanian"
3.55,5.5,6.86526022213577,47.1609194706285,"Meadow","Kimmeridgian"
3.55,5.55,6.86525173656406,47.1613679953245,"Pasture","Kimmeridgian"
3.55,5.6,6.86524325084982,47.1618165199718,"Pasture","Kimmeridgian"
3.55,5.65,6.86523476499303,47.1622650445702,"Pasture","Kimmeridgian"
3.6,0.9,6.86669545598563,47.1196596907826,"Meadow","Kimmeridgian"
3.6,0.95,6.86668698900091,47.1201082198961,"Meadow","Kimmeridgian"
3.6,1,6.86667852187411,47.1205567489633,"Meadow","Kimmeridgian"
3.6,1.05,6.86667005460521,47.1210052779843,"Meadow","Kimmeridgian"
3.6,1.1,6.86666158719422,47.1214538069589,"Meadow","Kimmeridgian"
3.6,1.15,6.86665311964112,47.1219023358872,"Meadow","Kimmeridgian"
3.6,1.2,6.86664465194592,47.1223508647693,"Meadow","Kimmeridgian"
3.6,1.25,6.86663618410862,47.1227993936048,"Meadow","Kimmeridgian"
3.6,1.3,6.86662771612921,47.123247922394,"Meadow","Sequanian"
3.6,1.35,6.86661924800768,47.1236964511367,"Meadow","Sequanian"
3.6,1.4,6.86661077974403,47.124144979833,"Meadow","Sequanian"
3.6,1.45,6.86660231133826,47.1245935084828,"Meadow","Sequanian"
3.6,1.5,6.86659384279036,47.1250420370861,"Meadow","Sequanian"
3.6,1.55,6.86658537410033,47.1254905656427,"Meadow","Sequanian"
3.6,1.6,6.86657690526817,47.1259390941529,"Tillage","Sequanian"
3.6,1.65,6.86656843629386,47.1263876226164,"Tillage","Sequanian"
3.6,1.7,6.86655996717742,47.1268361510332,"Tillage","Sequanian"
3.6,1.75,6.86655149791883,47.1272846794035,"Tillage","Sequanian"
3.6,1.8,6.86654302851809,47.127733207727,"Tillage","Quaternary"
3.6,1.85,6.8665345589752,47.1281817360039,"Pasture","Kimmeridgian"
3.6,1.9,6.86652608929015,47.1286302642339,"Pasture","Kimmeridgian"
3.6,1.95,6.86651761946293,47.1290787924172,"Pasture","Kimmeridgian"
3.6,2,6.86650914949356,47.1295273205538,"Pasture","Kimmeridgian"
3.6,2.05,6.86650067938201,47.1299758486435,"Pasture","Kimmeridgian"
3.6,2.1,6.86649220912829,47.1304243766863,"Meadow","Kimmeridgian"
3.6,2.15,6.86648373873239,47.1308729046823,"Forest","Kimmeridgian"
3.6,2.2,6.86647526819431,47.1313214326313,"Forest","Kimmeridgian"
3.6,2.25,6.86646679751405,47.1317699605335,"Pasture","Kimmeridgian"
3.6,2.3,6.8664583266916,47.1322184883886,"Pasture","Kimmeridgian"
3.6,2.35,6.86644985572695,47.1326670161968,"Pasture","Kimmeridgian"
3.6,2.4,6.86644138462011,47.133115543958,"Forest","Kimmeridgian"
3.6,2.45,6.86643291337107,47.1335640716721,"Forest","Kimmeridgian"
3.6,2.5,6.86642444197982,47.1340125993392,"Forest","Kimmeridgian"
3.6,2.55,6.86641597044637,47.1344611269591,"Forest","Kimmeridgian"
3.6,2.6,6.86640749877071,47.134909654532,"Forest","Kimmeridgian"
3.6,2.65,6.86639902695283,47.1353581820576,"Forest","Kimmeridgian"
3.6,2.7,6.86639055499272,47.1358067095361,"Forest","Kimmeridgian"
3.6,2.75,6.8663820828904,47.1362552369674,"Forest","Kimmeridgian"
3.6,2.8,6.86637361064585,47.1367037643515,"Forest","Kimmeridgian"
3.6,2.85,6.86636513825907,47.1371522916883,"Forest","Kimmeridgian"
3.6,2.9,6.86635666573005,47.1376008189778,"Pasture","Sequanian"
3.6,2.95,6.86634819305879,47.13804934622,"Pasture","Sequanian"
3.6,3,6.86633972024529,47.1384978734148,"Meadow","Kimmeridgian"
3.6,3.05,6.86633124728955,47.1389464005623,"Meadow","Kimmeridgian"
3.6,3.1,6.86632277419155,47.1393949276624,"Meadow","Quaternary"
3.6,3.15,6.8663143009513,47.139843454715,"Pasture","Kimmeridgian"
3.6,3.2,6.86630582756879,47.1402919817203,"Pasture","Kimmeridgian"
3.6,3.25,6.86629735404401,47.140740508678,"Pasture","Kimmeridgian"
3.6,3.3,6.86628888037698,47.1411890355882,"Pasture","Kimmeridgian"
3.6,3.35,6.86628040656767,47.1416375624509,"Pasture","Kimmeridgian"
3.6,3.4,6.86627193261608,47.142086089266,"Pasture","Kimmeridgian"
3.6,3.45,6.86626345852222,47.1425346160335,"Pasture","Kimmeridgian"
3.6,3.5,6.86625498428608,47.1429831427534,"Pasture","Kimmeridgian"
3.6,3.55,6.86624650990765,47.1434316694257,"Pasture","Kimmeridgian"
3.6,3.6,6.86623803538694,47.1438801960503,"Meadow","Kimmeridgian"
3.6,3.65,6.86622956072392,47.1443287226272,"Meadow","Kimmeridgian"
3.6,3.7,6.86622108591862,47.1447772491563,"Meadow","Kimmeridgian"
3.6,3.75,6.86621261097101,47.1452257756377,"Meadow","Kimmeridgian"
3.6,3.8,6.8662041358811,47.1456743020714,"Meadow","Kimmeridgian"
3.6,3.85,6.86619566064888,47.1461228284572,"Meadow","Kimmeridgian"
3.6,3.9,6.86618718527434,47.1465713547952,"Meadow","Kimmeridgian"
3.6,3.95,6.86617870975749,47.1470198810853,"Meadow","Kimmeridgian"
3.6,4,6.86617023409832,47.1474684073275,"Pasture","Kimmeridgian"
3.6,4.05,6.86616175829682,47.1479169335218,"Pasture","Kimmeridgian"
3.6,4.1,6.866153282353,47.1483654596682,"Pasture","Kimmeridgian"
3.6,4.15,6.86614480626684,47.1488139857666,"Pasture","Sequanian"
3.6,4.2,6.86613633003835,47.149262511817,"Pasture","Sequanian"
3.6,4.25,6.86612785366751,47.1497110378193,"Pasture","Sequanian"
3.6,4.3,6.86611937715434,47.1501595637736,"Meadow","Sequanian"
3.6,4.35,6.86611090049882,47.1506080896799,"Meadow","Sequanian"
3.6,4.4,6.86610242370094,47.151056615538,"Forest","Argovian"
3.6,4.45,6.86609394676071,47.1515051413479,"Forest","Argovian"
3.6,4.5,6.86608546967812,47.1519536671097,"Meadow","Argovian"
3.6,4.55,6.86607699245317,47.1524021928234,"Pasture","Quaternary"
3.6,4.6,6.86606851508585,47.1528507184888,"Pasture","Quaternary"
3.6,4.65,6.86606003757615,47.1532992441059,"Pasture","Quaternary"
3.6,4.7,6.86605155992409,47.1537477696748,"Pasture","Quaternary"
3.6,4.75,6.86604308212964,47.1541962951953,"Pasture","Quaternary"
3.6,4.8,6.86603460419282,47.1546448206676,"Meadow","Quaternary"
3.6,4.85,6.8660261261136,47.1550933460915,"Meadow","Quaternary"
3.6,4.9,6.866017647892,47.155541871467,"Forest","Argovian"
3.6,4.95,6.866009169528,47.1559903967941,"Forest","Argovian"
3.6,5,6.86600069102161,47.1564389220728,"Forest","Argovian"
3.6,5.05,6.86599221237281,47.1568874473029,"Forest","Argovian"
3.6,5.1,6.8659837335816,47.1573359724847,"Forest","Argovian"
3.6,5.15,6.86597525464799,47.1577844976178,"Pasture","Argovian"
3.6,5.2,6.86596677557196,47.1582330227024,"Pasture","Argovian"
3.6,5.25,6.86595829635352,47.1586815477385,"Pasture","Argovian"
3.6,5.3,6.86594981699265,47.1591300727259,"Meadow","Sequanian"
3.6,5.35,6.86594133748936,47.1595785976647,"Meadow","Sequanian"
3.6,5.4,6.86593285784364,47.1600271225549,"Meadow","Sequanian"
3.6,5.45,6.86592437805549,47.1604756473964,"Meadow","Sequanian"
3.6,5.5,6.8659158981249,47.1609241721891,"Meadow","Kimmeridgian"
3.6,5.55,6.86590741805187,47.1613726969332,"Pasture","Kimmeridgian"
3.6,5.6,6.86589893783639,47.1618212216284,"Pasture","Kimmeridgian"
3.6,5.65,6.86589045747847,47.1622697462749,"Pasture","Kimmeridgian"
3.6,5.7,6.86588197697809,47.1627182708725,"Pasture","Kimmeridgian"
3.65,0.9,6.86735062660636,47.1196643841922,"Pasture","Kimmeridgian"
3.65,0.95,6.86734216511184,47.1201129133536,"Meadow","Kimmeridgian"
3.65,1,6.86733370347532,47.1205614424687,"Meadow","Kimmeridgian"
3.65,1.05,6.8673252416968,47.1210099715376,"Meadow","Kimmeridgian"
3.65,1.1,6.86731677977628,47.1214585005602,"Meadow","Kimmeridgian"
3.65,1.15,6.86730831771375,47.1219070295364,"Meadow","Kimmeridgian"
3.65,1.2,6.8672998555092,47.1223555584663,"Meadow","Kimmeridgian"
3.65,1.25,6.86729139316265,47.1228040873498,"Meadow","Kimmeridgian"
3.65,1.3,6.86728293067407,47.123252616187,"Meadow","Kimmeridgian"
3.65,1.35,6.86727446804348,47.1237011449776,"Meadow","Sequanian"
3.65,1.4,6.86726600527085,47.1241496737218,"Meadow","Sequanian"
3.65,1.45,6.8672575423562,47.1245982024195,"Meadow","Sequanian"
3.65,1.5,6.8672490792995,47.1250467310706,"Meadow","Sequanian"
3.65,1.55,6.86724061610078,47.1254952596753,"Meadow","Sequanian"
3.65,1.6,6.86723215276001,47.1259437882333,"Meadow","Sequanian"
3.65,1.65,6.86722368927719,47.1263923167448,"Meadow","Sequanian"
3.65,1.7,6.86721522565232,47.1268408452096,"Pasture","Sequanian"
3.65,1.75,6.8672067618854,47.1272893736277,"Pasture","Sequanian"
3.65,1.8,6.86719829797642,47.1277379019992,"Pasture","Kimmeridgian"
3.65,1.85,6.86718983392538,47.1281864303239,"Pasture","Quaternary"
3.65,1.9,6.86718136973228,47.128634958602,"Pasture","Quaternary"
3.65,1.95,6.8671729053971,47.1290834868332,"Pasture","Quaternary"
3.65,2,6.86716444091985,47.1295320150176,"Pasture","Quaternary"
3.65,2.05,6.86715597630053,47.1299805431553,"Pasture","Quaternary"
3.65,2.1,6.86714751153912,47.1304290712461,"Meadow","Kimmeridgian"
3.65,2.15,6.86713904663563,47.13087759929,"Forest","Kimmeridgian"
3.65,2.2,6.86713058159005,47.131326127287,"Forest","Kimmeridgian"
3.65,2.25,6.86712211640238,47.131774655237,"Forest","Kimmeridgian"
3.65,2.3,6.86711365107261,47.1322231831401,"Forest","Quaternary"
3.65,2.35,6.86710518560074,47.1326717109962,"Forest","Quaternary"
3.65,2.4,6.86709671998676,47.1331202388053,"Forest","Kimmeridgian"
3.65,2.45,6.86708825423068,47.1335687665674,"Forest","Kimmeridgian"
3.65,2.5,6.86707978833249,47.1340172942824,"Forest","Kimmeridgian"
3.65,2.55,6.86707132229218,47.1344658219503,"Forest","Kimmeridgian"
3.65,2.6,6.86706285610975,47.134914349571,"Forest","Kimmeridgian"
3.65,2.65,6.8670543897852,47.1353628771447,"Forest","Kimmeridgian"
3.65,2.7,6.86704592331852,47.1358114046711,"Forest","Kimmeridgian"
3.65,2.75,6.8670374567097,47.1362599321504,"Forest","Kimmeridgian"
3.65,2.8,6.86702898995876,47.1367084595823,"Forest","Kimmeridgian"
3.65,2.85,6.86702052306567,47.1371569869671,"Forest","Kimmeridgian"
3.65,2.9,6.86701205603044,47.1376055143045,"Pasture","Sequanian"
3.65,2.95,6.86700358885307,47.1380540415947,"Pasture","Sequanian"
3.65,3,6.86699512153354,47.1385025688375,"Meadow","Kimmeridgian"
3.65,3.05,6.86698665407186,47.1389510960329,"Meadow","Kimmeridgian"
3.65,3.1,6.86697818646802,47.1393996231809,"Meadow","Quaternary"
3.65,3.15,6.86696971872202,47.1398481502815,"Meadow","Kimmeridgian"
3.65,3.2,6.86696125083385,47.1402966773347,"Meadow","Kimmeridgian"
3.65,3.25,6.86695278280351,47.1407452043404,"Meadow","Kimmeridgian"
3.65,3.3,6.866944314631,47.1411937312985,"Meadow","Kimmeridgian"
3.65,3.35,6.86693584631631,47.1416422582091,"Meadow","Kimmeridgian"
3.65,3.4,6.86692737785944,47.1420907850722,"Pasture","Kimmeridgian"
3.65,3.45,6.86691890926039,47.1425393118877,"Pasture","Kimmeridgian"
3.65,3.5,6.86691044051914,47.1429878386555,"Meadow","Kimmeridgian"
3.65,3.55,6.8669019716357,47.1434363653757,"Meadow","Kimmeridgian"
3.65,3.6,6.86689350261006,47.1438848920482,"Meadow","Kimmeridgian"
3.65,3.65,6.86688503344222,47.1443334186731,"Meadow","Kimmeridgian"
3.65,3.7,6.86687656413218,47.1447819452502,"Meadow","Kimmeridgian"
3.65,3.75,6.86686809467993,47.1452304717796,"Meadow","Kimmeridgian"
3.65,3.8,6.86685962508547,47.1456789982612,"Meadow","Kimmeridgian"
3.65,3.85,6.86685115534879,47.146127524695,"Meadow","Kimmeridgian"
3.65,3.9,6.86684268546989,47.1465760510809,"Meadow","Kimmeridgian"
3.65,3.95,6.86683421544876,47.147024577419,"Meadow","Sequanian"
3.65,4,6.86682574528541,47.1474731037091,"Meadow","Sequanian"
3.65,4.05,6.86681727497982,47.1479216299514,"Meadow","Kimmeridgian"
3.65,4.1,6.866808804532,47.1483701561457,"Meadow","Kimmeridgian"
3.65,4.15,6.86680033394194,47.1488186822921,"Meadow","Kimmeridgian"
3.65,4.2,6.86679186320963,47.1492672083904,"Meadow","Kimmeridgian"
3.65,4.25,6.86678339233508,47.1497157344408,"Meadow","Kimmeridgian"
3.65,4.3,6.86677492131828,47.150164260443,"Pasture","Sequanian"
3.65,4.35,6.86676645015922,47.1506127863972,"Pasture","Sequanian"
3.65,4.4,6.8667579788579,47.1510613123033,"Meadow","Sequanian"
3.65,4.45,6.86674950741432,47.1515098381612,"Meadow","Sequanian"
3.65,4.5,6.86674103582847,47.151958363971,"Meadow","Argovian"
3.65,4.55,6.86673256410035,47.1524068897326,"Meadow","Argovian"
3.65,4.6,6.86672409222996,47.152855415446,"Meadow","Argovian"
3.65,4.65,6.86671562021728,47.1533039411111,"Meadow","Argovian"
3.65,4.7,6.86670714806233,47.1537524667279,"Meadow","Argovian"
3.65,4.75,6.86669867576509,47.1542009922965,"Meadow","Argovian"
3.65,4.8,6.86669020332555,47.1546495178167,"Meadow","Quaternary"
3.65,4.85,6.86668173074373,47.1550980432885,"Meadow","Quaternary"
3.65,4.9,6.8666732580196,47.155546568712,"Meadow","Argovian"
3.65,4.95,6.86666478515318,47.1559950940871,"Meadow","Argovian"
3.65,5,6.86665631214445,47.1564436194137,"Meadow","Argovian"
3.65,5.05,6.8666478389934,47.1568921446919,"Forest","Argovian"
3.65,5.1,6.86663936570005,47.1573406699215,"Forest","Argovian"
3.65,5.15,6.86663089226438,47.1577891951027,"Forest","Argovian"
3.65,5.2,6.86662241868639,47.1582377202353,"Forest","Argovian"
3.65,5.25,6.86661394496607,47.1586862453193,"Meadow","Sequanian"
3.65,5.3,6.86660547110342,47.1591347703547,"Meadow","Sequanian"
3.65,5.35,6.86659699709844,47.1595832953415,"Meadow","Sequanian"
3.65,5.4,6.86658852295112,47.1600318202796,"Meadow","Sequanian"
3.65,5.45,6.86658004866147,47.1604803451691,"Meadow","Sequanian"
3.65,5.5,6.86657157422946,47.1609288700098,"Meadow","Sequanian"
3.65,5.55,6.86656309965511,47.1613773948018,"Meadow","Kimmeridgian"
3.65,5.6,6.86655462493841,47.161825919545,"Meadow","Kimmeridgian"
3.65,5.65,6.86654615007935,47.1622744442395,"Pasture","Kimmeridgian"
3.65,5.7,6.86653767507793,47.1627229688852,"Pasture","Kimmeridgian"
3.65,5.75,6.86652919993415,47.1631714934819,"Pasture","Kimmeridgian"
3.7,0.9,6.86800579734212,47.1196690738648,"Pasture","Kimmeridgian"
3.7,0.95,6.8679973413378,47.120117603074,"Meadow","Kimmeridgian"
3.7,1,6.86798888519157,47.120566132237,"Meadow","Kimmeridgian"
3.7,1.05,6.86798042890343,47.1210146613538,"Meadow","Kimmeridgian"
3.7,1.1,6.86797197247338,47.1214631904243,"Meadow","Kimmeridgian"
3.7,1.15,6.86796351590142,47.1219117194484,"Meadow","Kimmeridgian"
3.7,1.2,6.86795505918754,47.1223602484262,"Meadow","Kimmeridgian"
3.7,1.25,6.86794660233173,47.1228087773576,"Meadow","Kimmeridgian"
3.7,1.3,6.867938145334,47.1232573062426,"Meadow","Kimmeridgian"
3.7,1.35,6.86792968819434,47.1237058350811,"Meadow","Sequanian"
3.7,1.4,6.86792123091274,47.1241543638732,"Meadow","Sequanian"
3.7,1.45,6.8679127734892,47.1246028926188,"Meadow","Sequanian"
3.7,1.5,6.86790431592372,47.1250514213179,"Meadow","Sequanian"
3.7,1.55,6.8678958582163,47.1254999499704,"Meadow","Sequanian"
3.7,1.6,6.86788740036692,47.1259484785763,"Meadow","Sequanian"
3.7,1.65,6.8678789423756,47.1263970071356,"Meadow","Sequanian"
3.7,1.7,6.86787048424231,47.1268455356483,"Pasture","Sequanian"
3.7,1.75,6.86786202596706,47.1272940641144,"Pasture","Sequanian"
3.7,1.8,6.86785356754985,47.1277425925337,"Pasture","Kimmeridgian"
3.7,1.85,6.86784510899066,47.1281911209064,"Pasture","Quaternary"
3.7,1.9,6.8678366502895,47.1286396492323,"Pasture","Quaternary"
3.7,1.95,6.86782819144637,47.1290881775114,"Pasture","Quaternary"
3.7,2,6.86781973246126,47.1295367057438,"Pasture","Quaternary"
3.7,2.05,6.86781127333416,47.1299852339293,"Pasture","Quaternary"
3.7,2.1,6.86780281406507,47.130433762068,"Meadow","Kimmeridgian"
3.7,2.15,6.86779435465399,47.1308822901598,"Forest","Kimmeridgian"
3.7,2.2,6.8677858951009,47.1313308182047,"Forest","Kimmeridgian"
3.7,2.25,6.86777743540583,47.1317793462027,"Forest","Kimmeridgian"
3.7,2.3,6.86776897556874,47.1322278741537,"Forest","Quaternary"
3.7,2.35,6.86776051558965,47.1326764020577,"Forest","Quaternary"
3.7,2.4,6.86775205546855,47.1331249299147,"Forest","Kimmeridgian"
3.7,2.45,6.86774359520543,47.1335734577247,"Forest","Kimmeridgian"
3.7,2.5,6.86773513480029,47.1340219854876,"Forest","Kimmeridgian"
3.7,2.55,6.86772667425313,47.1344705132033,"Forest","Kimmeridgian"
3.7,2.6,6.86771821356394,47.134919040872,"Forest","Kimmeridgian"
3.7,2.65,6.86770975273272,47.1353675684936,"Forest","Kimmeridgian"
3.7,2.7,6.86770129175946,47.1358160960679,"Forest","Kimmeridgian"
3.7,2.75,6.86769283064417,47.136264623595,"Forest","Kimmeridgian"
3.7,2.8,6.86768436938683,47.1367131510749,"Forest","Kimmeridgian"
3.7,2.85,6.86767590798744,47.1371616785076,"Forest","Kimmeridgian"
3.7,2.9,6.867667446446,47.137610205893,"Pasture","Sequanian"
3.7,2.95,6.86765898476252,47.138058733231,"Pasture","Sequanian"
3.7,3,6.86765052293697,47.1385072605217,"Meadow","Kimmeridgian"
3.7,3.05,6.86764206096935,47.1389557877651,"Meadow","Kimmeridgian"
3.7,3.1,6.86763359885968,47.139404314961,"Meadow","Quaternary"
3.7,3.15,6.86762513660793,47.1398528421095,"Meadow","Kimmeridgian"
3.7,3.2,6.86761667421411,47.1403013692106,"Meadow","Kimmeridgian"
3.7,3.25,6.86760821167821,47.1407498962642,"Meadow","Kimmeridgian"
3.7,3.3,6.86759974900023,47.1411984232702,"Meadow","Kimmeridgian"
3.7,3.35,6.86759128618016,47.1416469502288,"Meadow","Kimmeridgian"
3.7,3.4,6.867582823218,47.1420954771398,"Pasture","Kimmeridgian"
3.7,3.45,6.86757436011375,47.1425440040032,"Pasture","Kimmeridgian"
3.7,3.5,6.86756589686741,47.1429925308189,"Meadow","Kimmeridgian"
3.7,3.55,6.86755743347896,47.1434410575871,"Meadow","Kimmeridgian"
3.7,3.6,6.8675489699484,47.1438895843075,"Meadow","Kimmeridgian"
3.7,3.65,6.86754050627574,47.1443381109803,"Meadow","Kimmeridgian"
3.7,3.7,6.86753204246097,47.1447866376053,"Meadow","Kimmeridgian"
3.7,3.75,6.86752357850408,47.1452351641826,"Meadow","Kimmeridgian"
3.7,3.8,6.86751511440507,47.1456836907121,"Meadow","Kimmeridgian"
3.7,3.85,6.86750665016393,47.1461322171938,"Meadow","Kimmeridgian"
3.7,3.9,6.86749818578067,47.1465807436277,"Meadow","Kimmeridgian"
3.7,3.95,6.86748972125527,47.1470292700137,"Meadow","Sequanian"
3.7,4,6.86748125658774,47.1474777963518,"Meadow","Sequanian"
3.7,4.05,6.86747279177807,47.147926322642,"Meadow","Kimmeridgian"
3.7,4.1,6.86746432682625,47.1483748488842,"Meadow","Kimmeridgian"
3.7,4.15,6.86745586173229,47.1488233750786,"Meadow","Kimmeridgian"
3.7,4.2,6.86744739649618,47.1492719012248,"Meadow","Kimmeridgian"
3.7,4.25,6.86743893111791,47.149720427323,"Meadow","Kimmeridgian"
3.7,4.3,6.86743046559748,47.1501689533732,"Pasture","Sequanian"
3.7,4.35,6.86742199993489,47.1506174793754,"Pasture","Sequanian"
3.7,4.4,6.86741353413013,47.1510660053294,"Meadow","Sequanian"
3.7,4.45,6.8674050681832,47.1515145312353,"Meadow","Sequanian"
3.7,4.5,6.8673966020941,47.1519630570929,"Meadow","Argovian"
3.7,4.55,6.86738813586281,47.1524115829025,"Meadow","Argovian"
3.7,4.6,6.86737966948935,47.1528601086638,"Meadow","Argovian"
3.7,4.65,6.8673712029737,47.1533086343768,"Meadow","Argovian"
3.7,4.7,6.86736273631586,47.1537571600416,"Meadow","Argovian"
3.7,4.75,6.86735426951582,47.1542056856581,"Meadow","Argovian"
3.7,4.8,6.86734580257359,47.1546542112263,"Meadow","Quaternary"
3.7,4.85,6.86733733548915,47.155102736746,"Meadow","Quaternary"
3.7,4.9,6.86732886826251,47.1555512622175,"Meadow","Argovian"
3.7,4.95,6.86732040089366,47.1559997876405,"Meadow","Argovian"
3.7,5,6.8673119333826,47.156448313015,"Meadow","Argovian"
3.7,5.05,6.86730346572932,47.1568968383411,"Forest","Argovian"
3.7,5.1,6.86729499793381,47.1573453636187,"Forest","Argovian"
3.7,5.15,6.86728652999609,47.1577938888478,"Forest","Argovian"
3.7,5.2,6.86727806191613,47.1582424140284,"Forest","Argovian"
3.7,5.25,6.86726959369394,47.1586909391604,"Meadow","Sequanian"
3.7,5.3,6.86726112532952,47.1591394642437,"Meadow","Sequanian"
3.7,5.35,6.86725265682285,47.1595879892785,"Meadow","Sequanian"
3.7,5.4,6.86724418817394,47.1600365142645,"Meadow","Sequanian"
3.7,5.45,6.86723571938278,47.1604850392019,"Meadow","Sequanian"
3.7,5.5,6.86722725044937,47.1609335640906,"Meadow","Sequanian"
3.7,5.55,6.8672187813737,47.1613820889306,"Meadow","Kimmeridgian"
3.7,5.6,6.86721031215578,47.1618306137218,"Meadow","Kimmeridgian"
3.7,5.65,6.86720184279559,47.1622791384642,"Pasture","Kimmeridgian"
3.7,5.7,6.86719337329313,47.1627276631577,"Pasture","Kimmeridgian"
3.7,5.75,6.8671849036484,47.1631761878025,"Pasture","Kimmeridgian"
3.7,5.8,6.86717643386139,47.1636247123983,"Pasture","Kimmeridgian"
3.75,0.9,6.86866096819282,47.1196737598002,"Pasture","Kimmeridgian"
3.75,0.95,6.8686525176787,47.1201222890574,"Pasture","Kimmeridgian"
3.75,1,6.86864406702276,47.1205708182683,"Pasture","Kimmeridgian"
3.75,1.05,6.86863561622501,47.1210193474328,"Pasture","Kimmeridgian"
3.75,1.1,6.86862716528544,47.1214678765512,"Pasture","Portlandian"
3.75,1.15,6.86861871420405,47.1219164056232,"Pasture","Portlandian"
3.75,1.2,6.86861026298083,47.1223649346488,"Meadow","Kimmeridgian"
3.75,1.25,6.86860181161578,47.122813463628,"Meadow","Kimmeridgian"
3.75,1.3,6.86859336010889,47.1232619925609,"Meadow","Kimmeridgian"
3.75,1.35,6.86858490846016,47.1237105214473,"Meadow","Kimmeridgian"
3.75,1.4,6.8685764566696,47.1241590502872,"Meadow","Kimmeridgian"
3.75,1.45,6.86856800473719,47.1246075790807,"Meadow","Sequanian"
3.75,1.5,6.86855955266292,47.1250561078276,"Meadow","Sequanian"
3.75,1.55,6.8685511004468,47.125504636528,"Meadow","Sequanian"
3.75,1.6,6.86854264808883,47.1259531651818,"Meadow","Sequanian"
3.75,1.65,6.86853419558899,47.126401693789,"Meadow","Sequanian"
3.75,1.7,6.86852574294729,47.1268502223495,"Pasture","Sequanian"
3.75,1.75,6.86851729016372,47.1272987508635,"Pasture","Sequanian"
3.75,1.8,6.86850883723827,47.1277472793307,"Pasture","Kimmeridgian"
3.75,1.85,6.86850038417094,47.1281958077512,"Pasture","Quaternary"
3.75,1.9,6.86849193096174,47.128644336125,"Pasture","Quaternary"
3.75,1.95,6.86848347761065,47.1290928644519,"Pasture","Quaternary"
3.75,2,6.86847502411767,47.1295413927322,"Pasture","Quaternary"
3.75,2.05,6.8684665704828,47.1299899209656,"Pasture","Quaternary"
3.75,2.1,6.86845811670603,47.1304384491521,"Meadow","Kimmeridgian"
3.75,2.15,6.86844966278736,47.1308869772918,"Forest","Kimmeridgian"
3.75,2.2,6.86844120872679,47.1313355053846,"Forest","Kimmeridgian"
3.75,2.25,6.86843275452431,47.1317840334304,"Forest","Kimmeridgian"
3.75,2.3,6.86842430017992,47.1322325614292,"Forest","Kimmeridgian"
3.75,2.35,6.8684158456936,47.1326810893811,"Forest","Kimmeridgian"
3.75,2.4,6.86840739106538,47.133129617286,"Forest","Kimmeridgian"
3.75,2.45,6.86839893629522,47.1335781451439,"Forest","Kimmeridgian"
3.75,2.5,6.86839048138314,47.1340266729546,"Forest","Kimmeridgian"
3.75,2.55,6.86838202632913,47.1344752007183,"Forest","Kimmeridgian"
3.75,2.6,6.86837357113318,47.1349237284349,"Forest","Kimmeridgian"
3.75,2.65,6.8683651157953,47.1353722561043,"Forest","Kimmeridgian"
3.75,2.7,6.86835666031547,47.1358207837265,"Forest","Kimmeridgian"
3.75,2.75,6.86834820469369,47.1362693113015,"Forest","Kimmeridgian"
3.75,2.8,6.86833974892997,47.1367178388293,"Forest","Kimmeridgian"
3.75,2.85,6.86833129302428,47.1371663663098,"Forest","Kimmeridgian"
3.75,2.9,6.86832283697664,47.1376148937431,"Pasture","Sequanian"
3.75,2.95,6.86831438078704,47.138063421129,"Pasture","Sequanian"
3.75,3,6.86830592445547,47.1385119484676,"Meadow","Quaternary"
3.75,3.05,6.86829746798193,47.1389604757588,"Meadow","Quaternary"
3.75,3.1,6.86828901136642,47.1394090030026,"Meadow","Quaternary"
3.75,3.15,6.86828055460893,47.139857530199,"Meadow","Kimmeridgian"
3.75,3.2,6.86827209770946,47.140306057348,"Meadow","Kimmeridgian"
3.75,3.25,6.868263640668,47.1407545844495,"Meadow","Kimmeridgian"
3.75,3.3,6.86825518348455,47.1412031115034,"Meadow","Kimmeridgian"
3.75,3.35,6.86824672615911,47.1416516385099,"Meadow","Kimmeridgian"
3.75,3.4,6.86823826869167,47.1421001654687,"Meadow","Kimmeridgian"
3.75,3.45,6.86822981108223,47.14254869238,"Meadow","Kimmeridgian"
3.75,3.5,6.86822135333079,47.1429972192436,"Meadow","Kimmeridgian"
3.75,3.55,6.86821289543733,47.1434457460597,"Meadow","Kimmeridgian"
3.75,3.6,6.86820443740187,47.143894272828,"Meadow","Kimmeridgian"
3.75,3.65,6.86819597922439,47.1443427995487,"Forest","Kimmeridgian"
3.75,3.7,6.86818752090489,47.1447913262216,"Forest","Kimmeridgian"
3.75,3.75,6.86817906244336,47.1452398528468,"Meadow","Kimmeridgian"
3.75,3.8,6.8681706038398,47.1456883794242,"Meadow","Kimmeridgian"
3.75,3.85,6.86816214509421,47.1461369059538,"Meadow","Kimmeridgian"
3.75,3.9,6.86815368620659,47.1465854324356,"Meadow","Kimmeridgian"
3.75,3.95,6.86814522717693,47.1470339588694,"Meadow","Sequanian"
3.75,4,6.86813676800522,47.1474824852555,"Meadow","Sequanian"
3.75,4.05,6.86812830869147,47.1479310115935,"Meadow","Sequanian"
3.75,4.1,6.86811984923566,47.1483795378837,"Meadow","Sequanian"
3.75,4.15,6.8681113896378,47.1488280641259,"Meadow","Kimmeridgian"
3.75,4.2,6.86810292989788,47.14927659032,"Meadow","Kimmeridgian"
3.75,4.25,6.8680944700159,47.1497251164662,"Meadow","Sequanian"
3.75,4.3,6.86808600999185,47.1501736425643,"Meadow","Sequanian"
3.75,4.35,6.86807754982573,47.1506221686143,"Meadow","Sequanian"
3.75,4.4,6.86806908951754,47.1510706946162,"Meadow","Sequanian"
3.75,4.45,6.86806062906726,47.15151922057,"Meadow","Sequanian"
3.75,4.5,6.86805216847491,47.1519677464756,"Meadow","Argovian"
3.75,4.55,6.86804370774047,47.152416272333,"Meadow","Argovian"
3.75,4.6,6.86803524686394,47.1528647981422,"Meadow","Argovian"
3.75,4.65,6.86802678584531,47.1533133239032,"Meadow","Argovian"
3.75,4.7,6.86801832468458,47.1537618496159,"Meadow","Argovian"
3.75,4.75,6.86800986338176,47.1542103752803,"Meadow","Argovian"
3.75,4.8,6.86800140193683,47.1546589008963,"Meadow","Quaternary"
3.75,4.85,6.86799294034979,47.1551074264641,"Meadow","Quaternary"
3.75,4.9,6.86798447862063,47.1555559519833,"Meadow","Quaternary"
3.75,4.95,6.86797601674936,47.1560044774543,"Meadow","Quaternary"
3.75,5,6.86796755473597,47.1564530028768,"Meadow","Quaternary"
3.75,5.05,6.86795909258045,47.1569015282508,"Forest","Argovian"
3.75,5.1,6.86795063028281,47.1573500535763,"Forest","Argovian"
3.75,5.15,6.86794216784303,47.1577985788533,"Meadow","Argovian"
3.75,5.2,6.86793370526111,47.1582471040818,"Meadow","Argovian"
3.75,5.25,6.86792524253706,47.1586956292616,"Meadow","Sequanian"
3.75,5.3,6.86791677967086,47.1591441543929,"Meadow","Sequanian"
3.75,5.35,6.86790831666251,47.1595926794756,"Meadow","Sequanian"
3.75,5.4,6.86789985351201,47.1600412045096,"Meadow","Sequanian"
3.75,5.45,6.86789139021935,47.1604897294949,"Meadow","Sequanian"
3.75,5.5,6.86788292678453,47.1609382544315,"Meadow","Kimmeridgian"
3.75,5.55,6.86787446320755,47.1613867793194,"Meadow","Kimmeridgian"
3.75,5.6,6.86786599948841,47.1618353041585,"Meadow","Kimmeridgian"
3.75,5.65,6.86785753562709,47.1622838289488,"Pasture","Kimmeridgian"
3.75,5.7,6.86784907162359,47.1627323536903,"Pasture","Kimmeridgian"
3.75,5.75,6.86784060747792,47.1631808783829,"Pasture","Kimmeridgian"
3.75,5.8,6.86783214319006,47.1636294030267,"Pasture","Kimmeridgian"
3.75,5.85,6.86782367876002,47.1640779276215,"Pasture","Kimmeridgian"
3.8,0.7,6.86934991783692,47.1178843243169,"Pasture","Sequanian"
3.8,0.75,6.86934147337984,47.1183328538066,"Pasture","Sequanian"
3.8,0.8,6.86933302878106,47.1187813832501,"Pasture","Sequanian"
3.8,0.85,6.86932458404057,47.1192299126474,"Pasture","Kimmeridgian"
3.8,0.9,6.86931613915836,47.1196784419986,"Pasture","Kimmeridgian"
3.8,0.95,6.86930769413445,47.1201269713036,"Pasture","Kimmeridgian"
3.8,1,6.86929924896881,47.1205755005623,"Pasture","Kimmeridgian"
3.8,1.05,6.86929080366145,47.1210240297748,"Pasture","Kimmeridgian"
3.8,1.1,6.86928235821236,47.1214725589409,"Pasture","Portlandian"
3.8,1.15,6.86927391262154,47.1219210880607,"Pasture","Portlandian"
3.8,1.2,6.86926546688899,47.1223696171341,"Meadow","Kimmeridgian"
3.8,1.25,6.86925702101469,47.1228181461612,"Meadow","Kimmeridgian"
3.8,1.3,6.86924857499866,47.1232666751419,"Meadow","Kimmeridgian"
3.8,1.35,6.86924012884087,47.1237152040761,"Meadow","Kimmeridgian"
3.8,1.4,6.86923168254134,47.1241637329639,"Meadow","Kimmeridgian"
3.8,1.45,6.86922323610005,47.1246122618051,"Meadow","Kimmeridgian"
3.8,1.5,6.86921478951701,47.1250607905999,"Meadow","Kimmeridgian"
3.8,1.55,6.8692063427922,47.1255093193481,"Meadow","Kimmeridgian"
3.8,1.6,6.86919789592563,47.1259578480497,"Meadow","Kimmeridgian"
3.8,1.65,6.86918944891729,47.1264063767047,"Meadow","Kimmeridgian"
3.8,1.7,6.86918100176717,47.1268549053132,"Meadow","Kimmeridgian"
3.8,1.75,6.86917255447528,47.1273034338749,"Meadow","Kimmeridgian"
3.8,1.8,6.8691641070416,47.12775196239,"Pasture","Kimmeridgian"
3.8,1.85,6.86915565946614,47.1282004908583,"Meadow","Kimmeridgian"
3.8,1.9,6.86914721174889,47.1286490192799,"Meadow","Kimmeridgian"
3.8,1.95,6.86913876388985,47.1290975476547,"Pasture","Quaternary"
3.8,2,6.86913031588901,47.1295460759828,"Pasture","Quaternary"
3.8,2.05,6.86912186774637,47.129994604264,"Pasture","Quaternary"
3.8,2.1,6.86911341946193,47.1304431324984,"Meadow","Kimmeridgian"
3.8,2.15,6.86910497103567,47.1308916606859,"Meadow","Kimmeridgian"
3.8,2.2,6.86909652246761,47.1313401888265,"Meadow","Kimmeridgian"
3.8,2.25,6.86908807375773,47.1317887169202,"Meadow","Kimmeridgian"
3.8,2.3,6.86907962490603,47.132237244967,"Forest","Kimmeridgian"
3.8,2.35,6.86907117591251,47.1326857729667,"Forest","Kimmeridgian"
3.8,2.4,6.86906272677715,47.1331343009194,"Forest","Kimmeridgian"
3.8,2.45,6.86905427749997,47.1335828288251,"Forest","Kimmeridgian"
3.8,2.5,6.86904582808095,47.1340313566837,"Forest","Kimmeridgian"
3.8,2.55,6.86903737852009,47.1344798844952,"Forest","Kimmeridgian"
3.8,2.6,6.86902892881739,47.1349284122596,"Forest","Kimmeridgian"
3.8,2.65,6.86902047897284,47.1353769399769,"Forest","Kimmeridgian"
3.8,2.7,6.86901202898645,47.1358254676469,"Forest","Kimmeridgian"
3.8,2.75,6.86900357885819,47.1362739952698,"Forest","Kimmeridgian"
3.8,2.8,6.86899512858808,47.1367225228454,"Forest","Kimmeridgian"
3.8,2.85,6.86898667817611,47.1371710503738,"Forest","Kimmeridgian"
3.8,2.9,6.86897822762226,47.1376195778549,"Meadow","Sequanian"
3.8,2.95,6.86896977692655,47.1380681052887,"Meadow","Sequanian"
3.8,3,6.86896132608897,47.1385166326751,"Meadow","Quaternary"
3.8,3.05,6.8689528751095,47.1389651600142,"Meadow","Quaternary"
3.8,3.1,6.86894442398816,47.1394136873059,"Meadow","Quaternary"
3.8,3.15,6.86893597272493,47.1398622145501,"Meadow","Quaternary"
3.8,3.2,6.86892752131981,47.1403107417469,"Meadow","Quaternary"
3.8,3.25,6.8689190697728,47.1407592688962,"Meadow","Quaternary"
3.8,3.3,6.86891061808388,47.1412077959981,"Meadow","Kimmeridgian"
3.8,3.35,6.86890216625307,47.1416563230523,"Meadow","Kimmeridgian"
3.8,3.4,6.86889371428036,47.1421048500591,"Meadow","Kimmeridgian"
3.8,3.45,6.86888526216573,47.1425533770182,"Meadow","Kimmeridgian"
3.8,3.5,6.86887680990919,47.1430019039297,"Meadow","Kimmeridgian"
3.8,3.55,6.86886835751074,47.1434504307936,"Meadow","Kimmeridgian"
3.8,3.6,6.86885990497036,47.1438989576098,"Meadow","Kimmeridgian"
3.8,3.65,6.86885145228807,47.1443474843784,"Forest","Kimmeridgian"
3.8,3.7,6.86884299946384,47.1447960110991,"Forest","Kimmeridgian"
3.8,3.75,6.86883454649768,47.1452445377722,"Forest","Kimmeridgian"
3.8,3.8,6.86882609338958,47.1456930643974,"Meadow","Quaternary"
3.8,3.85,6.86881764013955,47.1461415909749,"Meadow","Quaternary"
3.8,3.9,6.86880918674757,47.1465901175045,"Meadow","Quaternary"
3.8,3.95,6.86880073321364,47.1470386439863,"Meadow","Quaternary"
3.8,4,6.86879227953777,47.1474871704201,"Meadow","Sequanian"
3.8,4.05,6.86878382571993,47.1479356968061,"Meadow","Sequanian"
3.8,4.1,6.86877537176014,47.1483842231441,"Meadow","Sequanian"
3.8,4.15,6.86876691765839,47.1488327494341,"Meadow","Kimmeridgian"
3.8,4.2,6.86875846341466,47.1492812756762,"Meadow","Kimmeridgian"
3.8,4.25,6.86875000902897,47.1497298018702,"Meadow","Sequanian"
3.8,4.3,6.8687415545013,47.1501783280162,"Meadow","Sequanian"
3.8,4.35,6.86873309983166,47.150626854114,"Meadow","Sequanian"
3.8,4.4,6.86872464502003,47.1510753801638,"Meadow","Sequanian"
3.8,4.45,6.86871619006642,47.1515239061655,"Meadow","Sequanian"
3.8,4.5,6.86870773497081,47.151972432119,"Meadow","Argovian"
3.8,4.55,6.86869927973321,47.1524209580243,"Meadow","Argovian"
3.8,4.6,6.86869082435362,47.1528694838814,"Meadow","Argovian"
3.8,4.65,6.86868236883202,47.1533180096902,"Meadow","Argovian"
3.8,4.7,6.86867391316842,47.1537665354508,"Meadow","Argovian"
3.8,4.75,6.8686654573628,47.154215061163,"Meadow","Argovian"
3.8,4.8,6.86865700141518,47.1546635868269,"Meadow","Argovian"
3.8,4.85,6.86864854532554,47.1551121124425,"Meadow","Argovian"
3.8,4.9,6.86864008909387,47.1555606380097,"Meadow","Quaternary"
3.8,4.95,6.86863163272018,47.1560091635285,"Meadow","Quaternary"
3.8,5,6.86862317620447,47.1564576889988,"Meadow","Quaternary"
3.8,5.05,6.86861471954672,47.1569062144207,"Forest","Argovian"
3.8,5.1,6.86860626274693,47.1573547397942,"Forest","Argovian"
3.8,5.15,6.8685978058051,47.1578032651191,"Meadow","Argovian"
3.8,5.2,6.86858934872123,47.1582517903954,"Meadow","Argovian"
3.8,5.25,6.86858089149531,47.1587003156232,"Meadow","Argovian"
3.8,5.3,6.86857243412734,47.1591488408023,"Meadow","Argovian"
3.8,5.35,6.86856397661731,47.1595973659328,"Meadow","Argovian"
3.8,5.4,6.86855551896523,47.1600458910147,"Meadow","Sequanian"
3.8,5.45,6.86854706117107,47.1604944160479,"Meadow","Sequanian"
3.8,5.5,6.86853860323486,47.1609429410324,"Meadow","Kimmeridgian"
3.8,5.55,6.86853014515657,47.1613914659682,"Meadow","Kimmeridgian"
3.8,5.6,6.8685216869362,47.1618399908552,"Meadow","Kimmeridgian"
3.8,5.65,6.86851322857376,47.1622885156934,"Pasture","Kimmeridgian"
3.8,5.7,6.86850477006923,47.1627370404827,"Pasture","Kimmeridgian"
3.8,5.75,6.86849631142262,47.1631855652233,"Pasture","Kimmeridgian"
3.8,5.8,6.86848785263391,47.163634089915,"Pasture","Kimmeridgian"
3.8,5.85,6.86847939370311,47.1640826145577,"Pasture","Kimmeridgian"
3.8,5.9,6.86847093463021,47.1645311391515,"Pasture","Kimmeridgian"
3.85,0.7,6.87000506695731,47.1178890025871,"Pasture","Sequanian"
3.85,0.75,6.86999662799007,47.1183375321245,"Pasture","Sequanian"
3.85,0.8,6.86998818888122,47.1187860616159,"Pasture","Sequanian"
3.85,0.85,6.86997974963075,47.119234591061,"Pasture","Kimmeridgian"
3.85,0.9,6.86997131023867,47.11968312046,"Pasture","Kimmeridgian"
3.85,0.95,6.86996287070496,47.1201316498127,"Pasture","Kimmeridgian"
3.85,1,6.86995443102962,47.1205801791193,"Pasture","Kimmeridgian"
3.85,1.05,6.86994599121265,47.1210287083794,"Pasture","Kimmeridgian"
3.85,1.1,6.86993755125405,47.1214772375934,"Pasture","Portlandian"
3.85,1.15,6.86992911115381,47.121925766761,"Pasture","Portlandian"
3.85,1.2,6.86992067091192,47.1223742958822,"Meadow","Kimmeridgian"
3.85,1.25,6.86991223052839,47.1228228249571,"Meadow","Kimmeridgian"
3.85,1.3,6.86990379000321,47.1232713539855,"Meadow","Kimmeridgian"
3.85,1.35,6.86989534933637,47.1237198829676,"Meadow","Kimmeridgian"
3.85,1.4,6.86988690852787,47.1241684119031,"Meadow","Kimmeridgian"
3.85,1.45,6.86987846757772,47.1246169407922,"Meadow","Kimmeridgian"
3.85,1.5,6.86987002648589,47.1250654696348,"Meadow","Kimmeridgian"
3.85,1.55,6.8698615852524,47.1255139984307,"Meadow","Kimmeridgian"
3.85,1.6,6.86985314387723,47.1259625271802,"Meadow","Kimmeridgian"
3.85,1.65,6.86984470236039,47.126411055883,"Meadow","Kimmeridgian"
3.85,1.7,6.86983626070186,47.1268595845392,"Meadow","Kimmeridgian"
3.85,1.75,6.86982781890165,47.1273081131488,"Meadow","Kimmeridgian"
3.85,1.8,6.86981937695975,47.1277566417116,"Pasture","Kimmeridgian"
3.85,1.85,6.86981093487616,47.1282051702278,"Meadow","Kimmeridgian"
3.85,1.9,6.86980249265087,47.1286536986972,"Meadow","Kimmeridgian"
3.85,1.95,6.86979405028388,47.1291022271199,"Pasture","Quaternary"
3.85,2,6.86978560777518,47.1295507554957,"Pasture","Quaternary"
3.85,2.05,6.86977716512478,47.1299992838247,"Pasture","Quaternary"
3.85,2.1,6.86976872233266,47.1304478121069,"Meadow","Kimmeridgian"
3.85,2.15,6.86976027939883,47.1308963403423,"Meadow","Kimmeridgian"
3.85,2.2,6.86975183632327,47.1313448685306,"Meadow","Kimmeridgian"
3.85,2.25,6.869743393106,47.1317933966722,"Meadow","Kimmeridgian"
3.85,2.3,6.869734949747,47.1322419247666,"Forest","Kimmeridgian"
3.85,2.35,6.86972650624626,47.1326904528142,"Forest","Kimmeridgian"
3.85,2.4,6.86971806260379,47.1331389808147,"Forest","Kimmeridgian"
3.85,2.45,6.86970961881958,47.1335875087682,"Forest","Kimmeridgian"
3.85,2.5,6.86970117489362,47.1340360366747,"Forest","Kimmeridgian"
3.85,2.55,6.86969273082592,47.134484564534,"Forest","Kimmeridgian"
3.85,2.6,6.86968428661647,47.1349330923462,"Forest","Kimmeridgian"
3.85,2.65,6.86967584226526,47.1353816201113,"Forest","Kimmeridgian"
3.85,2.7,6.8696673977723,47.1358301478291,"Forest","Kimmeridgian"
3.85,2.75,6.86965895313757,47.1362786754998,"Forest","Kimmeridgian"
3.85,2.8,6.86965050836108,47.1367272031233,"Forest","Kimmeridgian"
3.85,2.85,6.86964206344281,47.1371757306995,"Forest","Kimmeridgian"
3.85,2.9,6.86963361838277,47.1376242582284,"Meadow","Sequanian"
3.85,2.95,6.86962517318096,47.13807278571,"Meadow","Sequanian"
3.85,3,6.86961672783736,47.1385213131443,"Meadow","Quaternary"
3.85,3.05,6.86960828235198,47.1389698405311,"Meadow","Quaternary"
3.85,3.1,6.8695998367248,47.1394183678706,"Meadow","Quaternary"
3.85,3.15,6.86959139095584,47.1398668951627,"Meadow","Quaternary"
3.85,3.2,6.86958294504508,47.1403154224073,"Meadow","Quaternary"
3.85,3.25,6.86957449899251,47.1407639496045,"Meadow","Quaternary"
3.85,3.3,6.86956605279814,47.1412124767541,"Meadow","Kimmeridgian"
3.85,3.35,6.86955760646196,47.1416610038562,"Meadow","Kimmeridgian"
3.85,3.4,6.86954915998397,47.1421095309108,"Meadow","Kimmeridgian"
3.85,3.45,6.86954071336416,47.1425580579177,"Meadow","Kimmeridgian"
3.85,3.5,6.86953226660253,47.1430065848771,"Meadow","Kimmeridgian"
3.85,3.55,6.86952381969908,47.1434551117888,"Meadow","Kimmeridgian"
3.85,3.6,6.8695153726538,47.1439036386528,"Meadow","Kimmeridgian"
3.85,3.65,6.86950692546669,47.1443521654692,"Forest","Kimmeridgian"
3.85,3.7,6.86949847813774,47.1448006922378,"Forest","Kimmeridgian"
3.85,3.75,6.86949003066695,47.1452492189587,"Forest","Kimmeridgian"
3.85,3.8,6.86948158305432,47.1456977456318,"Meadow","Quaternary"
3.85,3.85,6.86947313529984,47.146146272257,"Meadow","Quaternary"
3.85,3.9,6.8694646874035,47.1465947988345,"Meadow","Quaternary"
3.85,3.95,6.86945623936532,47.1470433253641,"Meadow","Quaternary"
3.85,4,6.86944779118527,47.1474918518458,"Meadow","Sequanian"
3.85,4.05,6.86943934286337,47.1479403782796,"Meadow","Sequanian"
3.85,4.1,6.86943089439959,47.1483889046654,"Meadow","Sequanian"
3.85,4.15,6.86942244579394,47.1488374310033,"Meadow","Kimmeridgian"
3.85,4.2,6.86941399704642,47.1492859572932,"Meadow","Kimmeridgian"
3.85,4.25,6.86940554815703,47.1497344835351,"Meadow","Sequanian"
3.85,4.3,6.86939709912574,47.1501830097289,"Meadow","Sequanian"
3.85,4.35,6.86938864995258,47.1506315358746,"Meadow","Sequanian"
3.85,4.4,6.86938020063752,47.1510800619722,"Meadow","Sequanian"
3.85,4.45,6.86937175118057,47.1515285880217,"Meadow","Sequanian"
3.85,4.5,6.86936330158172,47.151977114023,"Meadow","Argovian"
3.85,4.55,6.86935485184097,47.1524256399762,"Meadow","Argovian"
3.85,4.6,6.86934640195831,47.1528741658811,"Meadow","Argovian"
3.85,4.65,6.86933795193375,47.1533226917377,"Meadow","Argovian"
3.85,4.7,6.86932950176727,47.1537712175462,"Meadow","Argovian"
3.85,4.75,6.86932105145887,47.1542197433063,"Meadow","Argovian"
3.85,4.8,6.86931260100855,47.154668269018,"Meadow","Argovian"
3.85,4.85,6.86930415041631,47.1551167946815,"Meadow","Argovian"
3.85,4.9,6.86929569968214,47.1555653202965,"Meadow","Quaternary"
3.85,4.95,6.86928724880604,47.1560138458632,"Meadow","Quaternary"
3.85,5,6.869278797788,47.1564623713814,"Meadow","Quaternary"
3.85,5.05,6.86927034662802,47.1569108968511,"Forest","Argovian"
3.85,5.1,6.86926189532609,47.1573594222724,"Forest","Argovian"
3.85,5.15,6.86925344388222,47.1578079476451,"Meadow","Argovian"
3.85,5.2,6.8692449922964,47.1582564729693,"Meadow","Argovian"
3.85,5.25,6.86923654056862,47.1587049982449,"Meadow","Argovian"
3.85,5.3,6.86922808869888,47.1591535234719,"Meadow","Argovian"
3.85,5.35,6.86921963668718,47.1596020486503,"Meadow","Argovian"
3.85,5.4,6.86921118453351,47.16005057378,"Meadow","Sequanian"
3.85,5.65,6.86916892163551,47.162293198698,"Pasture","Kimmeridgian"
3.85,5.7,6.86916046862995,47.1627417235352,"Pasture","Kimmeridgian"
3.85,5.75,6.8691520154824,47.1631902483236,"Pasture","Kimmeridgian"
3.85,5.8,6.86914356219285,47.1636387730631,"Pasture","Kimmeridgian"
3.9,0.7,6.87066021619235,47.1178936771203,"Meadow","Sequanian"
3.9,0.75,6.87065178271495,47.1183422067055,"Meadow","Sequanian"
3.9,0.8,6.87064334909604,47.1187907362446,"Pasture","Sequanian"
3.9,0.85,6.8706349153356,47.1192392657375,"Pasture","Sequanian"
3.9,0.9,6.87062648143363,47.1196877951843,"Pasture","Sequanian"
3.9,0.95,6.87061804739014,47.1201363245847,"Pasture","Sequanian"
3.9,1,6.8706096132051,47.120584853939,"Pasture","Kimmeridgian"
3.9,1.05,6.87060117887853,47.121033383247,"Pasture","Kimmeridgian"
3.9,1.1,6.87059274441041,47.1214819125087,"Pasture","Portlandian"
3.9,1.15,6.87058430980075,47.121930441724,"Pasture","Portlandian"
3.9,1.2,6.87057587504954,47.122378970893,"Pasture","Kimmeridgian"
3.9,1.25,6.87056744015677,47.1228275000157,"Pasture","Kimmeridgian"
3.9,1.3,6.87055900512245,47.123276029092,"Meadow","Kimmeridgian"
3.9,1.35,6.87055056994656,47.1237245581217,"Meadow","Kimmeridgian"
3.9,1.4,6.8705421346291,47.1241730871051,"Meadow","Kimmeridgian"
3.9,1.45,6.87053369917008,47.1246216160419,"Meadow","Kimmeridgian"
3.9,1.5,6.87052526356948,47.1250701449322,"Meadow","Kimmeridgian"
3.9,1.55,6.8705168278273,47.125518673776,"Meadow","Kimmeridgian"
3.9,1.6,6.87050839194355,47.1259672025732,"Meadow","Kimmeridgian"
3.9,1.65,6.8704999559182,47.1264157313238,"Meadow","Kimmeridgian"
3.9,1.7,6.87049151975127,47.1268642600277,"Meadow","Kimmeridgian"
3.9,1.75,6.87048308344275,47.1273127886851,"Meadow","Kimmeridgian"
3.9,1.8,6.87047464699263,47.1277613172957,"Pasture","Kimmeridgian"
3.9,1.85,6.8704662104009,47.1282098458596,"Meadow","Kimmeridgian"
3.9,1.9,6.87045777366757,47.1286583743767,"Meadow","Kimmeridgian"
3.9,1.95,6.87044933679264,47.1291069028472,"Meadow","Kimmeridgian"
3.9,2,6.87044089977609,47.1295554312708,"Meadow","Kimmeridgian"
3.9,2.05,6.87043246261792,47.1300039596476,"Pasture","Kimmeridgian"
3.9,2.1,6.87042402531814,47.1304524879776,"Pasture","Kimmeridgian"
3.9,2.15,6.87041558787673,47.1309010162607,"Forest","Kimmeridgian"
3.9,2.2,6.87040715029369,47.1313495444969,"Forest","Kimmeridgian"
3.9,2.25,6.87039871256902,47.1317980726862,"Forest","Kimmeridgian"
3.9,2.3,6.87039027470272,47.1322466008285,"Forest","Kimmeridgian"
3.9,2.35,6.87038183669477,47.1326951289238,"Forest","Kimmeridgian"
3.9,2.4,6.87037339854519,47.1331436569721,"Forest","Portlandian"
3.9,2.45,6.87036496025395,47.1335921849734,"Forest","Portlandian"
3.9,2.5,6.87035652182107,47.1340407129276,"Forest","Kimmeridgian"
3.9,2.55,6.87034808324653,47.1344892408347,"Forest","Kimmeridgian"
3.9,2.6,6.87033964453033,47.1349377686947,"Forest","Kimmeridgian"
3.9,2.65,6.87033120567247,47.1353862965076,"Forest","Kimmeridgian"
3.9,2.7,6.87032276667294,47.1358348242732,"Forest","Kimmeridgian"
3.9,2.75,6.87031432753174,47.1362833519917,"Forest","Kimmeridgian"
3.9,2.8,6.87030588824887,47.1367318796629,"Forest","Kimmeridgian"
3.9,2.85,6.87029744882432,47.1371804072869,"Forest","Kimmeridgian"
3.9,2.9,6.87028900925809,47.1376289348636,"Forest","Sequanian"
3.9,2.95,6.87028056955017,47.138077462393,"Forest","Sequanian"
3.9,3,6.87027212970056,47.138525989875,"Meadow","Kimmeridgian"
3.9,3.05,6.87026368970926,47.1389745173097,"Meadow","Kimmeridgian"
3.9,3.1,6.87025524957627,47.139423044697,"Meadow","Quaternary"
3.9,3.15,6.87024680930157,47.1398715720368,"Meadow","Quaternary"
3.9,3.2,6.87023836888516,47.1403200993293,"Meadow","Quaternary"
3.9,3.25,6.87022992832705,47.1407686265742,"Meadow","Quaternary"
3.9,3.3,6.87022148762722,47.1412171537716,"Pasture","Kimmeridgian"
3.9,3.35,6.87021304678568,47.1416656809215,"Pasture","Kimmeridgian"
3.9,3.4,6.87020460580242,47.1421142080239,"Meadow","Kimmeridgian"
3.9,3.45,6.87019616467743,47.1425627350786,"Meadow","Kimmeridgian"
3.9,3.5,6.87018772341071,47.1430112620858,"Meadow","Kimmeridgian"
3.9,3.55,6.87017928200226,47.1434597890453,"Meadow","Kimmeridgian"
3.9,3.6,6.87017084045208,47.1439083159571,"Forest","Kimmeridgian"
3.9,3.65,6.87016239876016,47.1443568428213,"Forest","Kimmeridgian"
3.9,3.7,6.87015395692649,47.1448053696377,"Forest","Kimmeridgian"
3.9,3.75,6.87014551495108,47.1452538964064,"Forest","Kimmeridgian"
3.9,3.8,6.87013707283391,47.1457024231272,"Meadow","Quaternary"
3.9,3.85,6.87012863057499,47.1461509498003,"Meadow","Quaternary"
3.9,3.9,6.87012018817431,47.1465994764256,"Meadow","Quaternary"
3.9,3.95,6.87011174563187,47.147048003003,"Meadow","Sequanian"
3.9,4,6.87010330294766,47.1474965295325,"Meadow","Sequanian"
3.9,4.05,6.87009486012168,47.1479450560141,"Meadow","Sequanian"
3.9,4.1,6.87008641715392,47.1483935824477,"Meadow","Sequanian"
3.9,4.15,6.87007797404439,47.1488421088334,"Meadow","Sequanian"
3.9,4.2,6.87006953079307,47.1492906351711,"Meadow","Sequanian"
3.9,4.25,6.87006108739997,47.1497391614607,"Meadow","Sequanian"
3.9,4.3,6.87005264386508,47.1501876877024,"Meadow","Sequanian"
3.9,4.35,6.87004420018839,47.1506362138959,"Meadow","Sequanian"
3.9,4.4,6.87003575636991,47.1510847400413,"Meadow","Sequanian"
3.9,4.45,6.87002731240962,47.1515332661386,"Meadow","Sequanian"
3.9,4.5,6.87001886830753,47.1519817921878,"Meadow","Argovian"
3.9,4.55,6.87001042406363,47.1524303181887,"Pasture","Argovian"
3.9,4.6,6.87000197967792,47.1528788441414,"Pasture","Argovian"
3.9,4.65,6.86999353515039,47.1533273700459,"Meadow","Argovian"
3.9,4.7,6.86998509048104,47.1537758959021,"Meadow","Argovian"
3.9,4.75,6.86997664566986,47.1542244217101,"Meadow","Argovian"
3.9,4.8,6.86996820071686,47.1546729474696,"Meadow","Quaternary"
3.9,4.85,6.86995975562202,47.1551214731809,"Meadow","Quaternary"
3.9,4.9,6.86995131038535,47.1555699988437,"Meadow","Quaternary"
3.9,4.95,6.86994286500683,47.1560185244582,"Meadow","Quaternary"
3.9,5,6.86993441948647,47.1564670500242,"Forest","Quaternary"
3.9,5.05,6.86992597382427,47.1569155755418,"Forest","Argovian"
3.9,5.1,6.86991752802021,47.1573641010108,"Forest","Argovian"
3.9,5.15,6.8699090820743,47.1578126264314,"Meadow","Argovian"
3.9,5.2,6.86990063598652,47.1582611518034,"Meadow","Argovian"
3.9,5.25,6.86989218975688,47.1587096771269,"Meadow","Argovian"
3.9,5.3,6.86988374338538,47.1591582024017,"Meadow","Argovian"
3.9,5.35,6.86987529687201,47.1596067276279,"Meadow","Argovian"
3.9,5.4,6.86986685021676,47.1600552528055,"Meadow","Sequanian"
3.9,5.7,6.86981616730566,47.1627464028476,"Meadow","Kimmeridgian"
3.9,5.75,6.86980771965718,47.1631949276838,"Meadow","Kimmeridgian"
3.9,5.8,6.86979927186679,47.1636434524712,"Pasture","Kimmeridgian"
3.95,0.7,6.87131536554195,47.1178983479166,"Meadow","Sequanian"
3.95,0.75,6.8713069375544,47.1183468775495,"Meadow","Sequanian"
3.95,0.8,6.87129850942542,47.1187954071363,"Pasture","Sequanian"
3.95,0.85,6.87129008115502,47.119243936677,"Pasture","Sequanian"
3.95,0.9,6.87128165274317,47.1196924661714,"Pasture","Sequanian"
3.95,0.95,6.87127322418989,47.1201409956197,"Pasture","Sequanian"
3.95,1,6.87126479549516,47.1205895250217,"Pasture","Kimmeridgian"
3.95,1.05,6.87125636665899,47.1210380543774,"Pasture","Kimmeridgian"
3.95,1.1,6.87124793768137,47.1214865836868,"Pasture","Portlandian"
3.95,1.15,6.87123950856229,47.1219351129499,"Pasture","Portlandian"
3.95,1.2,6.87123107930175,47.1223836421667,"Pasture","Kimmeridgian"
3.95,1.25,6.87122264989975,47.1228321713371,"Pasture","Kimmeridgian"
3.95,1.3,6.87121422035629,47.123280700461,"Pasture","Kimmeridgian"
3.95,1.35,6.87120579067135,47.1237292295385,"Meadow","Kimmeridgian"
3.95,1.4,6.87119736084494,47.1241777585696,"Meadow","Kimmeridgian"
3.95,1.45,6.87118893087705,47.1246262875541,"Meadow","Kimmeridgian"
3.95,1.5,6.87118050076768,47.1250748164922,"Meadow","Kimmeridgian"
3.95,1.55,6.87117207051683,47.1255233453837,"Meadow","Kimmeridgian"
3.95,1.6,6.87116364012448,47.1259718742286,"Meadow","Kimmeridgian"
3.95,1.65,6.87115520959064,47.126420403027,"Meadow","Kimmeridgian"
3.95,1.7,6.87114677891531,47.1268689317787,"Meadow","Kimmeridgian"
3.95,1.75,6.87113834809847,47.1273174604837,"Meadow","Kimmeridgian"
3.95,1.8,6.87112991714013,47.1277659891421,"Pasture","Kimmeridgian"
3.95,1.85,6.87112148604028,47.1282145177537,"Meadow","Kimmeridgian"
3.95,1.9,6.87111305479892,47.1286630463187,"Meadow","Kimmeridgian"
3.95,1.95,6.87110462341604,47.1291115748369,"Meadow","Kimmeridgian"
3.95,2,6.87109619189164,47.1295601033082,"Meadow","Kimmeridgian"
3.95,2.05,6.87108776022572,47.1300086317328,"Pasture","Kimmeridgian"
3.95,2.1,6.87107932841827,47.1304571601105,"Pasture","Kimmeridgian"
3.95,2.15,6.87107089646929,47.1309056884413,"Pasture","Portlandian"
3.95,2.2,6.87106246437877,47.1313542167253,"Pasture","Portlandian"
3.95,2.25,6.87105403214671,47.1318027449622,"Forest","Kimmeridgian"
3.95,2.3,6.87104559977311,47.1322512731523,"Forest","Kimmeridgian"
3.95,2.35,6.87103716725796,47.1326998012954,"Forest","Kimmeridgian"
3.95,2.4,6.87102873460126,47.1331483293914,"Forest","Portlandian"
3.95,2.45,6.87102030180301,47.1335968574405,"Forest","Portlandian"
3.95,2.5,6.8710118688632,47.1340453854424,"Forest","Kimmeridgian"
3.95,2.55,6.87100343578182,47.1344939133973,"Forest","Kimmeridgian"
3.95,2.6,6.87099500255888,47.134942441305,"Forest","Kimmeridgian"
3.95,2.65,6.87098656919436,47.1353909691656,"Forest","Kimmeridgian"
3.95,2.7,6.87097813568828,47.1358394969791,"Forest","Kimmeridgian"
3.95,2.75,6.87096970204061,47.1362880247453,"Forest","Kimmeridgian"
3.95,2.8,6.87096126825136,47.1367365524642,"Forest","Kimmeridgian"
3.95,2.85,6.87095283432053,47.137185080136,"Forest","Kimmeridgian"
3.95,2.9,6.87094440024811,47.1376336077604,"Forest","Sequanian"
3.95,2.95,6.87093596603409,47.1380821353376,"Forest","Sequanian"
3.95,3,6.87092753167848,47.1385306628674,"Meadow","Kimmeridgian"
3.95,3.05,6.87091909718127,47.1389791903498,"Meadow","Kimmeridgian"
3.95,3.1,6.87091066254245,47.1394277177849,"Meadow","Quaternary"
3.95,3.15,6.87090222776202,47.1398762451725,"Meadow","Kimmeridgian"
3.95,3.2,6.87089379283998,47.1403247725127,"Meadow","Kimmeridgian"
3.95,3.25,6.87088535777632,47.1407732998054,"Meadow","Kimmeridgian"
3.95,3.3,6.87087692257104,47.1412218270506,"Meadow","Kimmeridgian"
3.95,3.35,6.87086848722414,47.1416703542482,"Meadow","Kimmeridgian"
3.95,3.4,6.8708600517356,47.1421188813983,"Meadow","Kimmeridgian"
3.95,3.45,6.87085161610544,47.1425674085009,"Meadow","Kimmeridgian"
3.95,3.5,6.87084318033364,47.1430159355558,"Meadow","Kimmeridgian"
3.95,3.55,6.8708347444202,47.143464462563,"Meadow","Kimmeridgian"
3.95,3.6,6.87082630836512,47.1439129895226,"Meadow","Kimmeridgian"
3.95,3.65,6.87081787216839,47.1443615164346,"Meadow","Kimmeridgian"
3.95,3.7,6.87080943583001,47.1448100432987,"Meadow","Kimmeridgian"
3.95,3.75,6.87080099934997,47.1452585701152,"Meadow","Kimmeridgian"
3.95,3.8,6.87079256272828,47.1457070968838,"Meadow","Quaternary"
3.95,3.85,6.87078412596492,47.1461556236047,"Meadow","Quaternary"
3.95,3.9,6.87077568905989,47.1466041502777,"Meadow","Quaternary"
3.95,3.95,6.8707672520132,47.1470526769029,"Meadow","Sequanian"
3.95,4,6.87075881482482,47.1475012034802,"Meadow","Sequanian"
3.95,4.05,6.87075037749477,47.1479497300095,"Meadow","Sequanian"
3.95,4.1,6.87074194002304,47.148398256491,"Meadow","Sequanian"
3.95,4.15,6.87073350240962,47.1488467829244,"Meadow","Sequanian"
3.95,4.2,6.87072506465452,47.1492953093099,"Meadow","Sequanian"
3.95,4.25,6.87071662675772,47.1497438356473,"Meadow","Sequanian"
3.95,4.3,6.87070818871922,47.1501923619367,"Meadow","Sequanian"
3.95,4.35,6.87069975053901,47.150640888178,"Meadow","Sequanian"
3.95,4.4,6.87069131221711,47.1510894143712,"Meadow","Sequanian"
3.95,4.45,6.87068287375349,47.1515379405163,"Meadow","Sequanian"
3.95,4.5,6.87067443514816,47.1519864666132,"Meadow","Sequanian"
3.95,4.55,6.87066599640112,47.1524349926619,"Meadow","Argovian"
3.95,4.6,6.87065755751235,47.1528835186624,"Meadow","Argovian"
3.95,4.65,6.87064911848186,47.1533320446147,"Meadow","Argovian"
3.95,4.7,6.87064067930964,47.1537805705187,"Meadow","Argovian"
3.95,4.75,6.87063223999569,47.1542290963744,"Meadow","Argovian"
3.95,4.8,6.87062380054,47.1546776221818,"Meadow","Quaternary"
3.95,4.85,6.87061536094257,47.1551261479408,"Meadow","Quaternary"
3.95,4.9,6.8706069212034,47.1555746736514,"Forest","Quaternary"
3.95,4.95,6.87059848132247,47.1560231993137,"Forest","Quaternary"
3.95,5,6.8705900412998,47.1564717249275,"Forest","Quaternary"
3.95,5.05,6.87058160113537,47.1569202504928,"Meadow","Quaternary"
3.95,5.1,6.87057316082918,47.1573687760097,"Meadow","Quaternary"
3.95,5.15,6.87056472038123,47.157817301478,"Meadow","Argovian"
3.95,5.2,6.87055627979151,47.1582658268979,"Meadow","Argovian"
4,0.7,6.87197051500602,47.1179030149759,"Meadow","Sequanian"
4,0.75,6.87196209250832,47.1183515446565,"Pasture","Sequanian"
4,0.8,6.87195366986928,47.1188000742911,"Pasture","Sequanian"
4,0.85,6.87194524708891,47.1192486038794,"Pasture","Sequanian"
4,0.9,6.87193682416719,47.1196971334216,"Pasture","Sequanian"
4,0.95,6.87192840110413,47.1201456629175,"Pasture","Sequanian"
4,1,6.87191997789971,47.1205941923672,"Pasture","Kimmeridgian"
4,1.05,6.87191155455394,47.1210427217706,"Pasture","Kimmeridgian"
4,1.1,6.87190313106681,47.1214912511277,"Pasture","Portlandian"
4,1.15,6.87189470743832,47.1219397804385,"Pasture","Portlandian"
4,1.2,6.87188628366847,47.122388309703,"Pasture","Portlandian"
4,1.25,6.87187785975723,47.122836838921,"Pasture","Kimmeridgian"
4,1.3,6.87186943570463,47.1232853680927,"Pasture","Kimmeridgian"
4,1.35,6.87186101151065,47.1237338972179,"Pasture","Kimmeridgian"
4,1.4,6.87185258717529,47.1241824262967,"Pasture","Kimmeridgian"
4,1.45,6.87184416269854,47.1246309553289,"Meadow","Kimmeridgian"
4,1.5,6.8718357380804,47.1250794843147,"Meadow","Kimmeridgian"
4,1.55,6.87182731332088,47.1255280132539,"Meadow","Kimmeridgian"
4,1.6,6.87181888841994,47.1259765421466,"Meadow","Kimmeridgian"
4,1.65,6.87181046337762,47.1264250709926,"Meadow","Kimmeridgian"
4,1.7,6.87180203819388,47.126873599792,"Meadow","Kimmeridgian"
4,1.75,6.87179361286874,47.1273221285448,"Meadow","Kimmeridgian"
4,1.8,6.87178518740218,47.1277706572509,"Meadow","Kimmeridgian"
4,1.85,6.87177676179421,47.1282191859102,"Meadow","Kimmeridgian"
4,1.9,6.87176833604482,47.1286677145229,"Meadow","Kimmeridgian"
4,1.95,6.871759910154,47.1291162430888,"Meadow","Kimmeridgian"
4,2,6.87175148412176,47.1295647716078,"Meadow","Kimmeridgian"
4,2.05,6.87174305794808,47.1300133000801,"Meadow","Kimmeridgian"
4,2.1,6.87173463163296,47.1304618285056,"Pasture","Kimmeridgian"
4,2.15,6.87172620517641,47.1309103568841,"Pasture","Portlandian"
4,2.2,6.87171777857842,47.1313588852157,"Pasture","Portlandian"
4,2.25,6.87170935183897,47.1318074135005,"Pasture","Portlandian"
4,2.3,6.87170092495808,47.1322559417382,"Forest","Portlandian"
4,2.35,6.87169249793573,47.132704469929,"Forest","Portlandian"
4,2.4,6.87168407077192,47.1331529980728,"Forest","Portlandian"
4,2.45,6.87167564346665,47.1336015261695,"Forest","Portlandian"
4,2.5,6.87166721601991,47.1340500542192,"Forest","Kimmeridgian"
4,2.55,6.8716587884317,47.1344985822218,"Forest","Kimmeridgian"
4,2.6,6.87165036070202,47.1349471101773,"Forest","Kimmeridgian"
4,2.65,6.87164193283086,47.1353956380856,"Forest","Kimmeridgian"
4,2.7,6.87163350481822,47.1358441659467,"Forest","Kimmeridgian"
4,2.75,6.87162507666409,47.1362926937607,"Forest","Kimmeridgian"
4,2.8,6.87161664836847,47.1367412215274,"Forest","Kimmeridgian"
4,2.85,6.87160821993136,47.1371897492468,"Forest","Kimmeridgian"
4,2.9,6.87159979135275,47.137638276919,"Forest","Sequanian"
4,2.95,6.87159136263264,47.1380868045439,"Forest","Sequanian"
4,3,6.87158293377102,47.1385353321214,"Meadow","Kimmeridgian"
4,3.05,6.8715745047679,47.1389838596516,"Meadow","Kimmeridgian"
4,3.1,6.87156607562326,47.1394323871344,"Meadow","Quaternary"
4,3.15,6.8715576463371,47.1398809145697,"Meadow","Kimmeridgian"
4,3.2,6.87154921690943,47.1403294419576,"Meadow","Kimmeridgian"
4,3.25,6.87154078734023,47.140777969298,"Meadow","Kimmeridgian"
4,3.3,6.8715323576295,47.1412264965909,"Meadow","Kimmeridgian"
4,3.35,6.87152392777724,47.1416750238363,"Meadow","Kimmeridgian"
4,3.4,6.87151549778345,47.1421235510342,"Meadow","Kimmeridgian"
4,3.45,6.87150706764811,47.1425720781844,"Meadow","Kimmeridgian"
4,3.5,6.87149863737123,47.1430206052871,"Meadow","Kimmeridgian"
4,3.55,6.8714902069528,47.1434691323421,"Meadow","Kimmeridgian"
4,3.6,6.87148177639283,47.1439176593494,"Meadow","Kimmeridgian"
4,3.65,6.87147334569129,47.1443661863091,"Meadow","Kimmeridgian"
4,3.7,6.8714649148482,47.144814713221,"Meadow","Kimmeridgian"
4,3.75,6.87145648386354,47.1452632400852,"Meadow","Kimmeridgian"
4,3.8,6.87144805273732,47.1457117669016,"Meadow","Quaternary"
4,3.85,6.87143962146952,47.1461602936701,"Meadow","Quaternary"
4,3.9,6.87143119006016,47.1466088203909,"Meadow","Quaternary"
4,3.95,6.87142275850921,47.1470573470638,"Meadow","Quaternary"
4,4,6.87141432681668,47.1475058736889,"Meadow","Sequanian"
4,4.05,6.87140589498257,47.147954400266,"Meadow","Sequanian"
4,4.1,6.87139746300686,47.1484029267951,"Meadow","Sequanian"
4,4.15,6.87138903088956,47.1488514532764,"Meadow","Sequanian"
4,4.2,6.87138059863067,47.1492999797095,"Meadow","Sequanian"
4,4.25,6.87137216623017,47.1497485060947,"Meadow","Sequanian"
4,4.3,6.87136373368807,47.1501970324319,"Meadow","Sequanian"
4,4.35,6.87135530100435,47.1506455587209,"Meadow","Sequanian"
4,4.4,6.87134686817903,47.1510940849619,"Meadow","Sequanian"
4,4.45,6.87133843521209,47.1515426111547,"Meadow","Sequanian"
4,4.5,6.87133000210352,47.1519911372993,"Meadow","Sequanian"
4,4.55,6.87132156885333,47.1524396633958,"Meadow","Argovian"
4,4.6,6.87131313546151,47.1528881894441,"Meadow","Argovian"
4,4.65,6.87130470192807,47.1533367154441,"Meadow","Argovian"
4,4.7,6.87129626825298,47.1537852413958,"Meadow","Argovian"
4,4.75,6.87128783443625,47.1542337672993,"Meadow","Argovian"
4,4.8,6.87127940047788,47.1546822931544,"Pasture","Argovian"
4,4.85,6.87127096637786,47.1551308189612,"Pasture","Argovian"
4,4.9,6.8712625321362,47.1555793447196,"Forest","Quaternary"
4,4.95,6.87125409775287,47.1560278704296,"Forest","Quaternary"
4,5,6.87124566322789,47.1564763960912,"Forest","Quaternary"
4,5.05,6.87123722856124,47.1569249217042,"Meadow","Quaternary"
4,5.1,6.87122879375292,47.1573734472689,"Meadow","Quaternary"
4,5.15,6.87122035880294,47.1578219727849,"Meadow","Argovian"
4,5.2,6.87121192371128,47.1582704982525,"Meadow","Argovian"
4.05,0.7,6.87262566458446,47.1179076782983,"Meadow","Sequanian"
4.05,0.75,6.87261724757661,47.1183562080266,"Meadow","Sequanian"
4.05,0.8,6.87260883042753,47.1188047377088,"Meadow","Sequanian"
4.05,0.85,6.87260041313719,47.1192532673448,"Meadow","Sequanian"
4.05,0.9,6.8725919957056,47.1197017969346,"Meadow","Sequanian"
4.05,0.95,6.87258357813276,47.1201503264782,"Meadow","Quaternary"
4.05,1,6.87257516041866,47.1205988559756,"Meadow","Quaternary"
4.05,1.05,6.8725667425633,47.1210473854267,"Meadow","Quaternary"
4.05,1.1,6.87255832456666,47.1214959148314,"Pasture","Portlandian"
4.05,1.15,6.87254990642876,47.1219444441899,"Pasture","Portlandian"
4.05,1.2,6.87254148814959,47.122392973502,"Pasture","Portlandian"
4.05,1.25,6.87253306972913,47.1228415027678,"Pasture","Portlandian"
4.05,1.3,6.8725246511674,47.1232900319871,"Pasture","Portlandian"
4.05,1.35,6.87251623246438,47.12373856116,"Pasture","Kimmeridgian"
4.05,1.4,6.87250781362007,47.1241870902864,"Pasture","Kimmeridgian"
4.05,1.45,6.87249939463446,47.1246356193664,"Pasture","Kimmeridgian"
4.05,1.5,6.87249097550756,47.1250841483998,"Pasture","Kimmeridgian"
4.05,1.55,6.87248255623936,47.1255326773867,"Pasture","Kimmeridgian"
4.05,1.6,6.87247413682985,47.125981206327,"Meadow","Kimmeridgian"
4.05,1.65,6.87246571727903,47.1264297352207,"Meadow","Kimmeridgian"
4.05,1.7,6.8724572975869,47.1268782640678,"Meadow","Kimmeridgian"
4.05,1.75,6.87244887775345,47.1273267928683,"Meadow","Kimmeridgian"
4.05,1.8,6.87244045777868,47.127775321622,"Tillage","Kimmeridgian"
4.05,1.85,6.87243203766259,47.128223850329,"Tillage","Kimmeridgian"
4.05,1.9,6.87242361740517,47.1286723789894,"Tillage","Kimmeridgian"
4.05,1.95,6.87241519700642,47.1291209076029,"Meadow","Kimmeridgian"
4.05,2,6.87240677646633,47.1295694361697,"Meadow","Kimmeridgian"
4.05,2.05,6.8723983557849,47.1300179646896,"Pasture","Kimmeridgian"
4.05,2.1,6.87238993496213,47.1304664931628,"Pasture","Kimmeridgian"
4.05,2.15,6.87238151399801,47.130915021589,"Forest","Kimmeridgian"
4.05,2.2,6.87237309289254,47.1313635499683,"Forest","Kimmeridgian"
4.05,2.25,6.87236467164571,47.1318120783007,"Forest","Portlandian"
4.05,2.3,6.87235625025753,47.1322606065862,"Forest","Portlandian"
4.05,2.35,6.87234782872798,47.1327091348247,"Forest","Portlandian"
4.05,2.4,6.87233940705707,47.1331576630161,"Forest","Portlandian"
4.05,2.45,6.87233098524479,47.1336061911605,"Forest","Portlandian"
4.05,2.5,6.87232256329112,47.1340547192579,"Forest","Portlandian"
4.05,2.55,6.87231414119609,47.1345032473082,"Forest","Kimmeridgian"
4.05,2.6,6.87230571895967,47.1349517753113,"Forest","Kimmeridgian"
4.05,2.65,6.87229729658186,47.1354003032673,"Forest","Kimmeridgian"
4.05,2.7,6.87228887406267,47.1358488311762,"Forest","Kimmeridgian"
4.05,2.75,6.87228045140208,47.1362973590378,"Forest","Kimmeridgian"
4.05,2.8,6.87227202860009,47.1367458868522,"Forest","Kimmeridgian"
4.05,2.85,6.8722636056567,47.1371944146194,"Forest","Kimmeridgian"
4.05,2.9,6.87225518257191,47.1376429423393,"Forest","Kimmeridgian"
4.05,2.95,6.87224675934571,47.1380914700118,"Forest","Kimmeridgian"
4.05,3,6.87223833597809,47.138539997637,"Forest","Portlandian"
4.05,3.05,6.87222991246906,47.1389885252149,"Forest","Portlandian"
4.05,3.1,6.87222148881861,47.1394370527454,"Meadow","Portlandian"
4.05,3.15,6.87221306502673,47.1398855802284,"Meadow","Kimmeridgian"
4.05,3.2,6.87220464109343,47.140334107664,"Meadow","Kimmeridgian"
4.05,3.25,6.87219621701869,47.1407826350522,"Meadow","Kimmeridgian"
4.05,3.3,6.87218779280251,47.1412311623928,"Meadow","Kimmeridgian"
4.05,3.35,6.8721793684449,47.1416796896859,"Meadow","Kimmeridgian"
4.05,3.4,6.87217094394584,47.1421282169314,"Forest","Kimmeridgian"
4.05,3.45,6.87216251930534,47.1425767441294,"Forest","Kimmeridgian"
4.05,3.5,6.87215409452338,47.1430252712797,"Forest","Kimmeridgian"
4.05,3.55,6.87214566959997,47.1434737983824,"Forest","Kimmeridgian"
4.05,3.6,6.8721372445351,47.1439223254375,"Forest","Kimmeridgian"
4.05,3.65,6.87212881932877,47.1443708524448,"Meadow","Kimmeridgian"
4.05,3.7,6.87212039398096,47.1448193794044,"Meadow","Kimmeridgian"
4.05,3.75,6.87211196849169,47.1452679063163,"Meadow","Kimmeridgian"
4.05,3.8,6.87210354286095,47.1457164331804,"Meadow","Quaternary"
4.05,3.85,6.87209511708872,47.1461649599967,"Meadow","Quaternary"
4.05,3.9,6.87208669117502,47.1466134867652,"Meadow","Quaternary"
4.05,3.95,6.87207826511982,47.1470620134858,"Meadow","Quaternary"
4.05,4,6.87206983892314,47.1475105401586,"Meadow","Sequanian"
4.05,4.05,6.87206141258496,47.1479590667834,"Meadow","Sequanian"
4.05,4.1,6.87205298610529,47.1484075933602,"Meadow","Sequanian"
4.05,4.15,6.87204455948411,47.1488561198891,"Meadow","Sequanian"
4.05,4.2,6.87203613272143,47.1493046463701,"Meadow","Sequanian"
4.05,4.25,6.87202770581724,47.1497531728029,"Meadow","Sequanian"
4.05,4.3,6.87201927877154,47.1502016991878,"Meadow","Sequanian"
4.05,4.35,6.87201085158431,47.1506502255246,"Meadow","Sequanian"
4.05,4.4,6.87200242425557,47.1510987518133,"Meadow","Sequanian"
4.05,4.45,6.87199399678531,47.1515472780538,"Meadow","Sequanian"
4.05,4.5,6.87198556917351,47.1519958042461,"Forest","Sequanian"
4.05,4.55,6.87197714142018,47.1524443303904,"Meadow","Argovian"
4.05,4.6,6.87196871352532,47.1528928564863,"Meadow","Argovian"
4.05,4.65,6.87196028548892,47.1533413825341,"Forest","Argovian"
4.05,4.7,6.87195185731097,47.1537899085335,"Forest","Argovian"
4.05,4.75,6.87194342899147,47.1542384344847,"Forest","Argovian"
4.05,4.8,6.87193500053043,47.1546869603876,"Pasture","Argovian"
4.05,4.85,6.87192657192782,47.155135486242,"Pasture","Argovian"
4.05,4.9,6.87191814318366,47.1555840120482,"Pasture","Argovian"
4.05,4.95,6.87190971429793,47.1560325378059,"Pasture","Argovian"
4.05,5,6.87190128527064,47.1564810635152,"Forest","Quaternary"
4.1,0.7,6.87328081427719,47.1179123378838,"Meadow","Sequanian"
4.1,0.75,6.8732724027592,47.1183608676597,"Meadow","Sequanian"
4.1,0.8,6.87326399110006,47.1188093973895,"Meadow","Sequanian"
4.1,0.85,6.87325557929976,47.1192579270731,"Meadow","Sequanian"
4.1,0.9,6.87324716735831,47.1197064567106,"Meadow","Sequanian"
4.1,0.95,6.87323875527569,47.1201549863018,"Meadow","Quaternary"
4.1,1,6.87323034305191,47.1206035158468,"Meadow","Quaternary"
4.1,1.05,6.87322193068695,47.1210520453455,"Meadow","Quaternary"
4.1,1.1,6.87321351818083,47.121500574798,"Pasture","Portlandian"
4.1,1.15,6.87320510553352,47.1219491042041,"Pasture","Portlandian"
4.1,1.2,6.87319669274503,47.1223976335638,"Pasture","Portlandian"
4.1,1.25,6.87318827981535,47.1228461628772,"Pasture","Portlandian"
4.1,1.3,6.87317986674449,47.1232946921442,"Pasture","Portlandian"
4.1,1.35,6.87317145353243,47.1237432213647,"Pasture","Kimmeridgian"
4.1,1.4,6.87316304017917,47.1241917505388,"Pasture","Kimmeridgian"
4.1,1.45,6.87315462668472,47.1246402796664,"Pasture","Kimmeridgian"
4.1,1.5,6.87314621304905,47.1250888087475,"Pasture","Kimmeridgian"
4.1,1.55,6.87313779927218,47.125537337782,"Pasture","Kimmeridgian"
4.1,1.6,6.87312938535409,47.1259858667699,"Meadow","Kimmeridgian"
4.1,1.65,6.87312097129479,47.1264343957113,"Meadow","Kimmeridgian"
4.1,1.7,6.87311255709427,47.126882924606,"Meadow","Kimmeridgian"
4.1,1.75,6.87310414275252,47.1273314534541,"Meadow","Kimmeridgian"
4.1,1.8,6.87309572826954,47.1277799822555,"Tillage","Kimmeridgian"
4.1,1.85,6.87308731364533,47.1282285110102,"Tillage","Kimmeridgian"
4.1,1.9,6.87307889887989,47.1286770397182,"Tillage","Kimmeridgian"
4.1,1.95,6.87307048397321,47.1291255683794,"Meadow","Kimmeridgian"
4.1,2,6.87306206892528,47.1295740969938,"Meadow","Kimmeridgian"
4.1,2.05,6.8730536537361,47.1300226255614,"Pasture","Kimmeridgian"
4.1,2.1,6.87304523840568,47.1304711540822,"Pasture","Kimmeridgian"
4.1,2.15,6.87303682293399,47.130919682556,"Forest","Kimmeridgian"
4.1,2.2,6.87302840732105,47.131368210983,"Forest","Kimmeridgian"
4.1,2.25,6.87301999156685,47.1318167393631,"Forest","Portlandian"
4.1,2.3,6.87301157567137,47.1322652676962,"Forest","Portlandian"
4.1,2.35,6.87300315963463,47.1327137959823,"Forest","Portlandian"
4.1,2.4,6.87299474345662,47.1331623242214,"Forest","Portlandian"
4.1,2.45,6.87298632713732,47.1336108524135,"Forest","Portlandian"
4.1,2.5,6.87297791067674,47.1340593805586,"Forest","Portlandian"
4.1,2.55,6.87296949407488,47.1345079086565,"Forest","Kimmeridgian"
4.1,2.6,6.87296107733173,47.1349564367073,"Forest","Kimmeridgian"
4.1,2.65,6.87295266044728,47.135404964711,"Forest","Kimmeridgian"
4.1,2.7,6.87294424342154,47.1358534926675,"Forest","Kimmeridgian"
4.1,2.75,6.87293582625449,47.1363020205768,"Forest","Kimmeridgian"
4.1,2.8,6.87292740894614,47.1367505484388,"Forest","Kimmeridgian"
4.1,2.85,6.87291899149648,47.1371990762537,"Forest","Kimmeridgian"
4.1,2.9,6.87291057390551,47.1376476040212,"Forest","Kimmeridgian"
4.1,2.95,6.87290215617322,47.1380961317414,"Forest","Kimmeridgian"
4.1,3,6.8728937382996,47.1385446594143,"Forest","Portlandian"
4.1,3.05,6.87288532028467,47.1389931870398,"Forest","Portlandian"
4.1,3.1,6.87287690212841,47.139441714618,"Meadow","Portlandian"
4.1,3.15,6.87286848383081,47.1398902421487,"Meadow","Kimmeridgian"
4.1,3.2,6.87286006539188,47.1403387696319,"Meadow","Kimmeridgian"
4.1,3.25,6.87285164681161,47.1407872970677,"Meadow","Kimmeridgian"
4.1,3.3,6.87284322808999,47.141235824456,"Meadow","Kimmeridgian"
4.1,3.35,6.87283480922703,47.1416843517968,"Meadow","Kimmeridgian"
4.1,3.4,6.87282639022271,47.14213287909,"Forest","Kimmeridgian"
4.1,3.45,6.87281797107704,47.1425814063356,"Forest","Kimmeridgian"
4.1,3.5,6.87280955179001,47.1430299335336,"Forest","Kimmeridgian"
4.1,3.55,6.87280113236162,47.143478460684,"Forest","Kimmeridgian"
4.1,3.6,6.87279271279186,47.1439269877867,"Forest","Kimmeridgian"
4.1,3.65,6.87278429308073,47.1443755148418,"Meadow","Kimmeridgian"
4.1,3.7,6.87277587322822,47.1448240418491,"Meadow","Kimmeridgian"
4.1,3.75,6.87276745323434,47.1452725688086,"Meadow","Kimmeridgian"
4.1,3.8,6.87275903309907,47.1457210957204,"Meadow","Quaternary"
4.1,3.85,6.87275061282242,47.1461696225844,"Meadow","Quaternary"
4.1,3.9,6.87274219240438,47.1466181494005,"Meadow","Quaternary"
4.1,3.95,6.87273377184494,47.1470666761688,"Meadow","Quaternary"
4.1,4,6.87272535114411,47.1475152028892,"Meadow","Sequanian"
4.1,4.05,6.87271693030187,47.1479637295617,"Meadow","Sequanian"
4.1,4.1,6.87270850931823,47.1484122561863,"Meadow","Sequanian"
4.1,4.15,6.87270008819318,47.1488607827629,"Meadow","Sequanian"
4.1,4.2,6.87269166692672,47.1493093092915,"Meadow","Sequanian"
4.1,4.25,6.87268324551883,47.149757835772,"Meadow","Sequanian"
4.1,4.3,6.87267482396953,47.1502063622046,"Meadow","Sequanian"
4.1,4.35,6.87266640227881,47.150654888589,"Meadow","Sequanian"
4.1,4.4,6.87265798044665,47.1511034149254,"Meadow","Sequanian"
4.1,4.45,6.87264955847307,47.1515519412136,"Meadow","Sequanian"
4.1,4.5,6.87264113635804,47.1520004674536,"Forest","Sequanian"
4.1,4.55,6.87263271410158,47.1524489936455,"Meadow","Argovian"
4.1,4.6,6.87262429170367,47.1528975197892,"Meadow","Argovian"
4.1,4.65,6.87261586916432,47.1533460458846,"Forest","Argovian"
4.1,4.7,6.87260744648351,47.1537945719318,"Forest","Argovian"
4.1,4.75,6.87259902366125,47.1542430979306,"Forest","Argovian"
4.1,4.8,6.87259060069753,47.1546916238812,"Pasture","Argovian"
4.1,4.85,6.87258217759234,47.1551401497834,"Pasture","Argovian"
4.1,4.9,6.87257375434569,47.1555886756372,"Pasture","Argovian"
4.1,4.95,6.87256533095757,47.1560372014426,"Pasture","Argovian"
4.1,5,6.87255690742797,47.1564857271996,"Forest","Quaternary"
4.15,0.7,6.8739359640841,47.1179169937323,"Meadow","Sequanian"
4.15,0.75,6.87392755805598,47.1183655235558,"Meadow","Sequanian"
4.15,0.8,6.87391915188679,47.1188140533332,"Meadow","Sequanian"
4.15,0.85,6.87391074557654,47.1192625830644,"Meadow","Sequanian"
4.15,0.9,6.87390233912522,47.1197111127495,"Meadow","Sequanian"
4.15,0.95,6.87389393253284,47.1201596423883,"Meadow","Sequanian"
4.15,1,6.87388552579937,47.1206081719809,"Meadow","Quaternary"
4.15,1.05,6.87387711892483,47.1210567015272,"Meadow","Quaternary"
4.15,1.1,6.87386871190921,47.1215052310272,"Pasture","Quaternary"
4.15,1.15,6.8738603047525,47.121953760481,"Pasture","Quaternary"
4.15,1.2,6.8738518974547,47.1224022898883,"Pasture","Portlandian"
4.15,1.25,6.8738434900158,47.1228508192493,"Pasture","Portlandian"
4.15,1.3,6.87383508243581,47.1232993485639,"Pasture","Portlandian"
4.15,1.35,6.87382667471472,47.123747877832,"Meadow","Portlandian"
4.15,1.4,6.87381826685252,47.1241964070537,"Meadow","Portlandian"
4.15,1.45,6.87380985884921,47.124644936229,"Pasture","Kimmeridgian"
4.15,1.5,6.87380145070479,47.1250934653576,"Pasture","Kimmeridgian"
4.15,1.55,6.87379304241925,47.1255419944398,"Pasture","Kimmeridgian"
4.15,1.6,6.87378463399259,47.1259905234754,"Meadow","Kimmeridgian"
4.15,1.65,6.87377622542481,47.1264390524643,"Meadow","Kimmeridgian"
4.15,1.7,6.87376781671589,47.1268875814067,"Forest","Kimmeridgian"
4.15,1.75,6.87375940786585,47.1273361103024,"Forest","Kimmeridgian"
4.15,1.8,6.87375099887467,47.1277846391514,"Tillage","Kimmeridgian"
4.15,1.85,6.87374258974235,47.1282331679537,"Tillage","Kimmeridgian"
4.15,1.9,6.87373418046888,47.1286816967093,"Tillage","Kimmeridgian"
4.15,1.95,6.87372577105427,47.1291302254181,"Pasture","Kimmeridgian"
4.15,2,6.87371736149851,47.1295787540802,"Pasture","Kimmeridgian"
4.15,2.05,6.87370895180158,47.1300272826954,"Pasture","Kimmeridgian"
4.15,2.1,6.87370054196351,47.1304758112638,"Pasture","Kimmeridgian"
4.15,2.15,6.87369213198426,47.1309243397853,"Pasture","Kimmeridgian"
4.15,2.2,6.87368372186386,47.1313728682599,"Pasture","Kimmeridgian"
4.15,2.25,6.87367531160228,47.1318213966875,"Pasture","Kimmeridgian"
4.15,2.3,6.87366690119952,47.1322699250683,"Forest","Quaternary"
4.15,2.35,6.87365849065559,47.132718453402,"Forest","Quaternary"
4.15,2.4,6.87365007997047,47.1331669816888,"Forest","Portlandian"
4.15,2.45,6.87364166914417,47.1336155099285,"Forest","Portlandian"
4.15,2.5,6.87363325817668,47.1340640381211,"Forest","Portlandian"
4.15,2.55,6.87362484706799,47.1345125662667,"Forest","Portlandian"
4.15,2.6,6.87361643581811,47.1349610943651,"Forest","Portlandian"
4.15,2.65,6.87360802442703,47.1354096224164,"Forest","Kimmeridgian"
4.15,2.7,6.87359961289474,47.1358581504206,"Forest","Kimmeridgian"
4.15,2.75,6.87359120122124,47.1363066783774,"Forest","Kimmeridgian"
4.15,2.8,6.87358278940652,47.1367552062872,"Forest","Kimmeridgian"
4.15,2.85,6.8735743774506,47.1372037341496,"Forest","Kimmeridgian"
4.15,2.9,6.87356596535344,47.1376522619648,"Forest","Kimmeridgian"
4.15,2.95,6.87355755311507,47.1381007897326,"Meadow","Portlandian"
4.15,3,6.87354914073547,47.1385493174531,"Meadow","Portlandian"
4.15,3.05,6.87354072821463,47.1389978451263,"Meadow","Portlandian"
4.15,3.1,6.87353231555256,47.1394463727521,"Meadow","Portlandian"
4.15,3.15,6.87352390274925,47.1398949003304,"Meadow","Kimmeridgian"
4.15,3.2,6.87351548980469,47.1403434278613,"Meadow","Kimmeridgian"
4.15,3.25,6.87350707671889,47.1407919553448,"Meadow","Kimmeridgian"
4.15,3.3,6.87349866349183,47.1412404827807,"Meadow","Kimmeridgian"
4.15,3.35,6.87349025012352,47.1416890101691,"Meadow","Kimmeridgian"
4.15,3.4,6.87348183661395,47.14213753751,"Forest","Kimmeridgian"
4.15,3.45,6.87347342296312,47.1425860648032,"Forest","Kimmeridgian"
4.15,3.5,6.87346500917102,47.1430345920489,"Forest","Kimmeridgian"
4.15,3.55,6.87345659523765,47.1434831192469,"Forest","Kimmeridgian"
4.15,3.6,6.873448181163,47.1439316463973,"Pasture","Kimmeridgian"
4.15,3.65,6.87343976694708,47.1443801734999,"Forest","Quaternary"
4.15,3.7,6.87343135258987,47.1448287005549,"Forest","Quaternary"
4.15,3.75,6.87342293809138,47.1452772275621,"Forest","Quaternary"
4.15,3.8,6.8734145234516,47.1457257545215,"Pasture","Quaternary"
4.15,3.85,6.87340610867052,47.1461742814331,"Pasture","Quaternary"
4.15,3.9,6.87339769374815,47.1466228082969,"Meadow","Sequanian"
4.15,3.95,6.87338927868447,47.1470713351128,"Meadow","Sequanian"
4.15,4,6.87338086347949,47.1475198618809,"Meadow","Sequanian"
4.15,4.05,6.8733724481332,47.1479683886011,"Meadow","Sequanian"
4.15,4.1,6.87336403264559,47.1484169152733,"Meadow","Sequanian"
4.15,4.15,6.87335561701667,47.1488654418975,"Meadow","Sequanian"
4.15,4.2,6.87334720124643,47.1493139684737,"Meadow","Sequanian"
4.15,4.25,6.87333878533486,47.149762495002,"Meadow","Sequanian"
4.15,4.3,6.87333036928197,47.1502110214822,"Meadow","Sequanian"
4.15,4.35,6.87332195308774,47.1506595479143,"Meadow","Sequanian"
4.15,4.4,6.87331353675218,47.1511080742983,"Meadow","Sequanian"
4.15,4.55,6.87328828689743,47.1524536531614,"Forest","Argovian"
4.15,4.6,6.87327986999648,47.1529021793527,"Forest","Argovian"
4.15,4.65,6.87327145295418,47.1533507054958,"Forest","Argovian"
4.15,4.7,6.87326303577052,47.1537992315906,"Forest","Argovian"
4.15,4.75,6.87325461844549,47.1542477576371,"Forest","Argovian"
4.15,4.8,6.8732462009791,47.1546962836353,"Forest","Argovian"
4.2,0.7,6.87459111400513,47.1179216458438,"Meadow","Sequanian"
4.2,0.75,6.87458271346686,47.1183701757149,"Meadow","Sequanian"
4.2,0.8,6.87457431278763,47.1188187055399,"Meadow","Sequanian"
4.2,0.85,6.87456591196743,47.1192672353187,"Meadow","Sequanian"
4.2,0.9,6.87455751100625,47.1197157650513,"Meadow","Sequanian"
4.2,0.95,6.8745491099041,47.1201642947377,"Meadow","Sequanian"
4.2,1,6.87454070866096,47.1206128243779,"Meadow","Quaternary"
4.2,1.05,6.87453230727683,47.1210613539718,"Meadow","Quaternary"
4.2,1.1,6.87452390575172,47.1215098835194,"Pasture","Quaternary"
4.2,1.15,6.87451550408561,47.1219584130207,"Pasture","Quaternary"
4.2,1.2,6.8745071022785,47.1224069424756,"Pasture","Portlandian"
4.2,1.25,6.87449870033039,47.1228554718842,"Pasture","Portlandian"
4.2,1.3,6.87449029824128,47.1233040012463,"Pasture","Portlandian"
4.2,1.35,6.87448189601115,47.123752530562,"Meadow","Portlandian"
4.2,1.4,6.87447349364001,47.1242010598313,"Meadow","Portlandian"
4.2,1.45,6.87446509112786,47.1246495890541,"Pasture","Kimmeridgian"
4.2,1.5,6.87445668847468,47.1250981182303,"Pasture","Kimmeridgian"
4.2,1.55,6.87444828568048,47.1255466473601,"Pasture","Kimmeridgian"
4.2,1.6,6.87443988274525,47.1259951764432,"Meadow","Kimmeridgian"
4.2,1.65,6.87443147966899,47.1264437054798,"Meadow","Kimmeridgian"
4.2,1.7,6.87442307645169,47.1268922344698,"Forest","Kimmeridgian"
4.2,1.75,6.87441467309335,47.127340763413,"Forest","Kimmeridgian"
4.2,1.8,6.87440626959397,47.1277892923097,"Tillage","Kimmeridgian"
4.2,1.85,6.87439786595354,47.1282378211595,"Tillage","Kimmeridgian"
4.2,1.9,6.87438946217206,47.1286863499627,"Tillage","Kimmeridgian"
4.2,1.95,6.87438105824952,47.1291348787191,"Pasture","Kimmeridgian"
4.2,2,6.87437265418592,47.1295834074288,"Pasture","Kimmeridgian"
4.2,2.05,6.87436424998126,47.1300319360916,"Pasture","Kimmeridgian"
4.2,2.1,6.87435584563554,47.1304804647075,"Pasture","Kimmeridgian"
4.2,2.15,6.87434744114874,47.1309289932766,"Pasture","Kimmeridgian"
4.2,2.2,6.87433903652086,47.1313775217988,"Pasture","Kimmeridgian"
4.2,2.25,6.87433063175191,47.1318260502741,"Pasture","Kimmeridgian"
4.2,2.3,6.87432222684188,47.1322745787024,"Forest","Quaternary"
4.2,2.35,6.87431382179076,47.1327231070838,"Forest","Quaternary"
4.2,2.4,6.87430541659855,47.1331716354181,"Forest","Portlandian"
4.2,2.45,6.87429701126524,47.1336201637054,"Forest","Portlandian"
4.2,2.5,6.87428860579084,47.1340686919456,"Forest","Portlandian"
4.2,2.55,6.87428020017533,47.1345172201388,"Forest","Portlandian"
4.2,2.6,6.87427179441872,47.1349657482848,"Forest","Portlandian"
4.2,2.65,6.874263388521,47.1354142763837,"Forest","Kimmeridgian"
4.2,2.7,6.87425498248217,47.1358628044355,"Forest","Kimmeridgian"
4.2,2.75,6.87424657630222,47.13631133244,"Forest","Kimmeridgian"
4.2,2.8,6.87423816998115,47.1367598603973,"Forest","Kimmeridgian"
4.2,2.85,6.87422976351896,47.1372083883073,"Forest","Kimmeridgian"
4.2,2.9,6.87422135691563,47.1376569161701,"Forest","Kimmeridgian"
4.2,2.95,6.87421295017118,47.1381054439856,"Meadow","Portlandian"
4.2,3,6.87420454328559,47.1385539717537,"Meadow","Portlandian"
4.2,3.05,6.87419613625885,47.1390024994745,"Meadow","Portlandian"
4.2,3.1,6.87418772909098,47.1394510271478,"Meadow","Portlandian"
4.2,3.15,6.87417932178195,47.1398995547738,"Meadow","Kimmeridgian"
4.2,3.2,6.87417091433177,47.1403480823523,"Meadow","Kimmeridgian"
4.2,3.25,6.87416250674044,47.1407966098833,"Meadow","Kimmeridgian"
4.2,3.3,6.87415409900795,47.1412451373668,"Meadow","Kimmeridgian"
4.2,3.35,6.8741456911343,47.1416936648028,"Meadow","Kimmeridgian"
4.2,3.4,6.87413728311948,47.1421421921913,"Forest","Kimmeridgian"
4.2,3.45,6.87412887496349,47.1425907195322,"Forest","Kimmeridgian"
4.2,3.5,6.87412046666632,47.1430392468255,"Forest","Kimmeridgian"
4.2,3.55,6.87411205822797,47.1434877740711,"Forest","Kimmeridgian"
4.2,3.6,6.87410364964845,47.1439363012691,"Pasture","Kimmeridgian"
4.2,3.65,6.87409524092773,47.1443848284193,"Forest","Quaternary"
4.2,3.7,6.87408683206583,47.1448333555219,"Forest","Quaternary"
4.2,3.75,6.87407842306273,47.1452818825767,"Forest","Quaternary"
4.2,3.8,6.87407001391843,47.1457304095837,"Pasture","Quaternary"
4.2,3.85,6.87406160463294,47.146178936543,"Pasture","Quaternary"
4.2,3.9,6.87405319520623,47.1466274634544,"Meadow","Sequanian"
4.2,3.95,6.87404478563832,47.1470759903179,"Meadow","Sequanian"
4.2,4,6.8740363759292,47.1475245171336,"Meadow","Sequanian"
4.2,4.05,6.87402796607885,47.1479730439014,"Meadow","Sequanian"
4.2,4.1,6.87401955608729,47.1484215706212,"Meadow","Sequanian"
4.2,4.15,6.8740111459545,47.148870097293,"Meadow","Sequanian"
4.2,4.2,6.87400273568048,47.1493186239169,"Meadow","Sequanian"
4.2,4.25,6.87399432526523,47.1497671504927,"Meadow","Sequanian"
4.2,4.3,6.87398591470875,47.1502156770206,"Meadow","Sequanian"
4.2,4.35,6.87397750401102,47.1506642035003,"Meadow","Sequanian"
4.2,4.4,6.87396909317205,47.1511127299319,"Meadow","Sequanian"
4.2,4.6,6.87393544840366,47.1529068351769,"Forest","Argovian"
4.2,4.65,6.87392703685841,47.1533553613675,"Forest","Argovian"
4.2,4.7,6.8739186251719,47.15380388751,"Forest","Argovian"
4.2,4.75,6.87391021334411,47.1542524136042,"Forest","Argovian"
4.2,4.8,6.87390180137505,47.15470093965,"Forest","Argovian"
4.25,0.7,6.87524626404016,47.1179262942184,"Meadow","Sequanian"
4.25,0.75,6.87523786899176,47.118374824137,"Meadow","Sequanian"
4.25,0.8,6.87522947380249,47.1188233540095,"Pasture","Kimmeridgian"
4.25,0.85,6.87522107847234,47.1192718838359,"Meadow","Sequanian"
4.25,0.9,6.8752126830013,47.119720413616,"Meadow","Sequanian"
4.25,0.95,6.87520428738938,47.12016894335,"Meadow","Sequanian"
4.25,1,6.87519589163657,47.1206174730377,"Meadow","Quaternary"
4.25,1.05,6.87518749574287,47.1210660026792,"Meadow","Quaternary"
4.25,1.1,6.87517909970826,47.1215145322743,"Meadow","Quaternary"
4.25,1.15,6.87517070353276,47.1219630618231,"Meadow","Quaternary"
4.25,1.2,6.87516230721635,47.1224115913256,"Pasture","Portlandian"
4.25,1.25,6.87515391075902,47.1228601207817,"Pasture","Portlandian"
4.25,1.3,6.87514551416079,47.1233086501914,"Meadow","Quaternary"
4.25,1.35,6.87513711742164,47.1237571795547,"Meadow","Portlandian"
4.25,1.4,6.87512872054156,47.1242057088715,"Meadow","Portlandian"
4.25,1.45,6.87512032352057,47.1246542381418,"Forest","Portlandian"
4.25,1.5,6.87511192635864,47.1251027673656,"Forest","Portlandian"
4.25,1.55,6.87510352905578,47.125551296543,"Forest","Portlandian"
4.25,1.6,6.87509513161199,47.1259998256737,"Forest","Kimmeridgian"
4.25,1.65,6.87508673402725,47.1264483547577,"Forest","Kimmeridgian"
4.25,1.7,6.87507833630157,47.1268968837952,"Forest","Portlandian"
4.25,1.75,6.87506993843494,47.1273454127861,"Forest","Portlandian"
4.25,1.8,6.87506154042736,47.1277939417303,"Forest","Kimmeridgian"
4.25,1.85,6.87505314227882,47.1282424706277,"Meadow","Kimmeridgian"
4.25,1.9,6.87504474398932,47.1286909994784,"Meadow","Kimmeridgian"
4.25,1.95,6.87503634555887,47.1291395282824,"Pasture","Kimmeridgian"
4.25,2,6.87502794698744,47.1295880570396,"Pasture","Kimmeridgian"
4.25,2.05,6.87501954827504,47.1300365857499,"Pasture","Kimmeridgian"
4.25,2.1,6.87501114942167,47.1304851144135,"Pasture","Kimmeridgian"
4.25,2.15,6.87500275042732,47.1309336430301,"Forest","Kimmeridgian"
4.25,2.2,6.87499435129198,47.1313821715999,"Forest","Kimmeridgian"
4.25,2.25,6.87498595201566,47.1318307001227,"Forest","Quaternary"
4.25,2.3,6.87497755259835,47.1322792285986,"Forest","Quaternary"
4.25,2.35,6.87496915304005,47.1327277570275,"Forest","Quaternary"
4.25,2.4,6.87496075334074,47.1331762854094,"Forest","Portlandian"
4.25,2.45,6.87495235350044,47.1336248137443,"Forest","Portlandian"
4.25,2.5,6.87494395351913,47.1340733420321,"Forest","Portlandian"
4.25,2.55,6.87493555339681,47.1345218702728,"Forest","Portlandian"
4.25,2.6,6.87492715313347,47.1349703984664,"Forest","Portlandian"
4.25,2.65,6.87491875272912,47.1354189266128,"Forest","Kimmeridgian"
4.25,2.7,6.87491035218375,47.1358674547122,"Forest","Kimmeridgian"
4.25,2.75,6.87490195149736,47.1363159827642,"Forest","Kimmeridgian"
4.25,2.8,6.87489355066993,47.1367645107691,"Forest","Kimmeridgian"
4.25,2.85,6.87488514970147,47.1372130387267,"Forest","Kimmeridgian"
4.25,2.9,6.87487674859198,47.137661566637,"Pasture","Kimmeridgian"
4.25,2.95,6.87486834734145,47.1381100945001,"Meadow","Portlandian"
4.25,3,6.87485994594987,47.1385586223158,"Meadow","Portlandian"
4.25,3.05,6.87485154441724,47.1390071500841,"Meadow","Portlandian"
4.25,3.1,6.87484314274356,47.1394556778051,"Forest","Portlandian"
4.25,3.15,6.87483474092883,47.1399042054786,"Meadow","Kimmeridgian"
4.25,3.2,6.87482633897304,47.1403527331047,"Meadow","Kimmeridgian"
4.25,3.25,6.87481793687618,47.1408012606833,"Meadow","Kimmeridgian"
4.25,3.3,6.87480953463826,47.1412497882144,"Meadow","Kimmeridgian"
4.25,3.35,6.87480113225926,47.141698315698,"Meadow","Kimmeridgian"
4.25,3.4,6.8747927297392,47.142146843134,"Meadow","Kimmeridgian"
4.25,3.45,6.87478432707805,47.1425953705225,"Forest","Kimmeridgian"
4.25,3.5,6.87477592427582,47.1430438978633,"Forest","Kimmeridgian"
4.25,3.55,6.8747675213325,47.1434924251565,"Forest","Kimmeridgian"
4.25,3.6,6.87475911824809,47.1439409524021,"Pasture","Sequanian"
4.25,3.65,6.87475071502259,47.1443894795999,"Pasture","Quaternary"
4.25,3.7,6.874742311656,47.14483800675,"Pasture","Quaternary"
4.25,3.75,6.8747339081483,47.1452865338525,"Pasture","Quaternary"
4.25,3.8,6.87472550449949,47.1457350609071,"Pasture","Sequanian"
4.25,3.85,6.87471710070957,47.1461835879139,"Pasture","Sequanian"
4.25,3.9,6.87470869677855,47.1466321148729,"Pasture","Sequanian"
4.25,3.95,6.8747002927064,47.147080641784,"Meadow","Sequanian"
4.25,4,6.87469188849314,47.1475291686473,"Meadow","Sequanian"
4.25,4.05,6.87468348413874,47.1479776954626,"Meadow","Sequanian"
4.25,4.1,6.87467507964322,47.14842622223,"Meadow","Sequanian"
4.25,4.15,6.87466667500657,47.1488747489495,"Meadow","Sequanian"
4.25,4.2,6.87465827022878,47.149323275621,"Meadow","Sequanian"
4.25,4.25,6.87464986530985,47.1497718022444,"Meadow","Sequanian"
4.25,4.3,6.87464146024978,47.1502203288198,"Meadow","Sequanian"
4.3,0.7,6.8759014141891,47.117930938856,"Pasture","Kimmeridgian"
4.3,0.75,6.87589302463058,47.1183794688221,"Pasture","Kimmeridgian"
4.3,0.8,6.87588463493127,47.1188279987422,"Pasture","Kimmeridgian"
4.3,0.85,6.87587624509117,47.119276528616,"Meadow","Quaternary"
4.3,0.9,6.87586785511029,47.1197250584437,"Meadow","Quaternary"
4.3,0.95,6.87585946498861,47.1201735882251,"Meadow","Quaternary"
4.3,1,6.87585107472612,47.1206221179604,"Meadow","Quaternary"
4.3,1.05,6.87584268432284,47.1210706476493,"Meadow","Quaternary"
4.3,1.1,6.87583429377876,47.121519177292,"Meadow","Quaternary"
4.3,1.15,6.87582590309385,47.1219677068883,"Meadow","Quaternary"
4.3,1.2,6.87581751226815,47.1224162364384,"Meadow","Quaternary"
4.3,1.25,6.87580912130162,47.122864765942,"Meadow","Quaternary"
4.3,1.3,6.87580073019426,47.1233132953992,"Meadow","Quaternary"
4.3,1.35,6.87579233894609,47.12376182481,"Meadow","Quaternary"
4.3,1.4,6.87578394755708,47.1242103541743,"Meadow","Quaternary"
4.3,1.45,6.87577555602724,47.1246588834922,"Forest","Portlandian"
4.3,1.5,6.87576716435657,47.1251074127635,"Forest","Portlandian"
4.3,1.55,6.87575877254505,47.1255559419883,"Forest","Portlandian"
4.3,1.6,6.8757503805927,47.1260044711665,"Forest","Kimmeridgian"
4.3,1.65,6.87574198849949,47.1264530002981,"Forest","Kimmeridgian"
4.3,1.7,6.87573359626543,47.1269015293832,"Forest","Portlandian"
4.3,1.75,6.87572520389051,47.1273500584215,"Forest","Portlandian"
4.3,1.8,6.87571681137473,47.1277985874132,"Forest","Kimmeridgian"
4.3,1.85,6.8757084187181,47.1282471163582,"Meadow","Kimmeridgian"
4.3,1.9,6.87570002592059,47.1286956452565,"Meadow","Kimmeridgian"
4.3,1.95,6.87569163298221,47.1291441741079,"Pasture","Kimmeridgian"
4.3,2,6.87568323990296,47.1295927029127,"Pasture","Kimmeridgian"
4.3,2.05,6.87567484668283,47.1300412316705,"Pasture","Kimmeridgian"
4.3,2.1,6.87566645332181,47.1304897603816,"Pasture","Kimmeridgian"
4.3,2.15,6.87565805981991,47.1309382890458,"Forest","Kimmeridgian"
4.3,2.2,6.87564966617712,47.131386817663,"Forest","Kimmeridgian"
4.3,2.25,6.87564127239343,47.1318353462334,"Forest","Quaternary"
4.3,2.3,6.87563287846885,47.1322838747568,"Forest","Quaternary"
4.3,2.35,6.87562448440336,47.1327324032333,"Forest","Quaternary"
4.3,2.4,6.87561609019697,47.1331809316627,"Forest","Portlandian"
4.3,2.45,6.87560769584967,47.1336294600451,"Forest","Portlandian"
4.3,2.5,6.87559930136146,47.1340779883804,"Forest","Portlandian"
4.3,2.55,6.87559090673232,47.1345265166687,"Forest","Portlandian"
4.3,2.6,6.87558251196227,47.1349750449098,"Forest","Portlandian"
4.3,2.65,6.87557411705129,47.1354235731038,"Forest","Kimmeridgian"
4.3,2.7,6.87556572199938,47.1358721012506,"Forest","Kimmeridgian"
4.3,2.75,6.87555732680655,47.1363206293503,"Forest","Kimmeridgian"
4.3,2.8,6.87554893147277,47.1367691574027,"Forest","Kimmeridgian"
4.3,2.85,6.87554053599805,47.1372176854078,"Forest","Kimmeridgian"
4.3,2.9,6.87553214038239,47.1376662133657,"Pasture","Kimmeridgian"
4.3,2.95,6.87552374462578,47.1381147412763,"Pasture","Kimmeridgian"
4.3,3,6.87551534872822,47.1385632691395,"Forest","Portlandian"
4.3,3.05,6.87550695268971,47.1390117969554,"Forest","Portlandian"
4.3,3.1,6.87549855651023,47.1394603247239,"Forest","Portlandian"
4.3,3.15,6.8754901601898,47.1399088524449,"Meadow","Kimmeridgian"
4.3,3.2,6.87548176372839,47.1403573801186,"Meadow","Kimmeridgian"
4.3,3.25,6.87547336712601,47.1408059077447,"Meadow","Kimmeridgian"
4.3,3.3,6.87546497038266,47.1412544353234,"Meadow","Kimmeridgian"
4.3,3.35,6.87545657349833,47.1417029628545,"Meadow","Kimmeridgian"
4.3,3.4,6.87544817647301,47.1421514903381,"Meadow","Kimmeridgian"
4.3,3.45,6.87543977930671,47.1426000177741,"Pasture","Kimmeridgian"
4.3,3.5,6.87543138199942,47.1430485451625,"Pasture","Kimmeridgian"
4.3,3.55,6.87542298455114,47.1434970725032,"Pasture","Kimmeridgian"
4.3,3.6,6.87541458696186,47.1439455997963,"Pasture","Sequanian"
4.3,3.65,6.87540618923157,47.1443941270417,"Pasture","Quaternary"
4.3,3.7,6.87539779136028,47.1448426542394,"Pasture","Quaternary"
4.3,3.75,6.87538939334798,47.1452911813893,"Pasture","Quaternary"
4.3,3.8,6.87538099519467,47.1457397084915,"Pasture","Sequanian"
4.3,3.85,6.87537259690034,47.1461882355459,"Pasture","Sequanian"
4.3,3.9,6.875364198465,47.1466367625524,"Pasture","Sequanian"
4.3,3.95,6.87535579988862,47.1470852895111,"Meadow","Sequanian"
4.3,4,6.87534740117122,47.147533816422,"Meadow","Sequanian"
4.3,4.05,6.87533900231278,47.1479823432849,"Meadow","Sequanian"
4.3,4.1,6.87533060331331,47.1484308700998,"Meadow","Sequanian"
4.3,4.15,6.8753222041728,47.1488793968668,"Meadow","Sequanian"
4.3,4.2,6.87531380489124,47.1493279235858,"Meadow","Sequanian"
4.3,4.25,6.87530540546863,47.1497764502568,"Meadow","Sequanian"
4.3,4.3,6.87529700590498,47.1502249768798,"Forest","Sequanian"
4.35,0.75,6.87654818038323,47.1183841097703,"Pasture","Kimmeridgian"
4.35,0.8,6.87653979617388,47.1188326397378,"Pasture","Kimmeridgian"
4.35,0.85,6.87653141182385,47.1192811696591,"Meadow","Quaternary"
4.35,0.9,6.87652302733311,47.1197296995342,"Meadow","Quaternary"
4.35,0.95,6.87651464270167,47.1201782293632,"Meadow","Quaternary"
4.35,1,6.87650625792952,47.1206267591459,"Meadow","Quaternary"
4.35,1.05,6.87649787301667,47.1210752888824,"Meadow","Quaternary"
4.35,1.1,6.8764894879631,47.1215238185725,"Meadow","Quaternary"
4.35,1.15,6.87648110276881,47.1219723482163,"Meadow","Quaternary"
4.35,1.2,6.8764727174338,47.1224208778138,"Meadow","Quaternary"
4.35,1.25,6.87646433195807,47.1228694073649,"Meadow","Quaternary"
4.35,1.3,6.8764559463416,47.1233179368696,"Meadow","Quaternary"
4.35,1.35,6.87644756058441,47.1237664663279,"Meadow","Quaternary"
4.35,1.4,6.87643917468647,47.1242149957397,"Meadow","Quaternary"
4.35,1.45,6.8764307886478,47.124663525105,"Forest","Portlandian"
4.35,1.5,6.87642240246838,47.1251120544239,"Forest","Portlandian"
4.35,1.55,6.87641401614821,47.1255605836962,"Forest","Portlandian"
4.35,1.6,6.87640562968729,47.1260091129219,"Forest","Kimmeridgian"
4.35,1.65,6.87639724308562,47.126457642101,"Forest","Kimmeridgian"
4.35,1.7,6.87638885634318,47.1269061712335,"Forest","Portlandian"
4.35,1.75,6.87638046945998,47.1273547003194,"Forest","Portlandian"
4.35,1.8,6.87637208243601,47.1278032293585,"Forest","Kimmeridgian"
4.35,1.85,6.87636369527128,47.128251758351,"Meadow","Kimmeridgian"
4.35,1.9,6.87635530796576,47.1287002872967,"Meadow","Kimmeridgian"
4.35,1.95,6.87634692051947,47.1291488161957,"Pasture","Kimmeridgian"
4.35,2,6.8763385329324,47.1295973450479,"Pasture","Kimmeridgian"
4.35,2.05,6.87633014520453,47.1300458738533,"Pasture","Kimmeridgian"
4.35,2.1,6.87632175733588,47.1304944026119,"Pasture","Kimmeridgian"
4.35,2.15,6.87631336932643,47.1309429313236,"Forest","Kimmeridgian"
4.35,2.2,6.87630498117619,47.1313914599883,"Forest","Kimmeridgian"
4.35,2.25,6.87629659288514,47.1318399886062,"Forest","Quaternary"
4.35,2.3,6.87628820445328,47.1322885171771,"Forest","Quaternary"
4.35,2.35,6.87627981588062,47.132737045701,"Forest","Quaternary"
4.35,2.4,6.87627142716714,47.133185574178,"Forest","Portlandian"
4.35,2.45,6.87626303831285,47.1336341026079,"Forest","Portlandian"
4.35,2.5,6.87625464931773,47.1340826309907,"Forest","Portlandian"
4.35,2.55,6.87624626018179,47.1345311593265,"Forest","Portlandian"
4.35,2.6,6.87623787090502,47.1349796876151,"Forest","Portlandian"
4.35,2.65,6.87622948148742,47.1354282158566,"Forest","Kimmeridgian"
4.35,2.7,6.87622109192898,47.1358767440509,"Forest","Kimmeridgian"
4.35,2.75,6.8762127022297,47.1363252721981,"Forest","Kimmeridgian"
4.35,2.8,6.87620431238958,47.136773800298,"Forest","Kimmeridgian"
4.35,2.85,6.8761959224086,47.1372223283506,"Forest","Kimmeridgian"
4.35,2.9,6.87618753228678,47.137670856356,"Pasture","Kimmeridgian"
4.35,2.95,6.8761791420241,47.1381193843141,"Pasture","Kimmeridgian"
4.35,3,6.87617075162056,47.1385679122248,"Forest","Portlandian"
4.35,3.05,6.87616236107616,47.1390164400882,"Forest","Portlandian"
4.35,3.1,6.87615397039089,47.1394649679042,"Forest","Portlandian"
4.35,3.15,6.87614557956475,47.1399134956728,"Meadow","Kimmeridgian"
4.35,3.2,6.87613718859773,47.1403620233939,"Meadow","Kimmeridgian"
4.35,3.25,6.87612879748984,47.1408105510676,"Meadow","Kimmeridgian"
4.35,3.3,6.87612040624106,47.1412590786938,"Meadow","Kimmeridgian"
4.35,3.35,6.87611201485139,47.1417076062724,"Meadow","Kimmeridgian"
4.35,3.4,6.87610362332084,47.1421561338035,"Meadow","Kimmeridgian"
4.35,3.45,6.87609523164939,47.142604661287,"Pasture","Kimmeridgian"
4.35,3.5,6.87608683983704,47.1430531887229,"Pasture","Kimmeridgian"
4.35,3.55,6.8760784478838,47.1435017161112,"Pasture","Kimmeridgian"
4.35,3.6,6.87607005578964,47.1439502434518,"Pasture","Sequanian"
4.35,3.65,6.87606166355458,47.1443987707448,"Pasture","Quaternary"
4.35,3.7,6.8760532711786,47.14484729799,"Pasture","Quaternary"
4.35,3.75,6.87604487866171,47.1452958251874,"Pasture","Quaternary"
4.35,3.8,6.87603648600389,47.1457443523371,"Pasture","Sequanian"
4.35,3.85,6.87602809320515,47.146192879439,"Pasture","Sequanian"
4.35,3.9,6.87601970026548,47.1466414064931,"Pasture","Sequanian"
4.35,3.95,6.87601130718488,47.1470899334993,"Meadow","Sequanian"
4.35,4,6.87600291396335,47.1475384604576,"Meadow","Sequanian"
4.35,4.05,6.87599452060087,47.147986987368,"Meadow","Sequanian"
4.35,4.1,6.87598612709745,47.1484355142305,"Meadow","Sequanian"
4.4,0.8,6.87719495753024,47.1188372769964,"Pasture","Kimmeridgian"
4.4,0.85,6.87718657867026,47.1192858069652,"Meadow","Kimmeridgian"
4.4,0.9,6.87717819966968,47.1197343368878,"Meadow","Kimmeridgian"
4.4,0.95,6.87716982052849,47.1201828667641,"Meadow","Quaternary"
4.4,1,6.87716144124668,47.1206313965943,"Meadow","Quaternary"
4.4,1.05,6.87715306182425,47.1210799263782,"Meadow","Quaternary"
4.4,1.1,6.8771446822612,47.1215284561158,"Meadow","Quaternary"
4.4,1.15,6.87713630255753,47.1219769858071,"Meadow","Quaternary"
4.4,1.2,6.87712792271323,47.122425515452,"Meadow","Quaternary"
4.4,1.25,6.87711954272829,47.1228740450506,"Meadow","Quaternary"
4.4,1.3,6.87711116260272,47.1233225746027,"Meadow","Quaternary"
4.4,1.35,6.87710278233651,47.1237711041084,"Meadow","Quaternary"
4.4,1.4,6.87709440192965,47.1242196335677,"Meadow","Quaternary"
4.4,1.45,6.87708602138214,47.1246681629805,"Meadow","Quaternary"
4.4,1.5,6.87707764069398,47.1251166923468,"Meadow","Quaternary"
4.4,1.55,6.87706925986516,47.1255652216666,"Meadow","Quaternary"
4.4,1.6,6.87706087889569,47.1260137509397,"Meadow","Portlandian"
4.4,1.65,6.87705249778555,47.1264622801663,"Meadow","Portlandian"
4.4,1.7,6.87704411653474,47.1269108093463,"Meadow","Quaternary"
4.4,1.75,6.87703573514326,47.1273593384796,"Meadow","Kimmeridgian"
4.4,1.8,6.8770273536111,47.1278078675662,"Meadow","Kimmeridgian"
4.4,1.85,6.87701897193827,47.1282563966061,"Meadow","Kimmeridgian"
4.4,1.9,6.87701059012475,47.1287049255993,"Meadow","Kimmeridgian"
4.4,1.95,6.87700220817055,47.1291534545458,"Pasture","Kimmeridgian"
4.4,2,6.87699382607565,47.1296019834455,"Pasture","Kimmeridgian"
4.4,2.05,6.87698544384006,47.1300505122983,"Pasture","Kimmeridgian"
4.4,2.1,6.87697706146377,47.1304990411043,"Meadow","Kimmeridgian"
4.4,2.15,6.87696867894678,47.1309475698635,"Meadow","Kimmeridgian"
4.4,2.2,6.87696029628909,47.1313960985757,"Meadow","Kimmeridgian"
4.4,2.25,6.87695191349068,47.131844627241,"Meadow","Kimmeridgian"
4.4,2.3,6.87694353055156,47.1322931558594,"Forest","Kimmeridgian"
4.4,2.35,6.87693514747172,47.1327416844309,"Forest","Kimmeridgian"
4.4,2.4,6.87692676425116,47.1331902129553,"Forest","Portlandian"
4.4,2.45,6.87691838088988,47.1336387414326,"Forest","Portlandian"
4.4,2.5,6.87690999738787,47.1340872698629,"Forest","Portlandian"
4.4,2.55,6.87690161374512,47.1345357982462,"Forest","Portlandian"
4.4,2.6,6.87689322996164,47.1349843265823,"Forest","Portlandian"
4.4,2.65,6.87688484603741,47.1354328548712,"Forest","Kimmeridgian"
4.4,2.7,6.87687646197244,47.1358813831131,"Forest","Kimmeridgian"
4.4,2.75,6.87686807776673,47.1363299113077,"Forest","Kimmeridgian"
4.4,2.8,6.87685969342026,47.136778439455,"Forest","Kimmeridgian"
4.4,2.85,6.87685130893303,47.1372269675551,"Forest","Kimmeridgian"
4.4,2.9,6.87684292430505,47.1376754956081,"Pasture","Kimmeridgian"
4.4,2.95,6.8768345395363,47.1381240236136,"Pasture","Kimmeridgian"
4.4,3,6.87682615462679,47.1385725515718,"Pasture","Portlandian"
4.4,3.05,6.8768177695765,47.1390210794827,"Pasture","Portlandian"
4.4,3.1,6.87680938438544,47.1394696073462,"Meadow","Portlandian"
4.4,3.15,6.8768009990536,47.1399181351622,"Meadow","Portlandian"
4.4,3.2,6.87679261358098,47.1403666629308,"Meadow","Portlandian"
4.4,3.25,6.87678422796757,47.140815190652,"Meadow","Kimmeridgian"
4.4,3.3,6.87677584221337,47.1412637183256,"Meadow","Kimmeridgian"
4.4,3.35,6.87676745631838,47.1417122459517,"Meadow","Kimmeridgian"
4.4,3.4,6.87675907028258,47.1421607735304,"Meadow","Kimmeridgian"
4.4,3.45,6.87675068410599,47.1426093010613,"Meadow","Kimmeridgian"
4.4,3.5,6.87674229778859,47.1430578285447,"Tillage","Kimmeridgian"
4.4,3.55,6.87673391133038,47.1435063559805,"Tillage","Kimmeridgian"
4.4,3.6,6.87672552473136,47.1439548833686,"Tillage","Kimmeridgian"
4.4,3.65,6.87671713799152,47.144403410709,"Pasture","Sequanian"
4.4,3.7,6.87670875111086,47.1448519380017,"Pasture","Sequanian"
4.4,3.75,6.87670036408937,47.1453004652466,"Pasture","Sequanian"
4.4,3.8,6.87669197692706,47.1457489924438,"Pasture","Sequanian"
4.4,3.85,6.87668358962391,47.1461975195932,"Pasture","Sequanian"
4.4,3.9,6.87667520217992,47.1466460466948,"Pasture","Sequanian"
4.4,3.95,6.8766668145951,47.1470945737485,"Pasture","Sequanian"
4.4,4,6.87665842686943,47.1475431007543,"Meadow","Sequanian"
4.4,4.05,6.87665003900292,47.1479916277122,"Meadow","Sequanian"
4.4,4.1,6.87664165099555,47.1484401546222,"Meadow","Sequanian"
4.45,0.8,6.87785011900025,47.1188419105179,"Pasture","Kimmeridgian"
4.45,0.85,6.87784174563034,47.1192904405342,"Meadow","Kimmeridgian"
4.45,0.9,6.87783337211991,47.1197389705042,"Meadow","Kimmeridgian"
4.45,0.95,6.87782499846896,47.120187500428,"Meadow","Quaternary"
4.45,1,6.8778166246775,47.1206360303056,"Meadow","Quaternary"
4.45,1.05,6.8778082507455,47.1210845601369,"Meadow","Quaternary"
4.45,1.1,6.87779987667298,47.1215330899219,"Meadow","Quaternary"
4.45,1.15,6.87779150245993,47.1219816196606,"Meadow","Quaternary"
4.45,1.2,6.87778312810633,47.1224301493529,"Meadow","Quaternary"
4.45,1.25,6.8777747536122,47.1228786789989,"Meadow","Quaternary"
4.45,1.3,6.87776637897752,47.1233272085985,"Meadow","Quaternary"
4.45,1.35,6.87775800420229,47.1237757381516,"Meadow","Quaternary"
4.45,1.4,6.87774962928651,47.1242242676584,"Meadow","Quaternary"
4.45,1.45,6.87774125423017,47.1246727971186,"Meadow","Quaternary"
4.45,1.5,6.87773287903328,47.1251213265323,"Meadow","Quaternary"
4.45,1.55,6.87772450369581,47.1255698558995,"Meadow","Quaternary"
4.45,1.6,6.87771612821778,47.12601838522,"Meadow","Portlandian"
4.45,1.65,6.87770775259918,47.126466914494,"Meadow","Portlandian"
4.45,1.7,6.87769937684,47.1269154437215,"Meadow","Quaternary"
4.45,1.75,6.87769100094025,47.1273639729022,"Meadow","Kimmeridgian"
4.45,1.8,6.87768262489991,47.1278125020362,"Meadow","Kimmeridgian"
4.45,1.85,6.87767424871898,47.1282610311236,"Meadow","Kimmeridgian"
4.45,1.9,6.87766587239746,47.1287095601643,"Meadow","Kimmeridgian"
4.45,1.95,6.87765749593535,47.1291580891581,"Pasture","Kimmeridgian"
4.45,2,6.87764911933264,47.1296066181052,"Pasture","Kimmeridgian"
4.45,2.05,6.87764074258932,47.1300551470055,"Pasture","Kimmeridgian"
4.45,2.1,6.87763236570541,47.130503675859,"Meadow","Kimmeridgian"
4.45,2.15,6.87762398868088,47.1309522046655,"Meadow","Kimmeridgian"
4.45,2.2,6.87761561151573,47.1314007334253,"Meadow","Kimmeridgian"
4.45,2.25,6.87760723420997,47.131849262138,"Meadow","Kimmeridgian"
4.45,2.3,6.87759885676359,47.1322977908038,"Forest","Kimmeridgian"
4.45,2.35,6.87759047917658,47.1327463194227,"Forest","Kimmeridgian"
4.45,2.4,6.87758210144894,47.1331948479945,"Forest","Portlandian"
4.45,2.45,6.87757372358067,47.1336433765193,"Forest","Portlandian"
4.45,2.5,6.87756534557176,47.1340919049971,"Forest","Portlandian"
4.45,2.55,6.87755696742221,47.1345404334277,"Forest","Portlandian"
4.45,2.6,6.87754858913202,47.1349889618113,"Forest","Portlandian"
4.45,2.65,6.87754021070118,47.1354374901477,"Forest","Kimmeridgian"
4.45,2.7,6.87753183212969,47.1358860184369,"Forest","Kimmeridgian"
4.45,2.75,6.87752345341754,47.136334546679,"Forest","Kimmeridgian"
4.45,2.8,6.87751507456473,47.1367830748738,"Forest","Kimmeridgian"
4.45,2.85,6.87750669557125,47.1372316030214,"Forest","Kimmeridgian"
4.45,2.9,6.87749831643711,47.1376801311217,"Pasture","Kimmeridgian"
4.45,2.95,6.8774899371623,47.1381286591747,"Pasture","Kimmeridgian"
4.45,3,6.87748155774682,47.1385771871804,"Pasture","Portlandian"
4.45,3.05,6.87747317819065,47.1390257151387,"Pasture","Portlandian"
4.45,3.1,6.8774647984938,47.1394742430496,"Meadow","Portlandian"
4.45,3.15,6.87745641865626,47.1399227709131,"Meadow","Portlandian"
4.45,3.2,6.87744803867804,47.1403712987292,"Meadow","Portlandian"
4.45,3.25,6.87743965855912,47.1408198264978,"Meadow","Kimmeridgian"
4.45,3.3,6.8774312782995,47.1412683542189,"Meadow","Kimmeridgian"
4.45,3.35,6.87742289789918,47.1417168818925,"Meadow","Kimmeridgian"
4.45,3.4,6.87741451735815,47.1421654095185,"Meadow","Kimmeridgian"
4.45,3.45,6.87740613667642,47.1426139370969,"Meadow","Kimmeridgian"
4.45,3.5,6.87739775585397,47.1430624646278,"Tillage","Kimmeridgian"
4.45,3.55,6.8773893748908,47.143510992111,"Tillage","Kimmeridgian"
4.45,3.6,6.87738099378691,47.1439595195466,"Tillage","Kimmeridgian"
4.45,3.65,6.8773726125423,47.1444080469345,"Pasture","Sequanian"
4.45,3.7,6.87736423115696,47.1448565742746,"Pasture","Sequanian"
4.45,3.75,6.87735584963088,47.145305101567,"Pasture","Sequanian"
4.45,3.8,6.87734746796407,47.1457536288116,"Pasture","Sequanian"
4.45,3.85,6.87733908615652,47.1462021560085,"Pasture","Sequanian"
4.45,3.9,6.87733070420822,47.1466506831575,"Pasture","Sequanian"
4.5,0.8,6.87850528058381,47.1188465403025,"Pasture","Kimmeridgian"
4.5,0.85,6.87849691270397,47.1192950703661,"Meadow","Kimmeridgian"
4.5,0.9,6.8784885446837,47.1197436003835,"Meadow","Kimmeridgian"
4.5,0.95,6.87848017652301,47.1201921303547,"Meadow","Kimmeridgian"
4.5,1,6.87847180822189,47.1206406602797,"Meadow","Quaternary"
4.5,1.05,6.87846343978033,47.1210891901584,"Meadow","Quaternary"
4.5,1.1,6.87845507119834,47.1215377199908,"Meadow","Quaternary"
4.5,1.15,6.8784467024759,47.1219862497769,"Meadow","Quaternary"
4.5,1.2,6.87843833361302,47.1224347795166,"Meadow","Quaternary"
4.5,1.25,6.87842996460969,47.12288330921,"Meadow","Kimmeridgian"
4.5,1.3,6.87842159546591,47.123331838857,"Meadow","Kimmeridgian"
4.5,1.35,6.87841322618167,47.1237803684575,"Meadow","Kimmeridgian"
4.5,1.4,6.87840485675697,47.1242288980116,"Meadow","Kimmeridgian"
4.5,1.45,6.87839648719181,47.1246774275192,"Meadow","Kimmeridgian"
4.5,1.5,6.87838811748618,47.1251259569803,"Meadow","Kimmeridgian"
4.5,1.55,6.87837974764007,47.1255744863949,"Meadow","Kimmeridgian"
4.5,1.6,6.8783713776535,47.1260230157628,"Meadow","Kimmeridgian"
4.5,1.65,6.87836300752644,47.1264715450842,"Meadow","Kimmeridgian"
4.5,1.7,6.87835463725889,47.126920074359,"Meadow","Kimmeridgian"
4.5,1.75,6.87834626685086,47.1273686035872,"Meadow","Kimmeridgian"
4.5,1.8,6.87833789630234,47.1278171327686,"Meadow","Portlandian"
4.5,1.85,6.87832952561333,47.1282656619034,"Meadow","Kimmeridgian"
4.5,1.9,6.87832115478381,47.1287141909915,"Meadow","Kimmeridgian"
4.5,1.95,6.87831278381379,47.1291627200327,"Meadow","Kimmeridgian"
4.5,2,6.87830441270327,47.1296112490272,"Meadow","Kimmeridgian"
4.5,2.05,6.87829604145223,47.1300597779749,"Meadow","Kimmeridgian"
4.5,2.1,6.87828767006069,47.1305083068758,"Meadow","Kimmeridgian"
4.5,2.15,6.87827929852862,47.1309568357297,"Meadow","Kimmeridgian"
4.5,2.2,6.87827092685603,47.1314053645369,"Meadow","Kimmeridgian"
4.5,2.25,6.87826255504292,47.131853893297,"Pasture","Kimmeridgian"
4.5,2.3,6.87825418308927,47.1323024220102,"Pasture","Kimmeridgian"
4.5,2.35,6.8782458109951,47.1327509506765,"Pasture","Kimmeridgian"
4.5,2.4,6.87823743876039,47.1331994792957,"Forest","Quaternary"
4.5,2.45,6.87822906638513,47.133648007868,"Forest","Quaternary"
4.5,2.5,6.87822069386933,47.1340965363931,"Forest","Portlandian"
4.5,2.55,6.87821232121299,47.1345450648712,"Forest","Portlandian"
4.5,2.6,6.87820394841609,47.1349935933022,"Forest","Portlandian"
4.5,2.65,6.87819557547863,47.135442121686,"Forest","Kimmeridgian"
4.5,2.7,6.87818720240062,47.1358906500226,"Forest","Kimmeridgian"
4.5,2.75,6.87817882918204,47.1363391783121,"Forest","Kimmeridgian"
4.5,2.8,6.87817045582289,47.1367877065544,"Forest","Kimmeridgian"
4.5,2.85,6.87816208232317,47.1372362347494,"Forest","Kimmeridgian"
4.5,2.9,6.87815370868288,47.137684762897,"Pasture","Kimmeridgian"
4.5,2.95,6.878145334902,47.1381332909975,"Pasture","Portlandian"
4.5,3,6.87813696098055,47.1385818190506,"Pasture","Portlandian"
4.5,3.05,6.87812858691851,47.1390303470563,"Pasture","Portlandian"
4.5,3.1,6.87812021271587,47.1394788750147,"Pasture","Portlandian"
4.5,3.15,6.87811183837265,47.1399274029255,"Meadow","Portlandian"
4.5,3.2,6.87810346388882,47.140375930789,"Meadow","Portlandian"
4.5,3.25,6.87809508926439,47.140824458605,"Meadow","Portlandian"
4.5,3.3,6.87808671449936,47.1412729863736,"Meadow","Portlandian"
4.5,3.35,6.87807833959371,47.1417215140946,"Meadow","Portlandian"
4.5,3.4,6.87806996454745,47.142170041768,"Meadow","Kimmeridgian"
4.5,3.45,6.87806158936058,47.1426185693939,"Meadow","Kimmeridgian"
4.5,3.5,6.87805321403309,47.1430670969722,"Tillage","Kimmeridgian"
4.5,3.55,6.87804483856496,47.1435156245028,"Tillage","Kimmeridgian"
4.5,3.6,6.87803646295621,47.1439641519858,"Pasture","Kimmeridgian"
4.5,3.65,6.87802808720683,47.1444126794211,"Pasture","Sequanian"
4.5,3.7,6.87801971131681,47.1448612068087,"Pasture","Sequanian"
4.5,3.75,6.87801133528615,47.1453097341485,"Pasture","Sequanian"
4.5,3.8,6.87800295911485,47.1457582614406,"Pasture","Sequanian"
4.5,3.85,6.8779945828029,47.1462067886848,"Pasture","Sequanian"
4.5,3.9,6.87798620635029,47.1466553158813,"Pasture","Sequanian"
4.55,0.85,6.87915207989107,47.119299696461,"Pasture","Kimmeridgian"
4.55,0.9,6.87914371736097,47.1197482265257,"Pasture","Kimmeridgian"
4.55,0.95,6.87913535469053,47.1201967565443,"Pasture","Kimmeridgian"
4.55,1,6.87912699187976,47.1206452865166,"Meadow","Kimmeridgian"
4.55,1.05,6.87911862892864,47.1210938164426,"Meadow","Kimmeridgian"
4.55,1.1,6.87911026583718,47.1215423463224,"Meadow","Kimmeridgian"
4.55,1.15,6.87910190260537,47.1219908761559,"Meadow","Kimmeridgian"
4.55,1.2,6.8790935392332,47.122439405943,"Meadow","Kimmeridgian"
4.55,1.25,6.87908517572069,47.1228879356837,"Meadow","Kimmeridgian"
4.55,1.3,6.8790768120678,47.1233364653781,"Meadow","Kimmeridgian"
4.55,1.35,6.87906844827456,47.1237849950259,"Meadow","Kimmeridgian"
4.55,1.4,6.87906008434094,47.1242335246274,"Meadow","Kimmeridgian"
4.55,1.45,6.87905172026695,47.1246820541824,"Meadow","Kimmeridgian"
4.55,1.5,6.87904335605259,47.1251305836909,"Meadow","Kimmeridgian"
4.55,1.55,6.87903499169785,47.1255791131528,"Meadow","Kimmeridgian"
4.55,1.6,6.87902662720272,47.1260276425681,"Meadow","Kimmeridgian"
4.55,1.65,6.87901826256721,47.1264761719369,"Meadow","Kimmeridgian"
4.55,1.7,6.8790098977913,47.126924701259,"Pasture","Quaternary"
4.55,1.75,6.879001532875,47.1273732305346,"Pasture","Quaternary"
4.55,1.8,6.8789931678183,47.1278217597634,"Meadow","Kimmeridgian"
4.55,2.25,6.87891787598943,47.1318585207181,"Pasture","Kimmeridgian"
4.55,2.3,6.87890950952853,47.1323070494787,"Pasture","Kimmeridgian"
4.55,2.35,6.87890114292719,47.1327555781923,"Pasture","Kimmeridgian"
4.55,2.4,6.8788927761854,47.133204106859,"Forest","Kimmeridgian"
4.55,2.45,6.87888440930317,47.1336526354785,"Forest","Kimmeridgian"
4.55,2.5,6.87887604228049,47.1341011640511,"Forest","Kimmeridgian"
4.55,2.55,6.87886767511734,47.1345496925765,"Forest","Kimmeridgian"
4.55,2.6,6.87885930781374,47.1349982210549,"Forest","Kimmeridgian"
4.55,2.65,6.87885094036967,47.1354467494861,"Forest","Kimmeridgian"
4.55,2.7,6.87884257278514,47.1358952778701,"Forest","Kimmeridgian"
4.55,2.95,6.87880073275532,47.1381379190819,"Forest","Portlandian"
4.55,3,6.8787923643279,47.1385864471824,"Forest","Portlandian"
4.55,3.05,6.87878399575998,47.1390349752355,"Forest","Portlandian"
4.55,3.1,6.87877562705157,47.1394835032412,"Forest","Portlandian"
4.55,3.15,6.87876725820265,47.1399320311995,"Pasture","Portlandian"
4.55,3.2,6.87875888921323,47.1403805591104,"Pasture","Portlandian"
4.55,3.25,6.87875052008329,47.1408290869738,"Forest","Portlandian"
4.55,3.3,6.87874215081285,47.1412776147897,"Forest","Portlandian"
4.55,3.35,6.87873378140188,47.1417261425581,"Forest","Portlandian"
4.55,3.4,6.8787254118504,47.1421746702789,"Tillage","Portlandian"
4.55,3.45,6.87871704215839,47.1426231979522,"Tillage","Portlandian"
4.55,3.5,6.87870867232585,47.1430717255779,"Tillage","Kimmeridgian"
4.55,3.55,6.87870030235278,47.1435202531559,"Tillage","Kimmeridgian"
4.55,3.6,6.87869193223917,47.1439687806863,"Tillage","Kimmeridgian"
4.55,3.65,6.87868356198502,47.144417308169,"Tillage","Kimmeridgian"
4.55,3.7,6.87867519159033,47.1448658356039,"Tillage","Kimmeridgian"
4.6,0.9,6.87979889015162,47.1197528489309,"Pasture","Kimmeridgian"
4.6,0.95,6.87979053297144,47.1202013789968,"Pasture","Kimmeridgian"
4.6,1,6.87978217565102,47.1206499090164,"Meadow","Kimmeridgian"
4.6,1.05,6.87977381819034,47.1210984389898,"Meadow","Kimmeridgian"
4.6,1.1,6.87976546058942,47.1215469689169,"Meadow","Kimmeridgian"
4.6,1.15,6.87975710284824,47.1219954987977,"Meadow","Kimmeridgian"
4.6,1.2,6.87974874496679,47.1224440286321,"Meadow","Kimmeridgian"
4.6,1.25,6.87974038694508,47.1228925584201,"Meadow","Kimmeridgian"
4.6,1.3,6.8797320287831,47.1233410881618,"Meadow","Kimmeridgian"
4.6,1.35,6.87972367048086,47.1237896178571,"Meadow","Kimmeridgian"
4.6,1.4,6.87971531203833,47.1242381475059,"Meadow","Kimmeridgian"
4.6,1.45,6.87970695345552,47.1246866771082,"Meadow","Kimmeridgian"
4.6,1.5,6.87969859473243,47.1251352066639,"Meadow","Kimmeridgian"
4.6,1.55,6.87969023586905,47.1255837361732,"Meadow","Kimmeridgian"
4.6,1.6,6.87968187686538,47.1260322656359,"Meadow","Kimmeridgian"
4.6,1.65,6.87967351772142,47.126480795052,"Meadow","Kimmeridgian"
4.6,1.7,6.87966515843715,47.1269293244215,"Pasture","Quaternary"
4.6,1.75,6.87965679901259,47.1273778537443,"Pasture","Quaternary"
4.6,1.8,6.87964843944771,47.1278263830205,"Meadow","Kimmeridgian"
4.6,2.3,6.87956483608126,47.1323116732092,"Pasture","Kimmeridgian"
4.6,2.35,6.87955647497276,47.1327602019702,"Pasture","Kimmeridgian"
4.6,2.4,6.8795481137239,47.1332087306842,"Forest","Kimmeridgian"
4.6,2.45,6.8795397523347,47.1336572593511,"Forest","Kimmeridgian"
4.6,2.5,6.87953139080513,47.134105787971,"Forest","Kimmeridgian"
4.6,2.55,6.87952302913519,47.1345543165438,"Forest","Kimmeridgian"
4.6,2.6,6.87951466732489,47.1350028450695,"Forest","Kimmeridgian"
4.6,2.65,6.87950630537422,47.135451373548,"Forest","Kimmeridgian"
4.6,2.7,6.87949794328317,47.1358999019794,"Forest","Kimmeridgian"
4.6,3,6.87944776778877,47.1385910715758,"Forest","Portlandian"
4.6,3.05,6.87943940471498,47.1390395996762,"Forest","Portlandian"
4.6,3.1,6.87943104150079,47.1394881277293,"Forest","Portlandian"
4.6,3.15,6.87942267814619,47.139936655735,"Pasture","Portlandian"
4.6,3.2,6.87941431465117,47.1403851836932,"Pasture","Portlandian"
4.6,3.25,6.87940595101574,47.140833711604,"Forest","Portlandian"
4.6,3.3,6.87939758723989,47.1412822394672,"Forest","Portlandian"
4.6,3.35,6.8793892233236,47.141730767283,"Forest","Portlandian"
4.6,3.4,6.87938085926689,47.1421792950512,"Tillage","Portlandian"
4.6,3.45,6.87937249506975,47.1426278227718,"Tillage","Portlandian"
4.6,3.5,6.87936413073217,47.1430763504448,"Tillage","Kimmeridgian"
4.6,3.55,6.87935576625416,47.1435248780702,"Tillage","Kimmeridgian"
4.6,3.6,6.87934740163569,47.143973405648,"Tillage","Kimmeridgian"
4.6,3.65,6.87933903687678,47.144421933178,"Tillage","Kimmeridgian"
4.6,3.7,6.87933067197742,47.1448704606604,"Tillage","Kimmeridgian"
4.65,0.95,6.88044571136564,47.1202059977121,"Meadow","Kimmeridgian"
4.65,1,6.88043735953557,47.1206545277791,"Meadow","Kimmeridgian"
4.65,1.05,6.88042900756535,47.1211030577998,"Meadow","Kimmeridgian"
4.65,1.1,6.88042065545496,47.1215515877741,"Pasture","Kimmeridgian"
4.65,1.15,6.88041230320441,47.1220001177022,"Pasture","Kimmeridgian"
4.65,1.2,6.88040395081368,47.1224486475839,"Meadow","Kimmeridgian"
4.65,1.25,6.88039559828279,47.1228971774193,"Meadow","Kimmeridgian"
4.65,1.3,6.88038724561172,47.1233457072083,"Meadow","Kimmeridgian"
4.65,1.35,6.88037889280047,47.1237942369508,"Meadow","Kimmeridgian"
4.65,1.4,6.88037053984904,47.1242427666469,"Meadow","Kimmeridgian"
4.65,1.45,6.88036218675741,47.1246912962965,"Meadow","Kimmeridgian"
4.65,1.5,6.8803538335256,47.1251398258996,"Meadow","Kimmeridgian"
4.65,1.55,6.88034548015359,47.1255883554561,"Meadow","Kimmeridgian"
4.65,1.6,6.88033712664138,47.1260368849661,"Pasture","Kimmeridgian"
4.65,1.65,6.88032877298897,47.1264854144295,"Pasture","Kimmeridgian"
4.65,1.7,6.88032041919635,47.1269339438463,"Pasture","Kimmeridgian"
4.65,1.75,6.88031206526352,47.1273824732165,"Pasture","Kimmeridgian"
4.65,1.8,6.88030371119047,47.12783100254,"Meadow","Kimmeridgian"
4.65,3,6.88010317136307,47.1385956922307,"Forest","Portlandian"
4.65,3.05,6.88009481378342,47.1390442203786,"Forest","Portlandian"
4.65,3.1,6.88008645606345,47.139492748479,"Forest","Portlandian"
4.65,3.15,6.88007809820317,47.1399412765319,"Pasture","Portlandian"
4.65,3.2,6.88006974020256,47.1403898045375,"Pasture","Portlandian"
4.65,3.25,6.88006138206163,47.1408383324956,"Pasture","Portlandian"
4.65,3.3,6.88005302378037,47.1412868604062,"Pasture","Portlandian"
4.65,3.35,6.88004466535878,47.1417353882693,"Pasture","Portlandian"
4.65,3.4,6.88003630679685,47.1421839160848,"Tillage","Portlandian"
4.65,3.45,6.88002794809458,47.1426324438528,"Tillage","Portlandian"
4.65,3.5,6.88001958925196,47.1430809715731,"Tillage","Kimmeridgian"
4.7,1,6.88109254353334,47.1206591428046,"Meadow","Kimmeridgian"
4.7,1.05,6.88108419705356,47.1211076728725,"Meadow","Kimmeridgian"
4.7,1.1,6.88107585043372,47.1215562028942,"Pasture","Kimmeridgian"
4.7,1.15,6.8810675036738,47.1220047328695,"Pasture","Kimmeridgian"
4.7,1.2,6.8810591567738,47.1224532627985,"Meadow","Kimmeridgian"
4.7,1.25,6.88105080973373,47.1229017926811,"Meadow","Kimmeridgian"
4.7,1.3,6.88104246255357,47.1233503225174,"Meadow","Kimmeridgian"
4.7,1.35,6.88103411523332,47.1237988523071,"Meadow","Kimmeridgian"
4.7,1.4,6.88102576777298,47.1242473820505,"Meadow","Kimmeridgian"
4.7,1.45,6.88101742017254,47.1246959117474,"Meadow","Kimmeridgian"
4.7,1.5,6.88100907243201,47.1251444413978,"Meadow","Kimmeridgian"
4.7,1.55,6.88100072455137,47.1255929710016,"Meadow","Kimmeridgian"
4.7,1.6,6.88099237653062,47.1260415005589,"Pasture","Kimmeridgian"
4.7,1.65,6.88098402836977,47.1264900300696,"Pasture","Kimmeridgian"
4.7,1.7,6.8809756800688,47.1269385595336,"Pasture","Kimmeridgian"
4.7,1.75,6.8809673316277,47.127387088951,"Pasture","Kimmeridgian"
4.7,1.8,6.88095898304649,47.1278356183218,"Meadow","Kimmeridgian"
4.7,3,6.88075857505071,47.1386003091474,"Forest","Portlandian"
4.7,3.05,6.8807502229652,47.1390488373425,"Forest","Portlandian"
4.7,3.1,6.88074187073946,47.1394973654902,"Forest","Portlandian"
4.7,3.15,6.8807335183735,47.1399458935904,"Pasture","Portlandian"
4.7,3.2,6.88072516586731,47.1403944216433,"Pasture","Portlandian"
4.7,3.25,6.88071681322088,47.1408429496487,"Pasture","Portlandian"
4.7,3.3,6.88070846043422,47.1412914776066,"Pasture","Portlandian"
4.7,3.35,6.88070010750732,47.141740005517,"Pasture","Portlandian"
4.7,3.4,6.88069175444017,47.1421885333798,"Tillage","Portlandian"
4.7,3.45,6.88068340123277,47.142637061195,"Tillage","Portlandian"
4.7,3.5,6.88067504788512,47.1430855889627,"Tillage","Kimmeridgian"
4.75,1,6.88174772764421,47.1206637540929,"Pasture","Kimmeridgian"
4.75,1.05,6.88173938665489,47.1211122842081,"Pasture","Kimmeridgian"
4.75,1.1,6.88173104552559,47.121560814277,"Pasture","Kimmeridgian"
4.75,1.15,6.88172270425631,47.1220093442996,"Pasture","Kimmeridgian"
4.75,1.2,6.88171436284704,47.1224578742758,"Pasture","Kimmeridgian"
4.75,1.25,6.88170602129779,47.1229064042057,"Meadow","Kimmeridgian"
4.75,1.3,6.88169767960854,47.1233549340891,"Meadow","Kimmeridgian"
4.75,1.35,6.8816893377793,47.1238034639262,"Meadow","Kimmeridgian"
4.75,1.4,6.88168099581006,47.1242519937168,"Meadow","Kimmeridgian"
4.75,1.45,6.88167265370081,47.1247005234609,"Meadow","Kimmeridgian"
4.75,1.5,6.88166431145156,47.1251490531585,"Meadow","Kimmeridgian"
4.75,1.55,6.8816559690623,47.1255975828095,"Meadow","Kimmeridgian"
4.75,1.6,6.88164762653302,47.126046112414,"Pasture","Kimmeridgian"
4.75,1.65,6.88163928386372,47.126494641972,"Pasture","Kimmeridgian"
4.75,1.7,6.8816309410544,47.1269431714833,"Meadow","Kimmeridgian"
4.75,3.05,6.88140563226023,47.1390534505679,"Forest","Portlandian"
4.75,3.1,6.88139728552872,47.1395019787629,"Forest","Portlandian"
4.75,3.15,6.88138893865708,47.1399505069105,"Pasture","Portlandian"
4.75,3.2,6.88138059164531,47.1403990350106,"Pasture","Portlandian"
4.75,3.25,6.88137224449339,47.1408475630632,"Tillage","Portlandian"
4.75,3.3,6.88136389720133,47.1412960910684,"Tillage","Portlandian"
4.8,1,6.88240291186811,47.1206683616441,"Pasture","Kimmeridgian"
4.8,1.05,6.88239457636924,47.1211168918065,"Pasture","Kimmeridgian"
4.8,1.1,6.88238624073049,47.1215654219226,"Pasture","Kimmeridgian"
4.8,1.15,6.88237790495185,47.1220139519923,"Pasture","Kimmeridgian"
4.8,1.2,6.88236956903332,47.1224624820158,"Pasture","Kimmeridgian"
4.8,1.25,6.88236123297489,47.1229110119929,"Pasture","Kimmeridgian"
4.8,1.3,6.88235289677656,47.1233595419235,"Pasture","Kimmeridgian"
4.8,1.35,6.88234456043833,47.1238080718077,"Meadow","Kimmeridgian"
4.8,1.4,6.88233622396019,47.1242566016456,"Meadow","Kimmeridgian"
4.8,1.45,6.88232788734214,47.1247051314369,"Meadow","Kimmeridgian"
4.8,1.5,6.88231955058418,47.1251536611817,"Meadow","Kimmeridgian"
4.8,1.55,6.88231121368629,47.12560219088,"Meadow","Kimmeridgian"
4.8,1.6,6.88230287664848,47.1260507205317,"Meadow","Kimmeridgian"
4.8,1.65,6.88229453947074,47.1264992501369,"Meadow","Kimmeridgian"
4.8,1.7,6.88228620215308,47.1269477796954,"Meadow","Kimmeridgian"
4.8,3.1,6.88205270043115,47.1395065882972,"Forest","Portlandian"
4.8,3.15,6.88204435905384,47.139955116492,"Forest","Portlandian"
4.8,3.2,6.88203601753648,47.1404036446393,"Forest","Portlandian"
4.8,3.25,6.88202767587908,47.1408521727392,"Tillage","Portlandian"
4.8,3.3,6.88201933408162,47.1413007007916,"Tillage","Portlandian"
4.85,1.05,6.88304976619653,47.1211214956677,"Pasture","Kimmeridgian"
4.85,1.1,6.88304143604833,47.121570025831,"Pasture","Kimmeridgian"
4.85,1.15,6.88303310576034,47.1220185559479,"Pasture","Kimmeridgian"
4.85,1.2,6.88302477533254,47.1224670860185,"Pasture","Kimmeridgian"
4.85,1.25,6.88301644476494,47.1229156160428,"Pasture","Kimmeridgian"
4.85,1.3,6.88300811405754,47.1233641460206,"Pasture","Kimmeridgian"
4.85,1.35,6.88299978321032,47.123812675952,"Meadow","Kimmeridgian"
4.85,1.4,6.88299145222328,47.124261205837,"Meadow","Kimmeridgian"
4.85,1.45,6.88298312109643,47.1247097356755,"Meadow","Kimmeridgian"
4.85,1.5,6.88297478982975,47.1251582654675,"Meadow","Kimmeridgian"
4.85,1.55,6.88296645842324,47.1256067952129,"Meadow","Kimmeridgian"
4.85,1.6,6.88295812687691,47.1260553249119,"Meadow","Kimmeridgian"
4.85,1.65,6.88294979519074,47.1265038545642,"Meadow","Kimmeridgian"
4.85,1.7,6.88294146336473,47.1269523841699,"Meadow","Kimmeridgian"
4.9,1.1,6.88369663147902,47.1215746260021,"Meadow","Kimmeridgian"
4.9,1.15,6.88368830668167,47.1220231561662,"Meadow","Kimmeridgian"
4.9,1.2,6.88367998174462,47.122471686284,"Meadow","Kimmeridgian"
4.9,1.25,6.88367165666785,47.1229202163553,"Pasture","Kimmeridgian"
4.9,1.3,6.88366333145137,47.1233687463803,"Pasture","Kimmeridgian"
4.9,1.35,6.88365500609516,47.1238172763589,"Pasture","Kimmeridgian"
4.9,1.4,6.88364668059924,47.124265806291,"Pasture","Kimmeridgian"
4.9,1.45,6.88363835496358,47.1247143361767,"Pasture","Kimmeridgian"
4.9,1.5,6.8836300291882,47.1251628660158,"Pasture","Kimmeridgian"
4.9,1.55,6.88362170327308,47.1256113958084,"Pasture","Kimmeridgian"
4.9,1.6,6.88361337721822,47.1260599255545,"Pasture","Kimmeridgian"
4.9,1.65,6.88360505102362,47.1265084552539,"Pasture","Kimmeridgian"
4.9,1.7,6.88359672468927,47.1269569849067,"Meadow","Kimmeridgian"
4.95,1.1,6.88435182702246,47.1215792224361,"Meadow","Kimmeridgian"
4.95,1.15,6.88434350771577,47.1220277526473,"Meadow","Kimmeridgian"
4.95,1.2,6.88433518826946,47.1224762828121,"Meadow","Kimmeridgian"
4.95,1.25,6.88432686868352,47.1229248129306,"Pasture","Kimmeridgian"
4.95,1.3,6.88431854895797,47.1233733430027,"Pasture","Kimmeridgian"
4.95,1.35,6.88431022909278,47.1238218730284,"Pasture","Kimmeridgian"
4.95,1.4,6.88430190908797,47.1242704030077,"Pasture","Kimmeridgian"
4.95,1.45,6.88429358894352,47.1247189329404,"Pasture","Kimmeridgian"
4.95,1.5,6.88428526865943,47.1251674628266,"Pasture","Kimmeridgian"
4.95,1.55,6.8842769482357,47.1256159926664,"Pasture","Kimmeridgian"
4.95,1.6,6.88426862767232,47.1260645224596,"Pasture","Kimmeridgian"
5,1.1,6.88500702267857,47.1215838151328,"Meadow","Kimmeridgian"
5,1.15,6.88499870886253,47.1220323453911,"Meadow","Kimmeridgian"
5,1.2,6.88499039490696,47.122480875603,"Meadow","Kimmeridgian"
5,1.25,6.88498208081186,47.1229294057686,"Meadow","Kimmeridgian"
5,1.3,6.88497376657724,47.1233779358878,"Meadow","Kimmeridgian"
5,1.35,6.88496545220308,47.1238264659605,"Pasture","Kimmeridgian"
5,1.4,6.88495713768938,47.1242749959869,"Pasture","Kimmeridgian"
5,1.45,6.88494882303613,47.1247235259667,"Pasture","Kimmeridgian"
5,1.5,6.88494050824334,47.1251720559,"Pasture","Kimmeridgian"
5,1.55,6.884932193311,47.1256205857868,"Pasture","Kimmeridgian"
5,1.6,6.88492387823911,47.1260691156271,"Pasture","Kimmeridgian"
5.05,1.15,6.88565391012186,47.1220369343976,"Meadow","Kimmeridgian"
5.05,1.2,6.88564560165704,47.1224854646566,"Meadow","Kimmeridgian"
5.05,1.25,6.88563729305279,47.1229339948692,"Meadow","Kimmeridgian"
5.05,1.3,6.8856289843091,47.1233825250355,"Meadow","Kimmeridgian"
5.05,1.35,6.88562067542596,47.1238310551553,"Pasture","Kimmeridgian"
5.05,1.4,6.88561236640338,47.1242795852286,"Pasture","Kimmeridgian"
5.05,1.45,6.88560405724135,47.1247281152556,"Pasture","Kimmeridgian"
5.05,1.5,6.88559574793986,47.1251766452359,"Pasture","Kimmeridgian"
5.1,1.2,6.88630080851961,47.1224900499729,"Meadow","Kimmeridgian"
5.1,1.25,6.8862925054062,47.1229385802325,"Meadow","Kimmeridgian"
5.1,1.3,6.88628420215345,47.1233871104458,"Meadow","Kimmeridgian"
5.1,1.35,6.88627589876135,47.1238356406126,"Pasture","Kimmeridgian"
5.1,1.4,6.88626759522989,47.124284170733,"Pasture","Kimmeridgian"
5.1,1.45,6.88625929155907,47.124732700807,"Pasture","Kimmeridgian"
5.1,1.5,6.88625098774888,47.1251812308344,"Pasture","Kimmeridgian"
