Xloc,Yloc,OK,FDK
0.3000,1.7000,1.1833,1.2742
0.3500,1.7000,1.1733,1.2681
0.3500,1.7500,1.4716,1.6294
0.4000,1.7000,1.1577,1.2581
0.4000,1.7500,1.4527,1.6165
0.4000,1.8000,1.4639,1.6247
0.4000,1.8500,1.4750,1.6326
0.4000,1.9000,1.4847,1.6393
0.4000,2.1000,1.5040,1.6517
0.4000,2.1500,1.5055,1.6524
0.4000,2.2000,1.5063,1.6527
0.4000,2.4000,1.4074,1.5840
0.4000,2.4500,1.4734,1.6652
0.4000,2.5000,1.4734,1.6652
0.4000,2.5500,1.4734,1.6653
0.4000,2.6000,1.5160,1.6637
0.4000,2.6500,1.5160,1.6637
0.4000,2.7000,1.5160,1.6637
0.4500,1.7000,1.1332,1.2415
0.4500,1.7500,1.4251,1.5969
0.4500,1.8000,1.4447,1.6118
0.4500,1.8500,1.4629,1.6251
0.4500,1.9000,1.4776,1.6355
0.4500,1.9500,1.4886,1.6429
0.4500,2.1000,1.5040,1.6523
0.4500,2.1500,1.5056,1.6529
0.4500,2.2000,1.4785,1.6553
0.4500,2.2500,1.4086,1.5844
0.4500,2.4000,1.4075,1.5840
0.4500,2.4500,1.4734,1.6651
0.4500,2.5000,1.4733,1.6652
0.4500,2.5500,1.5159,1.6637
0.4500,2.6000,1.5159,1.6636
0.4500,2.6500,1.5160,1.6636
0.4500,2.7000,1.5160,1.6636
0.5000,1.7000,1.0957,1.2137
0.5000,1.7500,1.3868,1.5682
0.5000,1.8000,1.4207,1.5953
0.5000,1.8500,1.4491,1.6167
0.5000,1.9000,1.4704,1.6320
0.5000,1.9500,1.4855,1.6422
0.5000,2.0000,1.4954,1.6485
0.5000,2.0500,1.5014,1.6520
0.5000,2.1000,1.5046,1.6534
0.5000,2.1500,1.3920,1.5309
0.5000,2.2000,1.4103,1.5850
0.5000,2.2500,1.4095,1.5847
0.5000,2.3000,1.4087,1.5844
0.5000,2.3500,1.4081,1.5842
0.5000,2.4000,1.4734,1.6649
0.5000,2.4500,1.4733,1.6650
0.5000,2.5000,1.4733,1.6650
0.5000,2.5500,1.5158,1.6636
0.5000,2.6000,1.5159,1.6635
0.5000,2.6500,1.5159,1.6635
0.5000,2.7000,1.5159,1.6636
0.5500,1.7000,1.0413,1.1688
0.5500,1.7500,1.3403,1.5313
0.5500,1.8000,1.3953,1.5777
0.5500,1.8500,1.4361,1.6094
0.5500,1.9000,1.4648,1.6301
0.5500,1.9500,1.4843,1.6432
0.5500,2.0000,1.4966,1.6508
0.5500,2.0500,1.5032,1.6543
0.5500,2.1000,1.5061,1.6553
0.5500,2.1500,1.4805,1.6551
0.5500,2.2000,1.4121,1.5855
0.5500,2.2500,1.4105,1.5849
0.5500,2.3000,1.4092,1.5844
0.5500,2.3500,1.4736,1.6646
0.5500,2.4000,1.4733,1.6647
0.5500,2.4500,1.4732,1.6648
0.5500,2.5000,1.5156,1.6635
0.5500,2.5500,1.5157,1.6634
0.5500,2.6000,1.5157,1.6634
0.5500,2.6500,1.5158,1.6634
0.5500,2.7000,1.5088,1.6702
0.6000,1.6000,1.0110,1.1779
0.6000,1.6500,1.1212,1.3813
0.6000,1.7000,1.2175,1.4836
0.6000,1.7500,1.3013,1.4994
0.6000,1.8000,1.3772,1.5657
0.6000,1.8500,1.4281,1.6058
0.6000,1.9000,1.4628,1.6308
0.6000,1.9500,1.4865,1.6462
0.6000,2.0000,1.5009,1.6546
0.6000,2.0500,1.5071,1.6576
0.6000,2.1000,1.4044,1.5386
0.6000,2.1500,1.4176,1.5873
0.6000,2.2000,1.4140,1.5860
0.6000,2.2500,1.4114,1.5850
0.6000,2.3000,1.4096,1.5843
0.6000,2.3500,1.4734,1.6641
0.6000,2.4000,1.4731,1.6643
0.6000,2.4500,1.5152,1.6633
0.6000,2.5000,1.5153,1.6631
0.6000,2.5500,1.5154,1.6631
0.6000,2.6000,1.5156,1.6631
0.6000,2.6500,1.5157,1.6632
0.6000,2.7000,1.5087,1.6701
0.6500,1.6000,1.0093,1.1780
0.6500,1.6500,1.1098,1.3734
0.6500,1.7000,1.2115,1.4811
0.6500,1.7500,1.2982,1.5000
0.6500,1.8000,1.3755,1.5668
0.6500,1.8500,1.4279,1.6075
0.6500,1.9000,1.4650,1.6337
0.6500,1.9500,1.4926,1.6503
0.6500,2.0000,1.5099,1.6587
0.6500,2.0500,1.5131,1.6607
0.6500,2.1000,1.4876,1.6546
0.6500,2.1500,1.4208,1.5880
0.6500,2.2000,1.4155,1.5861
0.6500,2.2500,1.4119,1.5848
0.6500,2.3000,1.4736,1.6633
0.6500,2.3500,1.4730,1.6635
0.6500,2.4000,1.4727,1.6637
0.6500,2.4500,1.5147,1.6626
0.6500,2.5000,1.5149,1.6625
0.6500,2.5500,1.5151,1.6626
0.6500,2.6000,1.5153,1.6628
0.6500,2.6500,1.5763,1.6628
0.6500,2.7000,1.5765,1.6629
0.7000,1.6000,1.0706,1.2338
0.7000,1.6500,1.2593,1.5282
0.7000,1.7000,1.2940,1.5572
0.7000,1.7500,1.3610,1.6072
0.7000,1.8000,1.3899,1.5795
0.7000,1.8500,1.4345,1.6129
0.7000,1.9000,1.4689,1.6362
0.7000,1.9500,1.4982,1.6517
0.7000,2.0000,1.5249,1.6574
0.7000,2.0500,1.4970,1.6514
0.7000,2.1000,1.4317,1.5906
0.7000,2.1500,1.4219,1.5877
0.7000,2.2000,1.4156,1.5855
0.7000,2.2500,1.4740,1.6621
0.7000,2.3000,1.4727,1.6622
0.7000,2.3500,1.4721,1.6624
0.7000,2.4000,1.5136,1.6616
0.7000,2.4500,1.5139,1.6615
0.7000,2.5000,1.5142,1.6616
0.7000,2.5500,1.5146,1.6619
0.7000,2.6000,1.5149,1.6622
0.7000,2.6500,1.5760,1.6627
0.7000,2.7000,1.5763,1.6628
0.7500,1.6000,1.1275,1.2769
0.7500,1.6500,1.3493,1.5992
0.7500,1.7000,1.3659,1.6104
0.7500,1.7500,1.4022,1.6331
0.7500,1.8000,1.4101,1.5950
0.7500,1.8500,1.4434,1.6184
0.7500,1.9000,1.4711,1.6363
0.7500,1.9500,1.4942,1.6489
0.7500,2.0000,1.5096,1.6558
0.7500,2.0500,1.4383,1.5903
0.7500,2.1000,1.4280,1.5884
0.7500,2.1500,1.4198,1.5860
0.7500,2.2000,1.4141,1.5839
0.7500,2.2500,1.4722,1.6603
0.7500,2.3000,1.4710,1.6604
0.7500,2.3500,1.4705,1.6607
0.7500,2.4000,1.5121,1.6594
0.7500,2.4500,1.5126,1.6596
0.7500,2.5000,1.5133,1.6602
0.7500,2.5500,1.5139,1.6608
0.7500,2.6000,1.5750,1.6624
0.7500,2.6500,1.5755,1.6626
0.7500,2.7000,1.5759,1.6627
0.7500,2.7500,1.5763,1.6628
0.8000,1.5000,1.1955,1.3148
0.8000,1.5500,1.1797,1.3072
0.8000,1.6000,1.1670,1.3009
0.8000,1.6500,1.3988,1.6269
0.8000,1.7000,1.4105,1.6346
0.8000,1.7500,1.4330,1.6475
0.8000,1.8000,1.4273,1.6065
0.8000,1.8500,1.4506,1.6220
0.8000,1.9000,1.4707,1.6345
0.8000,1.9500,1.4871,1.6439
0.8000,2.0000,1.4766,1.6432
0.8000,2.0500,1.4244,1.5847
0.8000,2.1000,1.4205,1.5845
0.8000,2.1500,1.4154,1.5829
0.8000,2.2000,1.4710,1.6575
0.8000,2.2500,1.4692,1.6574
0.8000,2.3000,1.4683,1.6575
0.8000,2.3500,1.5089,1.6557
0.8000,2.4000,1.5098,1.6560
0.8000,2.4500,1.5108,1.6569
0.8000,2.5000,1.5119,1.6581
0.8000,2.5500,1.5731,1.6619
0.8000,2.6000,1.5741,1.6622
0.8000,2.6500,1.5749,1.6624
0.8000,2.7000,1.5755,1.6626
0.8000,2.7500,1.5760,1.6627
0.8000,2.8000,1.6835,1.7892
0.8500,1.5000,1.2108,1.3206
0.8500,1.5500,1.1999,1.3150
0.8500,1.6000,1.2009,1.3180
0.8500,1.6500,1.4193,1.6279
0.8500,1.7000,1.4325,1.6387
0.8500,1.7500,1.4506,1.6508
0.8500,1.8000,1.3718,1.5322
0.8500,1.8500,1.4542,1.6227
0.8500,1.9000,1.4683,1.6313
0.8500,1.9500,1.4804,1.6383
0.8500,2.0000,1.4100,1.5761
0.8500,2.0500,1.4138,1.5794
0.8500,2.1000,1.4133,1.5802
0.8500,2.1500,1.4684,1.6540
0.8500,2.2000,1.4665,1.6534
0.8500,2.2500,1.4376,1.6268
0.8500,2.3000,1.4364,1.6263
0.8500,2.3500,1.5047,1.6492
0.8500,2.4000,1.5966,1.6977
0.8500,2.4500,1.5995,1.6991
0.8500,2.5000,1.6021,1.7003
0.8500,2.5500,1.5716,1.6615
0.8500,2.6000,1.5731,1.6619
0.8500,2.6500,1.5742,1.6622
0.8500,2.7000,1.5750,1.6624
0.8500,2.7500,1.5756,1.6626
0.8500,2.8000,1.6832,1.7890
0.8500,2.8500,1.6835,1.7891
0.9000,1.4000,1.2324,1.3044
0.9000,1.4500,1.2258,1.2998
0.9000,1.5000,1.2162,1.2928
0.9000,1.5500,1.2129,1.3145
0.9000,1.6000,1.2137,1.3154
0.9000,1.6500,1.4182,1.6086
0.9000,1.7000,1.4384,1.6295
0.9000,1.7500,1.4578,1.6460
0.9000,1.8000,1.3771,1.5262
0.9000,1.8500,1.3887,1.5320
0.9000,1.9000,1.4631,1.6260
0.9000,1.9500,1.4500,1.6261
0.9000,2.0000,1.4022,1.5705
0.9000,2.0500,1.4075,1.5752
0.9000,2.1000,1.4172,1.5935
0.9000,2.1500,1.4381,1.6250
0.9000,2.2000,1.4348,1.6217
0.9000,2.2500,1.4319,1.6190
0.9000,2.3000,1.5827,1.6912
0.9000,2.3500,1.5858,1.6929
0.9000,2.4000,1.5903,1.6951
0.9000,2.4500,1.5950,1.6973
0.9000,2.5000,1.5667,1.6601
0.9000,2.5500,1.5697,1.6610
0.9000,2.6000,1.5718,1.6616
0.9000,2.6500,1.5734,1.6620
0.9000,2.7000,1.5745,1.6622
0.9000,2.7500,1.5752,1.6624
0.9000,2.8000,1.6827,1.7887
0.9000,2.8500,1.6832,1.7889
0.9000,2.9000,1.6835,1.7891
0.9500,1.4000,1.2684,1.3536
0.9500,1.4500,1.2406,1.3052
0.9500,1.5000,1.2296,1.2947
0.9500,1.5500,1.2135,1.2855
0.9500,1.6000,1.2170,1.3001
0.9500,1.6500,1.1761,1.2682
0.9500,1.7000,1.4363,1.6142
0.9500,1.7500,1.4603,1.6381
0.9500,1.8000,1.3798,1.5186
0.9500,1.8500,1.3869,1.5214
0.9500,1.9000,1.4767,1.5331
0.9500,1.9500,1.5062,1.5752
0.9500,2.0000,1.4685,1.5347
0.9500,2.0500,1.4777,1.5491
0.9500,2.1000,1.5373,1.6258
0.9500,2.1500,1.5352,1.6314
0.9500,2.2000,1.5301,1.6333
0.9500,2.2500,1.5676,1.6838
0.9500,2.3000,1.5684,1.6844
0.9500,2.3500,1.5739,1.6873
0.9500,2.4000,1.5816,1.6912
0.9500,2.4500,1.5892,1.6948
0.9500,2.5000,1.5633,1.6591
0.9500,2.5500,1.5675,1.6604
0.9500,2.6000,1.5704,1.6612
0.9500,2.6500,1.5725,1.6616
0.9500,2.7000,1.5738,1.6619
0.9500,2.7500,1.6814,1.7881
0.9500,2.8000,1.6822,1.7884
0.9500,2.8500,1.6827,1.7886
0.9500,2.9000,1.6831,1.7888
0.9500,2.9500,1.6720,1.6428
1.0000,1.3000,1.4179,1.4195
1.0000,1.3500,1.4142,1.4131
1.0000,1.4000,1.2847,1.3593
1.0000,1.4500,1.2819,1.3508
1.0000,1.5000,1.2496,1.3021
1.0000,1.5500,1.2181,1.2772
1.0000,1.6000,1.2011,1.2675
1.0000,1.6500,1.1721,1.2365
1.0000,1.7000,1.3644,1.5201
1.0000,1.7500,1.3731,1.5038
1.0000,1.8000,1.6589,1.6589
1.0000,1.8500,1.6481,1.6481
1.0000,1.9000,1.5686,1.5686
1.0000,1.9500,1.4410,1.5005
1.0000,2.0000,1.4664,1.5322
1.0000,2.0500,1.4811,1.5541
1.0000,2.1000,1.5379,1.6313
1.0000,2.1500,1.5304,1.6351
1.0000,2.2000,1.5174,1.6332
1.0000,2.2500,1.5458,1.6712
1.0000,2.3000,1.5463,1.6713
1.0000,2.3500,1.5570,1.6779
1.0000,2.4000,1.5706,1.6856
1.0000,2.4500,1.5825,1.6917
1.0000,2.5000,1.5596,1.6580
1.0000,2.5500,1.5653,1.6597
1.0000,2.6000,1.5690,1.6607
1.0000,2.6500,1.5715,1.6612
1.0000,2.7000,1.5731,1.6616
1.0000,2.7500,1.6806,1.7876
1.0000,2.8000,1.6815,1.7880
1.0000,2.8500,1.6821,1.7882
1.0000,2.9000,1.6711,1.6425
1.0000,2.9500,1.6714,1.6426
1.0000,3.0000,1.6189,1.6604
1.0500,1.3000,1.4220,1.4214
1.0500,1.3500,1.4210,1.4161
1.0500,1.4000,1.4185,1.4080
1.0500,1.4500,1.4106,1.3954
1.0500,1.5000,1.3815,1.3696
1.0500,1.5500,1.2765,1.2775
1.0500,1.6000,1.2576,1.2656
1.0500,1.6500,1.2724,1.2574
1.0500,1.7000,1.4070,1.4300
1.0500,1.7500,1.4332,1.4548
1.0500,1.8000,1.5952,1.5952
1.0500,1.8500,1.5989,1.5989
1.0500,1.9000,1.4591,1.4591
1.0500,1.9500,1.4430,1.4975
1.0500,2.0000,1.4843,1.5475
1.0500,2.0500,1.5514,1.6343
1.0500,2.1000,1.5489,1.6444
1.0500,2.1500,1.5307,1.6420
1.0500,2.2000,1.5383,1.6659
1.0500,2.2500,1.5116,1.6451
1.0500,2.3000,1.5128,1.6463
1.0500,2.3500,1.5359,1.6639
1.0500,2.4000,1.5591,1.6790
1.0500,2.4500,1.5764,1.6885
1.0500,2.5000,1.5564,1.6569
1.0500,2.5500,1.5634,1.6590
1.0500,2.6000,1.5678,1.6601
1.0500,2.6500,1.5706,1.6608
1.0500,2.7000,1.5723,1.6611
1.0500,2.7500,1.6796,1.7870
1.0500,2.8000,1.6805,1.7873
1.0500,2.8500,1.6698,1.6421
1.0500,2.9000,1.8365,1.9079
1.0500,2.9500,1.6180,1.6601
1.0500,3.0000,1.6183,1.6601
1.0500,3.0500,1.6186,1.6602
1.1000,0.7000,1.1764,0.9662
1.1000,1.2000,1.4253,1.4292
1.1000,1.2500,1.4256,1.4274
1.1000,1.3000,1.4264,1.4246
1.1000,1.3500,1.4283,1.4210
1.1000,1.4000,1.4324,1.4166
1.1000,1.4500,1.4409,1.4138
1.1000,1.5000,1.4584,1.4225
1.1000,1.5500,1.3895,1.3749
1.1000,1.6000,1.3094,1.3098
1.1000,1.6500,1.2947,1.2772
1.1000,1.7000,1.4215,1.4445
1.1000,1.7500,1.4461,1.4669
1.1000,1.8000,1.6191,1.6191
1.1000,1.8500,1.5681,1.5681
1.1000,1.9000,1.5716,1.5716
1.1000,1.9500,1.5115,1.5631
1.1000,2.0000,1.5444,1.6039
1.1000,2.0500,1.5496,1.6186
1.1000,2.1000,1.5334,1.6163
1.1000,2.1500,1.5006,1.6025
1.1000,2.2000,1.5268,1.6543
1.1000,2.2500,1.4613,1.5935
1.1000,2.3000,1.4713,1.6063
1.1000,2.3500,1.5191,1.6506
1.1000,2.4000,1.5518,1.6742
1.1000,2.4500,1.5729,1.6865
1.1000,2.5000,1.5547,1.6561
1.1000,2.5500,1.5622,1.6584
1.1000,2.6000,1.5669,1.6596
1.1000,2.6500,1.5697,1.6602
1.1000,2.7000,1.6055,1.6947
1.1000,2.7500,1.6067,1.6951
1.1000,2.8000,1.7535,1.8195
1.1000,2.8500,1.7543,1.8196
1.1000,2.9000,1.7549,1.8198
1.1000,2.9500,1.7404,1.8817
1.1000,3.0000,1.7410,1.8819
1.1000,3.0500,1.7415,1.8820
1.1000,3.1000,1.2251,1.1955
1.1500,0.7000,1.1686,0.9792
1.1500,0.7500,1.1753,0.9690
1.1500,1.2000,1.4284,1.4322
1.1500,1.2500,1.4286,1.4306
1.1500,1.3000,1.4299,1.4288
1.1500,1.3500,1.4332,1.4269
1.1500,1.4000,1.4402,1.4253
1.1500,1.4500,1.4530,1.4261
1.1500,1.5000,1.4704,1.4326
1.1500,1.5500,1.4194,1.3836
1.1500,1.6000,1.3767,1.3656
1.1500,1.6500,1.3259,1.3031
1.1500,1.7000,1.4431,1.4658
1.1500,1.7500,1.4373,1.4373
1.1500,1.8000,1.6184,1.6184
1.1500,1.8500,1.6457,1.6457
1.1500,1.9000,1.6799,1.6799
1.1500,1.9500,1.6049,1.6489
1.1500,2.0000,1.6323,1.6799
1.1500,2.0500,1.6202,1.6765
1.1500,2.1000,1.5839,1.6554
1.1500,2.1500,1.6103,1.7129
1.1500,2.2000,1.5476,1.6672
1.1500,2.2500,1.4798,1.6077
1.1500,2.3000,1.4824,1.6147
1.1500,2.3500,1.5240,1.6535
1.1500,2.4000,1.5542,1.6753
1.1500,2.4500,1.5438,1.6520
1.1500,2.5000,1.5551,1.6560
1.1500,2.5500,1.5621,1.6580
1.1500,2.6000,1.6830,1.7390
1.1500,2.6500,1.6867,1.7395
1.1500,2.7000,1.7696,1.8331
1.1500,2.7500,1.7502,1.8181
1.1500,2.8000,1.7512,1.8182
1.1500,2.8500,1.7519,1.8183
1.1500,2.9000,1.7376,1.8806
1.1500,2.9500,1.7383,1.8808
1.1500,3.0000,1.7391,1.8810
1.1500,3.0500,1.5106,1.5375
1.1500,3.1000,1.2252,1.1951
1.1500,3.1500,1.2256,1.1952
1.2000,0.6000,1.0836,0.9356
1.2000,0.6500,1.1475,1.0150
1.2000,0.7000,1.1586,0.9960
1.2000,0.7500,1.1692,0.9784
1.2000,0.8000,0.8124,0.7721
1.2000,0.8500,0.8153,0.7773
1.2000,0.9000,0.9224,0.8259
1.2000,0.9500,1.0722,0.9540
1.2000,1.0000,1.0877,0.9645
1.2000,1.0500,1.1596,1.0616
1.2000,1.1000,1.2434,1.1445
1.2000,1.1500,1.3492,1.3087
1.2000,1.2000,1.3461,1.3195
1.2000,1.2500,1.4311,1.4343
1.2000,1.3000,1.4320,1.4334
1.2000,1.3500,1.4351,1.4333
1.2000,1.4000,1.4405,1.4337
1.2000,1.4500,1.4478,1.4343
1.2000,1.5000,1.4519,1.4335
1.2000,1.5500,1.4021,1.3788
1.2000,1.6000,1.3743,1.3607
1.2000,1.6500,1.3514,1.3460
1.2000,1.7000,1.2698,1.2389
1.2000,1.7500,1.6105,1.6105
1.2000,1.8000,1.6426,1.6426
1.2000,1.8500,1.6929,1.6929
1.2000,1.9000,1.6735,1.7159
1.2000,1.9500,1.7297,1.7583
1.2000,2.0000,1.7531,1.7799
1.2000,2.0500,1.7223,1.7601
1.2000,2.1000,1.7485,1.8235
1.2000,2.1500,1.6584,1.7448
1.2000,2.2000,1.5950,1.7016
1.2000,2.2500,1.5480,1.6682
1.2000,2.3000,1.5351,1.6603
1.2000,2.3500,1.5481,1.6706
1.2000,2.4000,1.4760,1.5796
1.2000,2.4500,1.4852,1.5821
1.2000,2.5000,1.4915,1.5832
1.2000,2.5500,1.6769,1.7376
1.2000,2.6000,1.6819,1.7385
1.2000,2.6500,1.6849,1.7387
1.2000,2.7000,1.7666,1.8316
1.2000,2.7500,1.7470,1.8163
1.2000,2.8000,1.7476,1.8163
1.2000,2.8500,1.7334,1.8789
1.2000,2.9000,1.7341,1.8792
1.2000,2.9500,1.7350,1.8795
1.2000,3.0000,1.7362,1.8797
1.2000,3.0500,1.2248,1.1943
1.2000,3.1000,1.2254,1.1944
1.2000,3.1500,1.2260,1.1947
1.2000,3.2000,1.2266,1.1949
1.2500,0.6000,1.0628,0.9917
1.2500,0.6500,1.0743,0.9634
1.2500,0.7000,1.1484,1.0129
1.2500,0.7500,1.1640,0.9862
1.2500,0.8000,0.8192,0.7767
1.2500,0.8500,0.8203,0.7812
1.2500,0.9000,0.8258,0.7885
1.2500,0.9500,0.9353,0.8378
1.2500,1.0000,1.0771,0.9704
1.2500,1.0500,1.1035,0.9909
1.2500,1.1000,1.2483,1.0601
1.2500,1.1500,1.3436,1.2006
1.2500,1.2000,1.3294,1.2129
1.2500,1.2500,1.3398,1.3369
1.2500,1.3000,1.4330,1.4381
1.2500,1.3500,1.4354,1.4401
1.2500,1.4000,1.4385,1.4429
1.2500,1.4500,1.4407,1.4452
1.2500,1.5000,1.4406,1.4452
1.2500,1.5500,1.3950,1.3931
1.2500,1.6000,1.3790,1.3777
1.2500,1.6500,1.3597,1.3607
1.2500,1.7000,1.3017,1.2990
1.2500,1.7500,1.6506,1.7107
1.2500,1.8000,1.6482,1.6482
1.2500,1.8500,1.7172,1.7172
1.2500,1.9000,1.7439,1.7710
1.2500,1.9500,1.9021,1.9120
1.2500,2.0000,1.9661,1.9744
1.2500,2.0500,1.9013,1.9304
1.2500,2.1000,1.7840,1.8360
1.2500,2.1500,1.7251,1.8012
1.2500,2.2000,1.6572,1.7550
1.2500,2.2500,1.5336,1.6278
1.2500,2.3000,1.5114,1.6131
1.2500,2.3500,1.5062,1.6086
1.2500,2.4000,1.4884,1.5844
1.2500,2.4500,1.4920,1.5841
1.2500,2.5000,1.6714,1.7364
1.2500,2.5500,1.6769,1.7376
1.2500,2.6000,1.6804,1.7379
1.2500,2.6500,1.7609,1.8287
1.2500,2.7000,1.7417,1.8141
1.2500,2.7500,1.7421,1.8137
1.2500,2.8000,1.7423,1.8134
1.2500,2.8500,1.7278,1.8768
1.2500,2.9000,1.7286,1.8771
1.2500,2.9500,1.5850,1.6284
1.2500,3.0000,1.2774,1.1931
1.2500,3.0500,1.2245,1.1930
1.2500,3.1000,1.2257,1.1934
1.2500,3.1500,1.2268,1.1938
1.2500,3.2000,1.1780,1.1409
1.3000,0.6000,1.0305,1.0778
1.3000,0.6500,1.0669,0.9888
1.3000,0.7000,1.0899,0.9337
1.3000,0.7500,1.1624,0.9885
1.3000,0.8000,0.8277,0.7838
1.3000,0.8500,0.8256,0.7860
1.3000,0.9000,0.8274,0.7903
1.3000,0.9500,0.8357,0.7997
1.3000,1.0000,0.9468,0.8495
1.3000,1.0500,1.0874,0.9796
1.3000,1.1000,1.1667,1.0470
1.3000,1.1500,1.1809,1.0532
1.3000,1.2000,1.2740,1.1055
1.3000,1.2500,1.3067,1.2423
1.3000,1.3000,1.3357,1.3638
1.3000,1.3500,1.3853,1.3996
1.3000,1.4000,1.3937,1.4125
1.3000,1.4500,1.4391,1.4581
1.3000,1.5000,1.4346,1.4590
1.3000,1.5500,1.4003,1.4178
1.3000,1.6000,1.3867,1.3975
1.3000,1.6500,1.3314,1.3350
1.3000,1.7000,1.3029,1.3042
1.3000,1.7500,1.6549,1.7471
1.3000,1.8000,1.6262,1.6913
1.3000,1.8500,1.6944,1.7397
1.3000,1.9000,1.8661,1.8921
1.3000,1.9500,2.1303,2.1369
1.3000,2.0000,2.2346,2.2279
1.3000,2.0500,2.0013,2.0164
1.3000,2.1000,1.8318,1.8729
1.3000,2.1500,1.7538,1.8206
1.3000,2.2000,1.6824,1.7708
1.3000,2.2500,1.5577,1.6400
1.3000,2.3000,1.5327,1.6231
1.3000,2.3500,1.5221,1.6150
1.3000,2.4000,1.4989,1.5875
1.3000,2.4500,1.6691,1.7358
1.3000,2.5000,1.6732,1.7369
1.3000,2.5500,1.6508,1.7083
1.3000,2.6000,1.6406,1.6941
1.3000,2.6500,1.6406,1.6922
1.3000,2.7000,1.7356,1.8109
1.3000,2.7500,1.7349,1.8098
1.3000,2.8000,1.7196,1.8734
1.3000,2.8500,1.7193,1.8735
1.3000,2.9000,1.5773,1.6264
1.3000,2.9500,1.3112,1.3449
1.3000,3.0000,1.2756,1.1903
1.3000,3.0500,1.2242,1.1909
1.3000,3.1000,1.2263,1.1918
1.3000,3.1500,1.1789,1.1390
1.3000,3.2000,1.1802,1.1402
1.3500,0.6000,1.0787,1.0004
1.3500,0.6500,1.0918,0.9712
1.3500,0.7000,1.0995,0.9257
1.3500,0.7500,1.1666,0.9839
1.3500,0.8000,1.1733,0.9659
1.3500,0.8500,0.8316,0.7924
1.3500,0.9000,0.8272,0.7913
1.3500,0.9500,0.8287,0.7946
1.3500,1.0000,0.8333,0.7997
1.3500,1.0500,1.0607,0.9610
1.3500,1.1000,1.1285,1.0171
1.3500,1.1500,1.1326,1.0237
1.3500,1.2000,1.1388,1.0331
1.3500,1.2500,1.1223,1.0443
1.3500,1.3000,1.2790,1.2740
1.3500,1.3500,1.3836,1.4050
1.3500,1.4000,1.3961,1.4241
1.3500,1.4500,1.4125,1.4469
1.3500,1.5000,1.3974,1.4332
1.3500,1.5500,1.3942,1.4222
1.3500,1.6000,1.3746,1.3911
1.3500,1.6500,1.3400,1.3492
1.3500,1.7000,1.6320,1.7258
1.3500,1.7500,1.6216,1.7268
1.3500,1.8000,1.5910,1.7050
1.3500,1.8500,1.6295,1.7113
1.3500,1.9000,1.7081,1.7081
1.3500,1.9500,1.8855,1.8855
1.3500,2.0000,2.1569,2.1613
1.3500,2.0500,1.9755,1.9948
1.3500,2.1000,1.8225,1.8626
1.3500,2.1500,1.7508,1.8163
1.3500,2.2000,1.6080,1.6694
1.3500,2.2500,1.5657,1.6401
1.3500,2.3000,1.5423,1.6246
1.3500,2.3500,1.5309,1.6167
1.3500,2.4000,1.6471,1.7071
1.3500,2.4500,1.6476,1.7082
1.3500,2.5000,1.6484,1.7088
1.3500,2.5500,1.6488,1.7086
1.3500,2.6000,1.6373,1.6940
1.3500,2.6500,1.7282,1.8078
1.3500,2.7000,1.7268,1.8063
1.3500,2.7500,1.7243,1.8041
1.3500,2.8000,1.5347,1.5733
1.3500,2.8500,1.3118,1.3227
1.3500,2.9000,1.3049,1.3400
1.3500,2.9500,1.2957,1.2931
1.3500,3.0000,1.2726,1.1858
1.3500,3.0500,1.2236,1.1879
1.3500,3.1000,1.1788,1.1351
1.3500,3.1500,1.1640,1.0180
1.3500,3.2000,1.1660,1.0197
1.3500,3.2500,0.9760,0.8613
1.4000,0.6000,1.1106,0.9483
1.4000,0.6500,1.1174,0.9380
1.4000,0.7000,1.1267,0.9212
1.4000,0.7500,1.1218,0.8973
1.4000,0.8000,1.1767,0.9617
1.4000,0.8500,0.8388,0.8008
1.4000,0.9000,0.8256,0.7915
1.4000,0.9500,0.8186,0.7871
1.4000,1.0000,0.8138,0.7837
1.4000,1.0500,0.7870,0.7870
1.4000,1.1000,1.0363,0.9429
1.4000,1.1500,1.0883,0.9953
1.4000,1.2000,1.1001,1.0093
1.4000,1.2500,1.0929,1.0302
1.4000,1.3000,1.1150,1.0688
1.4000,1.3500,1.1884,1.1716
1.4000,1.4000,1.3500,1.4257
1.4000,1.4500,1.4255,1.4622
1.4000,1.5000,1.4391,1.4732
1.4000,1.5500,1.4375,1.4661
1.4000,1.6000,1.3854,1.4062
1.4000,1.6500,1.3965,1.4025
1.4000,1.7000,1.6549,1.7496
1.4000,1.7500,1.6629,1.7857
1.4000,1.8000,1.5841,1.6779
1.4000,1.8500,1.4570,1.4855
1.4000,1.9000,1.6094,1.6094
1.4000,1.9500,1.7736,1.7736
1.4000,2.0000,1.8901,1.8901
1.4000,2.0500,1.8414,1.8748
1.4000,2.1000,1.7643,1.8094
1.4000,2.1500,1.7001,1.7627
1.4000,2.2000,1.6455,1.7216
1.4000,2.2500,1.5603,1.6300
1.4000,2.3000,1.6822,1.7374
1.4000,2.3500,1.6812,1.7403
1.4000,2.4000,1.6490,1.7068
1.4000,2.4500,1.6478,1.7089
1.4000,2.5000,1.6463,1.7098
1.4000,2.5500,1.6448,1.7092
1.4000,2.6000,1.6326,1.6957
1.4000,2.6500,1.7343,1.8106
1.4000,2.7000,1.7313,1.8081
1.4000,2.7500,1.5284,1.5729
1.4000,2.8000,1.3078,1.3209
1.4000,2.8500,1.2967,1.3338
1.4000,2.9000,1.2955,1.3313
1.4000,2.9500,1.2879,1.2825
1.4000,3.0000,1.2680,1.1790
1.4000,3.0500,1.1756,1.1274
1.4000,3.1000,1.1641,1.0148
1.4000,3.1500,1.1691,1.0184
1.4000,3.2000,1.1725,1.0211
1.4000,3.2500,0.9855,0.8663
1.4000,3.3000,0.9839,0.8657
1.4500,0.6000,1.1368,0.9217
1.4500,0.6500,1.1428,0.9208
1.4500,0.7000,1.1496,0.9194
1.4500,0.7500,1.1490,0.9122
1.4500,0.8000,1.1278,0.8840
1.4500,0.8500,0.8451,0.8091
1.4500,0.9000,0.8213,0.7897
1.4500,0.9500,0.8054,0.7772
1.4500,1.0000,0.7600,0.7600
1.4500,1.0500,0.7572,0.7572
1.4500,1.1000,0.7914,0.7641
1.4500,1.1500,1.0069,0.9154
1.4500,1.2000,1.0151,0.9185
1.4500,1.2500,1.0363,0.9403
1.4500,1.3000,1.0876,1.0494
1.4500,1.3500,1.1281,1.1095
1.4500,1.4000,1.2138,1.2279
1.4500,1.4500,1.3814,1.4626
1.4500,1.5000,1.4504,1.4902
1.4500,1.5500,1.4360,1.4674
1.4500,1.6000,1.3612,1.3800
1.4500,1.6500,1.2416,1.2073
1.4500,1.7000,1.5105,1.5544
1.4500,1.7500,1.6462,1.7321
1.4500,1.8000,1.5042,1.5304
1.4500,1.8500,1.4579,1.4579
1.4500,1.9000,1.5726,1.5726
1.4500,1.9500,1.6693,1.6693
1.4500,2.0000,1.7332,1.7332
1.4500,2.0500,1.7369,1.7369
1.4500,2.1000,1.6754,1.6754
1.4500,2.1500,1.6226,1.6745
1.4500,2.2000,1.6075,1.6802
1.4500,2.2500,1.6008,1.6853
1.4500,2.3000,1.6757,1.7297
1.4500,2.3500,1.6797,1.7377
1.4500,2.4000,1.6489,1.7068
1.4500,2.4500,1.6462,1.7100
1.4500,2.5000,1.6419,1.7108
1.4500,2.5500,1.6287,1.7012
1.4500,2.6000,1.6256,1.6966
1.4500,2.6500,1.7208,1.8034
1.4500,2.7000,1.7155,1.7995
1.4500,2.7500,1.3096,1.3270
1.4500,2.8000,1.2906,1.3297
1.4500,2.8500,1.2816,1.3200
1.4500,2.9000,1.2798,1.3165
1.4500,2.9500,1.2755,1.2658
1.4500,3.0000,1.2450,1.2299
1.4500,3.0500,1.1592,1.0070
1.4500,3.1000,1.1691,1.0141
1.4500,3.1500,1.1774,1.0200
1.4500,3.2000,0.9998,0.8736
1.4500,3.2500,1.0006,0.8746
1.4500,3.3000,0.9975,0.8732
1.5000,0.4000,0.9649,0.7520
1.5000,0.6000,1.0664,0.7787
1.5000,0.6500,1.1243,0.8426
1.5000,0.7000,1.1385,0.8586
1.5000,0.7500,1.1378,0.8659
1.5000,0.8000,1.0766,0.7804
1.5000,0.8500,0.7357,0.6780
1.5000,0.9000,0.6966,0.6451
1.5000,0.9500,0.7595,0.7595
1.5000,1.0000,0.7366,0.7366
1.5000,1.0500,0.7262,0.7262
1.5000,1.1000,0.6401,0.6401
1.5000,1.1500,0.7760,0.6672
1.5000,1.2000,0.9644,0.8805
1.5000,1.2500,0.9951,0.9097
1.5000,1.3000,0.9946,0.9834
1.5000,1.3500,1.0423,1.0519
1.5000,1.4000,1.1004,1.1334
1.5000,1.4500,1.1699,1.2260
1.5000,1.5000,1.2235,1.3120
1.5000,1.5500,1.3055,1.2998
1.5000,1.6000,1.2605,1.2353
1.5000,1.6500,1.2438,1.2150
1.5000,1.7000,1.2225,1.1842
1.5000,1.7500,1.1561,1.0747
1.5000,1.8000,1.4407,1.4407
1.5000,1.8500,1.4627,1.4627
1.5000,1.9000,1.5124,1.5124
1.5000,1.9500,1.6060,1.6060
1.5000,2.0000,1.6460,1.6460
1.5000,2.0500,1.6575,1.6575
1.5000,2.1000,1.6139,1.6139
1.5000,2.1500,1.5864,1.5864
1.5000,2.2000,1.5929,1.6696
1.5000,2.2500,1.5908,1.6762
1.5000,2.3000,1.6730,1.7265
1.5000,2.3500,1.6794,1.7368
1.5000,2.4000,1.6496,1.7078
1.5000,2.4500,1.6451,1.7116
1.5000,2.5000,1.6274,1.7045
1.5000,2.5500,1.6200,1.7020
1.5000,2.6000,1.6183,1.6973
1.5000,2.6500,1.5414,1.5492
1.5000,2.7000,1.2789,1.2886
1.5000,2.7500,1.3002,1.3173
1.5000,2.8000,1.2731,1.3135
1.5000,2.8500,1.2570,1.2964
1.5000,2.9000,1.2541,1.2913
1.5000,2.9500,1.1955,1.1375
1.5000,3.0000,1.2275,1.1048
1.5000,3.0500,1.1611,1.0028
1.5000,3.1000,1.1772,1.0144
1.5000,3.1500,1.0147,0.8809
1.5000,3.2000,1.0233,0.8871
1.5000,3.2500,1.0245,0.8885
1.5000,3.3000,1.0181,0.8853
1.5500,0.4000,0.9742,0.7489
1.5500,0.4500,0.9861,0.7588
1.5500,0.6000,1.0905,0.7732
1.5500,0.6500,1.1038,0.7803
1.5500,0.7000,1.1146,0.7933
1.5500,0.7500,1.1426,0.8425
1.5500,0.8000,1.1065,0.8078
1.5500,0.8500,0.6701,0.6701
1.5500,0.9000,0.6323,0.6323
1.5500,0.9500,0.6082,0.6082
1.5500,1.0000,0.5947,0.5947
1.5500,1.0500,0.5888,0.5888
1.5500,1.1000,0.6168,0.6168
1.5500,1.1500,0.6531,0.6215
1.5500,1.2000,0.7498,0.6533
1.5500,1.2500,0.9461,0.8706
1.5500,1.3000,0.9593,0.9359
1.5500,1.3500,1.0057,1.0029
1.5500,1.4000,1.0526,1.0706
1.5500,1.4500,1.0998,1.1354
1.5500,1.5000,1.1200,1.1895
1.5500,1.5500,1.1875,1.1489
1.5500,1.6000,1.1621,1.1150
1.5500,1.6500,1.1728,1.0983
1.5500,1.7000,1.1491,1.0697
1.5500,1.7500,1.1434,1.0627
1.5500,1.8000,1.4183,1.4183
1.5500,1.8500,1.4414,1.4414
1.5500,1.9000,1.4808,1.4808
1.5500,1.9500,1.5625,1.5625
1.5500,2.0000,1.5931,1.5931
1.5500,2.0500,1.5739,1.5739
1.5500,2.1000,1.5696,1.5696
1.5500,2.1500,1.5591,1.5591
1.5500,2.2000,1.6003,1.6240
1.5500,2.2500,1.7321,1.8010
1.5500,2.3000,1.7438,1.8123
1.5500,2.3500,1.7521,1.8197
1.5500,2.4000,1.6536,1.7100
1.5500,2.4500,1.6488,1.7143
1.5500,2.5000,1.6271,1.7059
1.5500,2.5500,1.6143,1.6997
1.5500,2.6000,1.5536,1.5769
1.5500,2.6500,1.3686,1.3435
1.5500,2.7000,1.2767,1.2853
1.5500,2.7500,1.2837,1.3244
1.5500,2.8000,1.2715,1.2901
1.5500,2.8500,1.2391,1.2545
1.5500,2.9000,1.2157,1.2473
1.5500,2.9500,1.1739,1.1030
1.5500,3.0000,1.2178,1.0860
1.5500,3.0500,1.1646,0.9994
1.5500,3.1000,1.1894,1.0171
1.5500,3.1500,1.0439,0.8983
1.5500,3.2000,1.0603,0.9102
1.5500,3.2500,1.0620,0.9124
1.5500,3.3000,1.0487,0.9044
1.5500,3.3500,1.0286,0.8923
1.6000,0.3000,0.9626,0.7329
1.6000,0.3500,0.9725,0.7402
1.6000,0.4000,0.9858,0.7494
1.6000,0.4500,1.0029,0.7600
1.6000,0.5000,1.0233,0.7708
1.6000,0.5500,1.1064,0.7708
1.6000,0.6000,1.1231,0.7780
1.6000,0.6500,1.1326,0.7804
1.6000,0.7000,1.1293,0.7772
1.6000,0.7500,1.1066,0.7631
1.6000,0.8000,1.1100,0.7929
1.6000,0.8500,1.0769,0.7077
1.6000,0.9000,0.6119,0.6119
1.6000,0.9500,0.5906,0.5906
1.6000,1.0000,0.5791,0.5791
1.6000,1.0500,0.4930,0.4930
1.6000,1.1000,0.5104,0.5104
1.6000,1.1500,0.5398,0.4997
1.6000,1.2000,0.5469,0.4958
1.6000,1.2500,0.5681,0.5036
1.6000,1.3000,0.8373,0.7232
1.6000,1.3500,0.9689,0.9543
1.6000,1.4000,1.0057,1.0100
1.6000,1.4500,1.0263,1.0548
1.6000,1.5000,1.0501,1.0929
1.6000,1.5500,1.1897,1.1639
1.6000,1.6000,1.1836,1.1542
1.6000,1.6500,1.1363,1.0629
1.6000,1.7000,1.1172,1.0416
1.6000,1.7500,1.1169,1.0401
1.6000,1.8000,1.2757,1.2358
1.6000,1.8500,1.3970,1.3970
1.6000,1.9000,1.4429,1.4429
1.6000,1.9500,1.2713,1.2713
1.6000,2.0000,1.3425,1.3425
1.6000,2.0500,1.3483,1.3483
1.6000,2.1000,1.5538,1.5538
1.6000,2.1500,1.5526,1.5526
1.6000,2.2000,1.5933,1.6178
1.6000,2.2500,1.7596,1.7539
1.6000,2.3000,1.7738,1.7713
1.6000,2.3500,1.7603,1.8225
1.6000,2.4000,1.6628,1.7135
1.6000,2.4500,1.6505,1.7089
1.6000,2.5000,1.6419,1.7105
1.6000,2.5500,1.6318,1.7067
1.6000,2.6000,1.3982,1.3740
1.6000,2.6500,1.3679,1.3383
1.6000,2.7000,1.3625,1.3114
1.6000,2.7500,1.2968,1.3165
1.6000,2.8000,1.2504,1.2675
1.6000,2.8500,1.1741,1.1954
1.6000,2.9000,1.1547,1.1660
1.6000,2.9500,1.1537,1.0718
1.6000,3.0000,1.2113,1.0726
1.6000,3.0500,1.2490,1.1105
1.6000,3.1000,1.0442,0.8965
1.6000,3.1500,1.0842,0.9251
1.6000,3.2000,1.1176,0.9506
1.6000,3.2500,1.1203,0.9539
1.6000,3.3000,1.0910,0.9335
1.6000,3.3500,1.0540,0.9090
1.6000,3.4000,1.0311,0.9648
1.6500,0.3500,0.9814,0.7422
1.6500,0.4000,1.0000,0.7533
1.6500,0.4500,1.0246,0.7672
1.6500,0.5000,1.0548,0.7831
1.6500,0.5500,1.0875,0.7983
1.6500,0.6000,1.1746,0.7987
1.6500,0.6500,1.1842,0.7995
1.6500,0.7000,1.1703,0.7868
1.6500,0.7500,1.1318,0.7614
1.6500,0.8000,1.0873,0.6737
1.6500,0.8500,1.0209,0.6400
1.6500,0.9000,0.5832,0.5832
1.6500,0.9500,0.5631,0.5631
1.6500,1.0000,0.4231,0.4231
1.6500,1.0500,0.4742,0.4742
1.6500,1.1000,0.5000,0.5000
1.6500,1.1500,0.5057,0.5057
1.6500,1.2000,0.5517,0.5118
1.6500,1.2500,0.5657,0.5046
1.6500,1.3000,0.5862,0.5077
1.6500,1.3500,0.8457,0.7381
1.6500,1.4000,0.8748,0.7769
1.6500,1.4500,0.9803,0.9818
1.6500,1.5000,0.9908,0.9930
1.6500,1.5500,1.1518,1.1186
1.6500,1.6000,1.1481,1.1140
1.6500,1.6500,1.1014,1.0317
1.6500,1.7000,1.0765,1.0083
1.6500,1.7500,1.0580,0.9920
1.6500,1.8000,1.1950,1.1666
1.6500,1.8500,1.2044,1.2044
1.6500,1.9000,1.2414,1.2414
1.6500,1.9500,1.3227,1.3227
1.6500,2.0000,1.3355,1.3355
1.6500,2.0500,1.3169,1.3169
1.6500,2.1000,1.3190,1.3190
1.6500,2.1500,1.5224,1.5224
1.6500,2.2000,1.6001,1.5207
1.6500,2.2500,1.6197,1.5363
1.6500,2.3000,1.6050,1.5241
1.6500,2.3500,1.7954,1.7914
1.6500,2.4000,1.6541,1.6282
1.6500,2.4500,1.6688,1.7132
1.6500,2.5000,1.5722,1.5778
1.6500,2.5500,1.3962,1.3750
1.6500,2.6000,1.3731,1.3607
1.6500,2.6500,1.3950,1.3421
1.6500,2.7000,1.4011,1.3688
1.6500,2.7500,1.2779,1.3234
1.6500,2.8000,1.2336,1.2708
1.6500,2.8500,1.1809,1.2028
1.6500,2.9000,1.1667,1.1810
1.6500,2.9500,1.1559,1.0735
1.6500,3.0000,1.2129,1.0727
1.6500,3.0500,1.2536,1.1121
1.6500,3.1000,1.0653,0.9110
1.6500,3.1500,1.1287,0.9585
1.6500,3.2000,1.2016,1.0194
1.6500,3.2500,1.2073,1.0259
1.6500,3.3000,1.1450,1.0305
1.6500,3.3500,1.0839,0.9932
1.6500,3.4000,1.0417,0.9705
1.7000,0.4000,1.0158,0.7599
1.7000,0.4500,1.0508,0.7796
1.7000,0.5000,1.0965,0.8053
1.7000,0.5500,1.1495,0.8345
1.7000,0.6000,1.1974,0.8591
1.7000,0.6500,1.2748,0.8507
1.7000,0.7000,1.2493,0.8284
1.7000,0.7500,1.1970,0.7054
1.7000,0.8000,1.1105,0.6638
1.7000,0.8500,1.0163,0.6194
1.7000,0.9000,0.5326,0.5326
1.7000,0.9500,0.3802,0.3802
1.7000,1.0000,0.3954,0.3954
1.7000,1.0500,0.4461,0.4461
1.7000,1.1000,0.4866,0.4866
1.7000,1.1500,0.5323,0.5323
1.7000,1.2000,0.5070,0.5070
1.7000,1.2500,0.5588,0.5010
1.7000,1.3000,0.5762,0.5009
1.7000,1.3500,0.6062,0.5176
1.7000,1.4000,0.8030,0.6373
1.7000,1.4500,0.8692,0.7693
1.7000,1.5000,0.8720,0.8270
1.7000,1.5500,1.0311,1.0352
1.7000,1.6000,1.0963,1.0281
1.7000,1.6500,1.0737,1.0084
1.7000,1.7000,1.0348,0.9753
1.7000,1.7500,0.9845,0.9351
1.7000,1.8000,0.9620,0.9233
1.7000,1.8500,1.1074,1.1074
1.7000,1.9000,1.1960,1.1960
1.7000,1.9500,1.2813,1.2813
1.7000,2.0000,1.2996,1.2996
1.7000,2.0500,1.2830,1.2830
1.7000,2.1000,1.2847,1.2847
1.7000,2.1500,1.5099,1.3972
1.7000,2.2000,1.5789,1.5028
1.7000,2.2500,1.6128,1.5282
1.7000,2.3000,1.6441,1.5520
1.7000,2.3500,1.6707,1.5739
1.7000,2.4000,1.6971,1.6278
1.7000,2.4500,1.4823,1.3952
1.7000,2.5000,1.4400,1.3737
1.7000,2.5500,1.4323,1.3828
1.7000,2.6000,1.3799,1.3543
1.7000,2.6500,1.3478,1.3238
1.7000,2.7000,1.4061,1.3679
1.7000,2.7500,1.2843,1.3270
1.7000,2.8000,1.2500,1.2885
1.7000,2.8500,1.2216,1.2541
1.7000,2.9000,1.2170,1.2462
1.7000,2.9500,1.1873,1.0505
1.7000,3.0000,1.2194,1.0836
1.7000,3.0500,1.1030,0.9324
1.7000,3.1000,1.0715,0.9176
1.7000,3.1500,1.1467,0.9753
1.7000,3.2000,1.2400,1.0754
1.7000,3.2500,1.2527,1.0892
1.7000,3.3000,1.1643,1.0452
1.7000,3.3500,1.0902,0.9980
1.7000,3.4000,1.0433,0.9721
1.7500,0.4000,1.0313,0.7675
1.7500,0.4500,1.0784,0.7950
1.7500,0.5000,1.1451,0.8352
1.7500,0.5500,1.2317,0.8901
1.7500,0.6000,1.3229,0.9501
1.7500,0.6500,1.3714,0.9787
1.7500,0.7000,1.4009,0.9413
1.7500,0.7500,1.2796,0.7366
1.7500,0.8000,1.1461,0.6663
1.7500,0.8500,1.0124,0.6015
1.7500,0.9000,0.8467,0.4556
1.7500,0.9500,0.3477,0.3477
1.7500,1.0000,0.3526,0.3526
1.7500,1.0500,0.4032,0.4032
1.7500,1.1000,0.4148,0.4148
1.7500,1.1500,0.4587,0.4587
1.7500,1.2000,0.4779,0.4779
1.7500,1.2500,0.5096,0.4479
1.7500,1.3000,0.5487,0.4800
1.7500,1.3500,0.5723,0.4908
1.7500,1.4000,0.5938,0.5045
1.7500,1.4500,0.5995,0.5084
1.7500,1.5000,0.8124,0.7522
1.7500,1.5500,1.0162,1.0253
1.7500,1.6000,0.9995,1.0162
1.7500,1.6500,0.9788,0.9962
1.7500,1.7000,0.9445,0.9611
1.7500,1.7500,0.8726,0.8819
1.7500,1.8000,0.8656,0.8756
1.7500,1.8500,0.8947,0.9328
1.7500,1.9000,1.0052,1.0493
1.7500,1.9500,1.2476,1.2476
1.7500,2.0000,1.2707,1.2707
1.7500,2.0500,1.3387,1.3322
1.7500,2.1000,1.2759,1.1412
1.7500,2.1500,1.2982,1.1539
1.7500,2.2000,1.3788,1.2570
1.7500,2.2500,1.4232,1.2988
1.7500,2.3000,1.5157,1.4029
1.7500,2.3500,1.5275,1.4133
1.7500,2.4000,1.5454,1.4296
1.7500,2.4500,1.4888,1.3963
1.7500,2.5000,1.4818,1.3956
1.7500,2.5500,1.4523,1.3744
1.7500,2.6000,1.3964,1.3586
1.7500,2.6500,1.3564,1.3240
1.7500,2.7000,1.3234,1.3622
1.7500,2.7500,1.2904,1.3303
1.7500,2.8000,1.2633,1.3024
1.7500,2.8500,1.2461,1.2837
1.7500,2.9000,1.1976,1.1790
1.7500,2.9500,1.2007,1.0726
1.7500,3.0000,1.0675,0.9108
1.7500,3.0500,1.0961,0.9333
1.7500,3.1000,1.0267,0.9048
1.7500,3.1500,1.0858,0.9492
1.7500,3.2000,1.1495,1.0014
1.7500,3.2500,1.1856,1.0633
1.7500,3.3000,1.1287,1.0238
1.7500,3.3500,1.0731,0.9897
1.7500,3.4000,0.8896,0.8613
1.8000,0.3000,0.9422,0.6906
1.8000,0.3500,0.9666,0.7045
1.8000,0.4000,1.0426,0.7736
1.8000,0.4500,1.1006,0.8085
1.8000,0.5000,1.1890,0.8650
1.8000,0.5500,1.3189,0.9557
1.8000,0.6000,1.4895,1.0884
1.8000,0.6500,1.6198,1.1969
1.8000,0.7000,1.5262,0.9490
1.8000,0.7500,1.3739,0.7869
1.8000,0.8000,1.1791,0.6745
1.8000,0.8500,1.0043,0.5866
1.8000,0.9000,0.7998,0.4301
1.8000,0.9500,0.2915,0.2915
1.8000,1.0000,0.2784,0.2784
1.8000,1.0500,0.3123,0.3123
1.8000,1.1000,0.3601,0.3601
1.8000,1.1500,0.3957,0.3957
1.8000,1.2000,0.4006,0.4006
1.8000,1.2500,0.4698,0.4167
1.8000,1.3000,0.5178,0.4593
1.8000,1.3500,0.5424,0.4721
1.8000,1.4000,0.5610,0.4829
1.8000,1.4500,0.5918,0.5248
1.8000,1.5000,0.5497,0.5070
1.8000,1.5500,0.7871,0.8468
1.8000,1.6000,0.9038,0.9557
1.8000,1.6500,0.8926,0.9464
1.8000,1.7000,0.9454,0.9709
1.8000,1.7500,0.8962,0.9093
1.8000,1.8000,0.8911,0.9106
1.8000,1.8500,0.9257,0.9356
1.8000,1.9000,1.0164,1.0315
1.8000,1.9500,1.0458,1.0528
1.8000,2.0000,1.0575,1.0613
1.8000,2.0500,1.2598,1.1311
1.8000,2.1000,1.2308,1.1140
1.8000,2.1500,1.3000,1.1888
1.8000,2.2000,1.3698,1.2498
1.8000,2.2500,1.4763,1.3639
1.8000,2.3000,1.5319,1.4162
1.8000,2.3500,1.5609,1.4390
1.8000,2.4000,1.6077,1.5261
1.8000,2.4500,1.5692,1.4559
1.8000,2.5000,1.5527,1.4459
1.8000,2.5500,1.4865,1.4406
1.8000,2.6000,1.4253,1.3889
1.8000,2.6500,1.3737,1.3701
1.8000,2.7000,1.2263,1.3093
1.8000,2.7500,1.2895,1.3264
1.8000,2.8000,1.2644,1.3025
1.8000,2.8500,1.2519,1.2913
1.8000,2.9000,1.2036,1.1920
1.8000,2.9500,0.9869,0.8949
1.8000,3.0000,0.9708,0.8635
1.8000,3.0500,0.9916,0.8809
1.8000,3.1000,0.9963,0.8905
1.8000,3.1500,1.0308,0.9165
1.8000,3.2000,1.0596,0.9387
1.8000,3.2500,1.0969,1.0069
1.8000,3.3000,1.0733,0.9924
1.8000,3.3500,1.0418,0.9743
1.8000,3.4000,0.8706,0.8533
1.8500,0.3000,0.9424,0.6905
1.8500,0.3500,0.9676,0.7049
1.8500,0.4000,1.0077,0.7284
1.8500,0.4500,1.0716,0.7674
1.8500,0.5000,1.1728,0.8340
1.8500,0.5500,1.3327,0.9513
1.8500,0.6000,1.5622,0.9626
1.8500,0.6500,1.9435,1.3502
1.8500,0.7000,1.6891,1.0872
1.8500,0.7500,1.3596,0.8100
1.8500,0.8000,1.1748,0.6384
1.8500,0.8500,0.9621,0.4600
1.8500,0.9000,0.7739,0.3731
1.8500,0.9500,0.2712,0.2712
1.8500,1.0000,0.2383,0.2383
1.8500,1.0500,0.2620,0.2620
1.8500,1.1000,0.3038,0.3038
1.8500,1.1500,0.3576,0.3576
1.8500,1.2000,0.3545,0.3545
1.8500,1.2500,0.3874,0.3874
1.8500,1.3000,0.4875,0.4389
1.8500,1.3500,0.5184,0.4582
1.8500,1.4000,0.5386,0.4705
1.8500,1.4500,0.5369,0.4736
1.8500,1.5000,0.5679,0.5309
1.8500,1.5500,0.6657,0.7553
1.8500,1.6000,0.6686,0.7671
1.8500,1.6500,0.8844,0.9455
1.8500,1.7000,0.8678,0.9174
1.8500,1.7500,0.8560,0.9196
1.8500,1.8000,0.9148,0.9355
1.8500,1.8500,0.9365,0.9474
1.8500,1.9000,1.0190,1.0363
1.8500,1.9500,1.0416,1.0500
1.8500,2.0000,1.2012,1.1435
1.8500,2.0500,1.2015,1.1409
1.8500,2.1000,1.1953,1.1325
1.8500,2.1500,1.3226,1.1639
1.8500,2.2000,1.3828,1.2033
1.8500,2.2500,1.4877,1.3761
1.8500,2.3000,1.5968,1.5120
1.8500,2.3500,1.6335,1.5999
1.8500,2.4000,1.7258,1.6837
1.8500,2.4500,1.7552,1.6427
1.8500,2.5000,1.6441,1.5700
1.8500,2.5500,1.5330,1.4746
1.8500,2.6000,1.4452,1.4234
1.8500,2.6500,1.3771,1.3690
1.8500,2.7000,1.2232,1.3014
1.8500,2.7500,1.1829,1.2634
1.8500,2.8000,1.2494,1.2844
1.8500,2.8500,1.1624,1.1057
1.8500,2.9000,0.9940,0.9310
1.8500,2.9500,0.9802,0.8945
1.8500,3.0000,0.9583,0.8615
1.8500,3.0500,0.9703,0.8758
1.8500,3.1000,0.9622,0.8761
1.8500,3.1500,0.9799,0.8911
1.8500,3.2000,1.0294,0.9714
1.8500,3.2500,1.0329,0.9730
1.8500,3.3000,1.0239,0.9675
1.8500,3.3500,1.0081,0.9588
1.8500,3.4000,0.8478,0.8443
1.8500,3.4500,0.9128,0.9301
1.9000,0.2000,0.9154,0.6753
1.9000,0.2500,0.9246,0.6804
1.9000,0.3000,0.9392,0.6888
1.9000,0.3500,0.9627,0.7022
1.9000,0.4000,1.0001,0.7242
1.9000,0.4500,1.0594,0.7605
1.9000,0.5000,1.1522,0.8214
1.9000,0.5500,1.2938,0.9238
1.9000,0.6000,1.4721,0.8882
1.9000,0.6500,1.6531,1.0486
1.9000,0.7000,1.5287,0.9331
1.9000,0.7500,1.2793,0.7382
1.9000,0.8000,1.0439,0.5228
1.9000,0.8500,0.9589,0.4584
1.9000,0.9000,0.7614,0.3296
1.9000,0.9500,0.2537,0.2537
1.9000,1.0000,0.2362,0.2362
1.9000,1.0500,0.2562,0.2562
1.9000,1.1000,0.2878,0.2878
1.9000,1.1500,0.3090,0.3090
1.9000,1.2000,0.3305,0.3305
1.9000,1.2500,0.3506,0.3506
1.9000,1.3000,0.4516,0.4058
1.9000,1.3500,0.5050,0.4524
1.9000,1.4000,0.5145,0.4620
1.9000,1.4500,0.5243,0.4679
1.9000,1.5000,0.5558,0.5193
1.9000,1.5500,0.6540,0.7396
1.9000,1.6000,0.6567,0.7521
1.9000,1.6500,0.6589,0.7629
1.9000,1.7000,0.8510,0.9262
1.9000,1.7500,0.8573,0.9273
1.9000,1.8000,0.8715,0.9315
1.9000,1.8500,0.9443,0.9559
1.9000,1.9000,1.0273,1.0433
1.9000,1.9500,1.2022,1.1563
1.9000,2.0000,1.2168,1.1625
1.9000,2.0500,1.2241,1.1639
1.9000,2.1000,1.3458,1.1866
1.9000,2.1500,1.3670,1.1993
1.9000,2.2000,1.4062,1.2247
1.9000,2.2500,1.5350,1.4227
1.9000,2.3000,1.6387,1.6466
1.9000,2.3500,1.7090,1.6986
1.9000,2.4000,1.7429,1.7373
1.9000,2.4500,1.8310,1.7403
1.9000,2.5000,1.7557,1.6737
1.9000,2.5500,1.5449,1.4830
1.9000,2.6000,1.4451,1.4217
1.9000,2.6500,1.3701,1.3620
1.9000,2.7000,1.3093,1.3095
1.9000,2.7500,1.1642,1.2370
1.9000,2.8000,1.0651,1.0111
1.9000,2.8500,1.0550,1.0094
1.9000,2.9000,0.8589,0.8379
1.9000,2.9500,0.9705,0.8918
1.9000,3.0000,0.9431,0.8585
1.9000,3.0500,0.9466,0.8712
1.9000,3.1000,0.9283,0.8644
1.9000,3.1500,0.9696,0.9435
1.9000,3.2000,0.9786,0.9483
1.9000,3.2500,0.9845,0.9505
1.9000,3.3000,0.9836,0.9491
1.9000,3.3500,0.9769,0.9453
1.9000,3.4000,0.9041,0.9280
1.9000,3.4500,0.8940,0.9233
1.9000,3.5000,0.9855,1.0185
1.9500,0.2000,0.9131,0.6740
1.9500,0.2500,0.9208,0.6785
1.9500,0.3000,0.9329,0.6855
1.9500,0.3500,0.9522,0.6967
1.9500,0.4000,0.9826,0.7146
1.9500,0.4500,1.0295,0.7431
1.9500,0.5000,1.0993,0.7877
1.9500,0.5500,1.1708,0.6798
1.9500,0.6000,1.2811,0.7497
1.9500,0.6500,1.3458,0.7941
1.9500,0.7000,1.2941,0.7550
1.9500,0.7500,1.0893,0.5504
1.9500,0.8000,0.9436,0.4591
1.9500,0.8500,0.8725,0.3898
1.9500,0.9000,0.7888,0.3414
1.9500,0.9500,0.6436,0.2842
1.9500,1.0000,0.2410,0.2410
1.9500,1.0500,0.2606,0.2606
1.9500,1.1000,0.2843,0.2843
1.9500,1.1500,0.2896,0.2896
1.9500,1.2000,0.3018,0.3018
1.9500,1.2500,0.3613,0.3613
1.9500,1.3000,0.3869,0.3869
1.9500,1.3500,0.4818,0.4313
1.9500,1.4000,0.5098,0.4622
1.9500,1.4500,0.5178,0.4661
1.9500,1.5000,0.5478,0.5116
1.9500,1.5500,0.5631,0.5802
1.9500,1.6000,0.6444,0.7372
1.9500,1.6500,0.7640,0.8595
1.9500,1.7000,0.8355,0.9236
1.9500,1.7500,0.8475,0.9274
1.9500,1.8000,0.8683,0.9339
1.9500,1.8500,0.8926,0.9414
1.9500,1.9000,1.0947,1.1888
1.9500,1.9500,1.2254,1.1632
1.9500,2.0000,1.2426,1.1691
1.9500,2.0500,1.2548,1.1723
1.9500,2.1000,1.2665,1.1758
1.9500,2.1500,1.3828,1.2294
1.9500,2.2000,1.4703,1.3557
1.9500,2.2500,1.5855,1.5478
1.9500,2.3000,1.6382,1.6458
1.9500,2.3500,1.6249,1.6372
1.9500,2.4000,1.6612,1.6401
1.9500,2.4500,1.6624,1.5653
1.9500,2.5000,1.6904,1.6103
1.9500,2.5500,1.5651,1.4909
1.9500,2.6000,1.5117,1.4782
1.9500,2.6500,1.3535,1.3514
1.9500,2.7000,1.2913,1.2970
1.9500,2.7500,1.0978,1.0341
1.9500,2.8000,1.0243,0.9974
1.9500,2.8500,0.8706,0.8407
1.9500,2.9000,0.8611,0.8388
1.9500,2.9500,0.8511,0.8361
1.9500,3.0000,0.9268,0.8547
1.9500,3.0500,0.9214,0.8672
1.9500,3.1000,0.8936,0.8545
1.9500,3.1500,0.9240,0.9239
1.9500,3.2000,0.9333,0.9283
1.9500,3.2500,0.9450,0.9330
1.9500,3.3000,0.9002,0.9315
1.9500,3.3500,0.8968,0.9295
1.9500,3.4000,0.8893,0.9261
1.9500,3.4500,0.9660,1.0071
1.9500,3.5000,0.9622,1.0060
2.0000,0.1000,0.9042,0.6689
2.0000,0.1500,0.9065,0.6703
2.0000,0.2000,0.9100,0.6725
2.0000,0.2500,0.9156,0.6759
2.0000,0.3000,0.9243,0.6811
2.0000,0.3500,0.9378,0.6892
2.0000,0.4000,0.9585,0.7016
2.0000,0.4500,0.9894,0.7204
2.0000,0.5000,1.0069,0.5950
2.0000,0.5500,1.0627,0.6231
2.0000,0.6000,1.1170,0.6522
2.0000,0.6500,1.1427,0.6654
2.0000,0.7000,1.0424,0.5279
2.0000,0.7500,0.9717,0.4818
2.0000,0.8000,0.8817,0.4297
2.0000,0.8500,0.7894,0.3823
2.0000,0.9000,0.7617,0.3443
2.0000,0.9500,0.2401,0.2401
2.0000,1.0000,0.2368,0.2368
2.0000,1.0500,0.2611,0.2611
2.0000,1.1000,0.2761,0.2761
2.0000,1.1500,0.2911,0.2911
2.0000,1.2000,0.3057,0.3057
2.0000,1.2500,0.3677,0.3677
2.0000,1.3000,0.4004,0.4004
2.0000,1.3500,0.4818,0.4386
2.0000,1.4000,0.4985,0.4556
2.0000,1.4500,0.5016,0.4547
2.0000,1.5000,0.4973,0.4452
2.0000,1.5500,0.5303,0.5152
2.0000,1.6000,0.8643,1.0490
2.0000,1.6500,0.9734,1.1144
2.0000,1.7000,0.9641,1.1052
2.0000,1.7500,0.9973,1.1326
2.0000,1.8000,1.0375,1.1564
2.0000,1.8500,1.0756,1.1751
2.0000,1.9000,1.2455,1.2457
2.0000,1.9500,1.1656,1.1052
2.0000,2.0000,1.2649,1.2017
2.0000,2.0500,1.2799,1.2073
2.0000,2.1000,1.2912,1.2095
2.0000,2.1500,1.4133,1.3316
2.0000,2.2000,1.4668,1.4266
2.0000,2.2500,1.5897,1.5556
2.0000,2.3000,1.5410,1.5436
2.0000,2.3500,1.5785,1.5635
2.0000,2.4000,1.6161,1.5856
2.0000,2.4500,1.6098,1.5471
2.0000,2.5000,1.6033,1.5497
2.0000,2.5500,1.5543,1.5220
2.0000,2.6000,1.4506,1.4205
2.0000,2.6500,1.3928,1.3857
2.0000,2.7000,1.2217,1.1764
2.0000,2.7500,1.1092,1.0718
2.0000,2.8000,0.8717,0.8561
2.0000,2.8500,0.8623,0.8528
2.0000,2.9000,0.8540,0.8276
2.0000,2.9500,0.8394,0.8217
2.0000,3.0000,0.8245,0.8144
2.0000,3.0500,0.9818,0.9771
2.0000,3.1000,0.9300,0.9257
2.0000,3.1500,0.9106,0.9163
2.0000,3.2000,0.9328,0.9269
2.0000,3.2500,0.8667,0.9171
2.0000,3.3000,0.8748,0.9204
2.0000,3.3500,0.9539,0.9997
2.0000,3.4000,0.9457,0.9954
2.0000,3.4500,0.9344,0.9889
2.0000,3.5000,0.8604,0.9327
2.0500,0.1500,1.1341,0.9943
2.0500,0.2000,0.9065,0.6707
2.0500,0.2500,0.9097,0.6729
2.0500,0.3000,1.1425,0.7987
2.0500,0.3500,1.1456,0.8044
2.0500,0.4000,1.1506,0.8125
2.0500,0.4500,1.1584,0.8237
2.0500,0.5000,1.1708,0.8385
2.0500,0.5500,0.9661,0.5792
2.0500,0.6000,0.9913,0.5907
2.0500,0.6500,1.0038,0.5952
2.0500,0.7000,0.9165,0.4591
2.0500,0.7500,0.8799,0.4359
2.0500,0.8000,0.8273,0.4065
2.0500,0.8500,0.7687,0.3771
2.0500,0.9000,0.7790,0.3547
2.0500,0.9500,0.2517,0.2517
2.0500,1.0000,0.2505,0.2505
2.0500,1.0500,0.2532,0.2532
2.0500,1.1000,0.2827,0.2827
2.0500,1.1500,0.2938,0.2938
2.0500,1.2000,0.3067,0.3067
2.0500,1.2500,0.3239,0.3239
2.0500,1.3000,0.3819,0.3819
2.0500,1.3500,0.4091,0.3959
2.0500,1.4000,0.4625,0.4049
2.0500,1.4500,0.7121,0.5405
2.0500,1.5000,0.7148,0.6249
2.0500,1.5500,0.7168,0.6450
2.0500,1.6000,0.8566,1.0346
2.0500,1.6500,0.9318,1.0740
2.0500,1.7000,0.8947,1.0368
2.0500,1.7500,0.9646,1.0972
2.0500,1.8000,1.0321,1.1439
2.0500,1.8500,1.2208,1.2328
2.0500,1.9000,1.2616,1.2513
2.0500,1.9500,1.1876,1.1272
2.0500,2.0000,1.2146,1.1418
2.0500,2.0500,1.1739,1.0705
2.0500,2.1000,1.3401,1.3923
2.0500,2.1500,1.3466,1.3928
2.0500,2.2000,1.4686,1.4413
2.0500,2.2500,1.5093,1.5272
2.0500,2.3000,1.5292,1.5350
2.0500,2.3500,1.5510,1.5446
2.0500,2.4000,1.5692,1.5539
2.0500,2.4500,1.6334,1.5440
2.0500,2.5000,1.5288,1.5023
2.0500,2.5500,1.5078,1.4953
2.0500,2.6000,1.4157,1.4014
2.0500,2.6500,1.3680,1.3737
2.0500,2.7000,1.2114,1.1944
2.0500,2.7500,1.1147,1.1108
2.0500,2.8000,0.8815,0.8779
2.0500,2.8500,0.8694,0.8678
2.0500,2.9000,0.8575,0.8348
2.0500,2.9500,0.8382,0.8215
2.0500,3.0000,0.8191,0.8088
2.0500,3.0500,0.8692,0.8922
2.0500,3.1000,0.8990,0.9114
2.0500,3.1500,0.8568,0.8877
2.0500,3.2000,0.9031,0.9124
2.0500,3.2500,0.8480,0.9082
2.0500,3.3000,0.9346,0.9904
2.0500,3.3500,0.9335,0.9899
2.0500,3.4000,0.9185,0.9801
2.0500,3.4500,0.8948,0.9634
2.0500,3.5000,0.8203,0.9090
2.0500,3.5500,0.7268,0.7707
2.1000,0.2000,1.1355,0.7902
2.1000,0.2500,1.1343,0.7914
2.1000,0.3000,1.1321,0.7929
2.1000,0.3500,1.1284,0.7945
2.1000,0.4000,1.1221,0.7959
2.1000,0.4500,1.1128,0.7965
2.1000,0.5000,1.1016,0.7960
2.1000,0.5500,1.0945,0.7963
2.1000,0.6000,1.0998,0.8002
2.1000,0.6500,1.0624,0.7350
2.1000,0.7000,0.8276,0.4186
2.1000,0.7500,0.8121,0.4064
2.1000,0.8000,0.7830,0.3895
2.1000,0.8500,0.7468,0.3713
2.1000,0.9000,0.7110,0.3550
2.1000,0.9500,0.2613,0.2613
2.1000,1.0000,0.2604,0.2604
2.1000,1.0500,0.2607,0.2607
2.1000,1.1000,0.3046,0.3046
2.1000,1.1500,0.3063,0.3063
2.1000,1.2000,0.3148,0.3148
2.1000,1.2500,0.3170,0.3170
2.1000,1.3000,0.3457,0.3256
2.1000,1.3500,0.5929,0.3695
2.1000,1.4000,0.6564,0.4544
2.1000,1.4500,0.6737,0.4710
2.1000,1.5000,0.7294,0.6360
2.1000,1.5500,0.7311,0.6525
2.1000,1.6000,0.8207,0.8578
2.1000,1.6500,0.8735,0.9988
2.1000,1.7000,0.9429,1.0750
2.1000,1.7500,1.0426,1.1507
2.1000,1.8000,1.1785,1.2077
2.1000,1.8500,1.2376,1.2387
2.1000,1.9000,1.2810,1.2586
2.1000,1.9500,1.1640,1.1606
2.1000,2.0000,1.2536,1.1799
2.1000,2.0500,1.2990,1.3098
2.1000,2.1000,1.4833,1.5392
2.1000,2.1500,1.4859,1.5380
2.1000,2.2000,1.6143,1.6967
2.1000,2.2500,1.5602,1.6121
2.1000,2.3000,1.5196,1.5270
2.1000,2.3500,1.5321,1.5305
2.1000,2.4000,1.5969,1.5359
2.1000,2.4500,1.5921,1.5167
2.1000,2.5000,1.5775,1.5111
2.1000,2.5500,1.4993,1.4375
2.1000,2.6000,1.3831,1.3832
2.1000,2.6500,1.3388,1.3565
2.1000,2.7000,1.2213,1.2604
2.1000,2.7500,1.1157,1.1490
2.1000,2.8000,0.9115,0.8903
2.1000,2.8500,0.8934,0.8695
2.1000,2.9000,0.8629,0.8437
2.1000,2.9500,0.8362,0.8194
2.1000,3.0000,0.8785,0.8974
2.1000,3.0500,0.8579,0.8858
2.1000,3.1000,0.8436,0.8760
2.1000,3.1500,0.8894,0.9065
2.1000,3.2000,0.8272,0.8979
2.1000,3.2500,0.9160,0.9839
2.1000,3.3000,0.9268,0.9897
2.1000,3.3500,0.9218,0.9858
2.1000,3.4000,0.8995,0.9699
2.1000,3.4500,0.7986,0.8956
2.1000,3.5000,0.7533,0.8703
2.1000,3.5500,0.5887,0.5431
2.1000,3.6000,0.5918,0.5164
2.1000,4.2000,0.4969,0.4969
2.1000,4.2500,0.4955,0.4955
2.1000,4.3000,0.4936,0.4936
2.1500,0.2000,1.1322,0.7883
2.1500,0.2500,1.1289,0.7884
2.1500,0.3000,1.1232,0.7879
2.1500,0.3500,1.1134,0.7861
2.1500,0.4000,1.0970,0.7817
2.1500,0.4500,1.0708,0.7725
2.1500,0.5000,1.0330,0.7560
2.1500,0.5500,0.9935,0.7358
2.1500,0.6000,0.9422,0.6666
2.1500,0.6500,0.9739,0.6787
2.1500,0.7000,1.0005,0.6817
2.1500,0.7500,1.0052,0.6676
2.1500,0.8000,0.7472,0.3769
2.1500,0.8500,0.7229,0.3646
2.1500,0.9000,0.6980,0.3537
2.1500,0.9500,0.2704,0.2704
2.1500,1.0000,0.2686,0.2686
2.1500,1.0500,0.2726,0.2726
2.1500,1.1000,0.3050,0.3050
2.1500,1.1500,0.3074,0.3074
2.1500,1.2000,0.3123,0.3123
2.1500,1.2500,0.3183,0.3183
2.1500,1.3000,0.3418,0.3257
2.1500,1.3500,0.5984,0.3753
2.1500,1.4000,0.6232,0.3732
2.1500,1.4500,0.6924,0.4833
2.1500,1.5000,0.7526,0.6546
2.1500,1.5500,0.8275,0.6542
2.1500,1.6000,0.8039,0.7168
2.1500,1.6500,0.9699,1.0684
2.1500,1.7000,0.9580,1.0656
2.1500,1.7500,1.0683,1.1427
2.1500,1.8000,1.2126,1.2146
2.1500,1.8500,1.2165,1.2207
2.1500,1.9000,1.2550,1.2425
2.1500,1.9500,1.3396,1.3061
2.1500,2.0000,1.4252,1.4434
2.1500,2.0500,1.4042,1.3751
2.1500,2.1000,1.3730,1.3628
2.1500,2.1500,1.5855,1.6670
2.1500,2.2000,1.6124,1.6903
2.1500,2.2500,1.6165,1.6761
2.1500,2.3000,1.5623,1.5960
2.1500,2.3500,1.5748,1.5210
2.1500,2.4000,1.5740,1.5197
2.1500,2.4500,1.5037,1.4474
2.1500,2.5000,1.4803,1.4314
2.1500,2.5500,1.2634,1.2646
2.1500,2.6000,1.1832,1.1958
2.1500,2.6500,1.1549,1.1533
2.1500,2.7000,1.1348,1.1202
2.1500,2.7500,0.9532,0.9509
2.1500,2.8000,0.9454,0.9321
2.1500,2.8500,0.9107,0.8916
2.1500,2.9000,0.8728,0.8517
2.1500,2.9500,0.8315,0.8122
2.1500,3.0000,0.8604,0.8815
2.1500,3.0500,0.8392,0.8703
2.1500,3.1000,0.8395,0.8738
2.1500,3.1500,0.7730,0.8179
2.1500,3.2000,0.8169,0.9377
2.1500,3.2500,0.8258,0.9430
2.1500,3.3000,0.8269,0.9428
2.1500,3.3500,0.8187,0.9326
2.1500,3.4000,0.8004,0.9088
2.1500,3.4500,0.6843,0.7771
2.1500,3.5000,0.6054,0.6373
2.1500,3.5500,0.5883,0.5431
2.1500,3.6000,0.5897,0.5148
2.1500,3.6500,0.3958,0.3865
2.1500,4.2000,0.5028,0.5028
2.1500,4.2500,0.5001,0.5001
2.1500,4.3000,0.4968,0.4968
2.2000,0.2000,1.1299,0.7869
2.2000,0.2500,1.1251,0.7861
2.2000,0.3000,1.1169,0.7842
2.2000,0.3500,1.1031,0.7801
2.2000,0.4000,1.0799,0.7719
2.2000,0.4500,1.0413,0.7556
2.2000,0.5000,0.9785,0.7240
2.2000,0.5500,0.8429,0.6072
2.2000,0.6000,0.8234,0.5942
2.2000,0.6500,0.9068,0.6383
2.2000,0.7000,0.9577,0.6554
2.2000,0.7500,0.9741,0.6479
2.2000,0.8000,0.9625,0.6215
2.2000,0.8500,0.8803,0.5235
2.2000,0.9000,0.6415,0.3453
2.2000,0.9500,0.2844,0.2792
2.2000,1.0000,0.2818,0.2818
2.2000,1.0500,0.3077,0.3077
2.2000,1.1000,0.3073,0.3073
2.2000,1.1500,0.3083,0.3083
2.2000,1.2000,0.3093,0.3093
2.2000,1.2500,0.5765,0.3484
2.2000,1.3000,0.5853,0.3658
2.2000,1.3500,0.6049,0.3732
2.2000,1.4000,0.6293,0.3824
2.2000,1.4500,0.6550,0.3927
2.2000,1.5000,0.8542,0.6466
2.2000,1.5500,0.8710,0.6738
2.2000,1.6000,0.9895,0.9574
2.2000,1.6500,1.0700,1.1722
2.2000,1.7000,1.1446,1.2795
2.2000,1.7500,1.2126,1.3177
2.2000,1.8000,1.2367,1.3343
2.2000,1.8500,1.3169,1.3403
2.2000,1.9000,1.3432,1.3574
2.2000,1.9500,1.4977,1.4611
2.2000,2.0000,1.4275,1.4461
2.2000,2.0500,1.4345,1.4012
2.2000,2.1000,1.4895,1.5378
2.2000,2.1500,1.4816,1.5296
2.2000,2.2000,1.6091,1.6818
2.2000,2.2500,1.6077,1.6601
2.2000,2.3000,1.5530,1.5797
2.2000,2.3500,1.5691,1.5348
2.2000,2.4000,1.5138,1.4719
2.2000,2.4500,1.4922,1.4527
2.2000,2.5000,1.3081,1.3242
2.2000,2.5500,1.2656,1.2710
2.2000,2.6000,1.2231,1.2147
2.2000,2.6500,1.1406,1.1313
2.2000,2.7000,1.1056,1.0794
2.2000,2.7500,1.0037,1.0146
2.2000,2.8000,0.9902,0.9840
2.2000,2.8500,0.9235,0.9103
2.2000,2.9000,0.8708,0.8528
2.2000,2.9500,0.9193,0.9167
2.2000,3.0000,0.8484,0.8745
2.2000,3.0500,0.8144,0.8496
2.2000,3.1000,0.8394,0.8760
2.2000,3.1500,0.8446,0.9451
2.2000,3.2000,0.8333,0.9636
2.2000,3.2500,0.8403,0.9654
2.2000,3.3000,0.8380,0.9606
2.2000,3.3500,0.8282,0.9490
2.2000,3.4000,0.7105,0.8186
2.2000,3.4500,0.7867,0.9148
2.2000,3.5000,0.5923,0.5472
2.2000,3.5500,0.5915,0.5475
2.2000,3.6000,0.5812,0.4878
2.2000,3.6500,0.3923,0.3840
2.2000,3.7000,0.3708,0.3653
2.2000,3.7500,0.4120,0.4246
2.2000,3.8000,0.4332,0.4332
2.2000,3.8500,0.4269,0.4269
2.2000,3.9000,0.4322,0.4322
2.2000,3.9500,0.4395,0.4395
2.2000,4.0000,0.4486,0.4486
2.2000,4.0500,0.5038,0.5038
2.2000,4.1000,0.5096,0.5096
2.2000,4.1500,0.5128,0.5128
2.2000,4.2000,0.5116,0.5116
2.2000,4.2500,0.5062,0.5062
2.2000,4.3000,0.5003,0.5003
2.2500,0.2500,1.1231,0.7847
2.2500,0.3000,1.1141,0.7822
2.2500,0.3500,1.0991,0.7773
2.2500,0.4000,1.0744,0.7681
2.2500,0.4500,1.1153,0.8522
2.2500,0.5000,0.9209,0.6495
2.2500,0.5500,0.8370,0.6028
2.2500,0.6000,0.8185,0.5907
2.2500,0.6500,0.8508,0.5760
2.2500,0.7000,0.8982,0.5887
2.2500,0.7500,0.9142,0.5805
2.2500,0.8000,0.9013,0.5533
2.2500,0.8500,0.8594,0.5085
2.2500,0.9000,0.5104,0.3015
2.2500,0.9500,0.5028,0.3002
2.2500,1.0000,0.5548,0.3197
2.2500,1.0500,0.3104,0.3104
2.2500,1.1000,0.3083,0.3083
2.2500,1.1500,0.3073,0.3073
2.2500,1.2000,0.4377,0.4377
2.2500,1.2500,0.6664,0.4764
2.2500,1.3000,0.5762,0.3597
2.2500,1.3500,0.6054,0.3703
2.2500,1.4000,0.7661,0.5573
2.2500,1.4500,0.8077,0.5760
2.2500,1.5000,1.0462,0.7802
2.2500,1.5500,1.0505,0.8518
2.2500,1.6000,1.2268,1.2092
2.2500,1.6500,1.2354,1.3213
2.2500,1.7000,1.2292,1.3210
2.2500,1.7500,1.2263,1.3224
2.2500,1.8000,1.2880,1.3598
2.2500,1.8500,1.4018,1.4143
2.2500,1.9000,1.5009,1.4643
2.2500,1.9500,1.5812,1.4757
2.2500,2.0000,1.5862,1.4808
2.2500,2.0500,1.6042,1.6200
2.2500,2.1000,1.6022,1.6152
2.2500,2.1500,1.5514,1.5525
2.2500,2.2000,1.5475,1.5467
2.2500,2.2500,1.5434,1.5399
2.2500,2.3000,1.6077,1.5991
2.2500,2.3500,1.5523,1.5249
2.2500,2.4000,1.4428,1.4617
2.2500,2.4500,1.3795,1.4123
2.2500,2.5000,1.3212,1.3462
2.2500,2.5500,1.2677,1.2801
2.2500,2.6000,1.2152,1.2126
2.2500,2.6500,1.1581,1.1384
2.2500,2.7000,1.0795,1.0549
2.2500,2.7500,0.9874,1.0060
2.2500,2.8000,0.9687,0.9759
2.2500,2.8500,1.0003,0.9816
2.2500,2.9000,0.9642,0.9509
2.2500,2.9500,0.9161,0.9131
2.2500,3.0000,0.8346,0.8520
2.2500,3.0500,0.7577,0.7822
2.2500,3.1000,1.0427,1.1964
2.2500,3.1500,0.8670,0.9780
2.2500,3.2000,0.8926,1.0103
2.2500,3.2500,0.8615,0.9886
2.2500,3.3000,0.8535,0.9803
2.2500,3.3500,0.8298,0.9698
2.2500,3.4000,0.8147,0.9558
2.2500,3.4500,0.6292,0.6592
2.2500,3.5000,0.5954,0.5512
2.2500,3.5500,0.5843,0.5328
2.2500,3.6000,0.5782,0.4852
2.2500,3.6500,0.3873,0.3804
2.2500,3.7000,0.3673,0.3628
2.2500,3.7500,0.3917,0.3978
2.2500,3.8000,0.4306,0.4306
2.2500,3.8500,0.4258,0.4258
2.2500,3.9000,0.4328,0.4328
2.2500,3.9500,0.4428,0.4428
2.2500,4.0000,0.4560,0.4560
2.2500,4.0500,0.5095,0.5095
2.2500,4.1000,0.5198,0.5198
2.2500,4.1500,0.5251,0.5251
2.2500,4.2000,0.5239,0.5239
2.3000,0.3000,1.2062,0.8588
2.3000,0.3500,1.1908,0.8585
2.3000,0.4000,1.1669,0.8569
2.3000,0.4500,1.1314,0.8529
2.3000,0.5000,1.0834,0.8449
2.3000,0.5500,1.0356,0.8340
2.3000,0.6000,0.8598,0.5845
2.3000,0.6500,0.8886,0.5948
2.3000,0.7000,0.9174,0.6002
2.3000,0.7500,0.9281,0.5917
2.3000,0.8000,0.9150,0.5659
2.3000,0.8500,0.8736,0.5212
2.3000,0.9000,0.6208,0.4552
2.3000,0.9500,0.5900,0.4356
2.3000,1.0000,0.6297,0.4773
2.3000,1.0500,0.6950,0.4907
2.3000,1.1000,0.6965,0.4918
2.3000,1.1500,0.6831,0.4857
2.3000,1.2000,0.6552,0.4728
2.3000,1.2500,0.6331,0.4592
2.3000,1.3000,0.6614,0.5061
2.3000,1.3500,0.7181,0.5326
2.3000,1.4000,0.7792,0.5605
2.3000,1.4500,1.0000,0.7674
2.3000,1.5000,1.1383,0.8738
2.3000,1.5500,1.2842,1.2377
2.3000,1.6000,1.4423,1.4705
2.3000,1.6500,1.4469,1.4733
2.3000,1.7000,1.4300,1.4572
2.3000,1.7500,1.4101,1.4387
2.3000,1.8000,1.3983,1.4267
2.3000,1.8500,1.5791,1.4699
2.3000,1.9000,1.5788,1.4739
2.3000,1.9500,1.5957,1.4854
2.3000,2.0000,1.5967,1.4884
2.3000,2.0500,1.6096,1.6216
2.3000,2.1000,1.6060,1.6160
2.3000,2.1500,1.5508,1.5519
2.3000,2.2000,1.5452,1.5455
2.3000,2.2500,1.5380,1.5369
2.3000,2.3000,1.5286,1.5253
2.3000,2.3500,1.4382,1.4486
2.3000,2.4000,1.4575,1.4808
2.3000,2.4500,1.4041,1.4314
2.3000,2.5000,1.3256,1.3595
2.3000,2.5500,1.2685,1.2887
2.3000,2.6000,1.2131,1.2193
2.3000,2.6500,1.1507,1.1439
2.3000,2.7000,1.0750,1.0590
2.3000,2.7500,0.9276,0.9460
2.3000,2.8000,0.9841,0.9776
2.3000,2.8500,0.9864,0.9709
2.3000,2.9000,0.9719,0.9550
2.3000,2.9500,0.9464,0.9337
2.3000,3.0000,0.9097,0.9050
2.3000,3.0500,0.8531,0.8730
2.3000,3.1000,1.1055,1.1756
2.3000,3.1500,1.2321,1.3129
2.3000,3.2000,0.9324,1.0380
2.3000,3.2500,0.9259,1.0420
2.3000,3.3000,0.8854,1.0304
2.3000,3.3500,0.8630,1.0183
2.3000,3.4000,1.0824,1.3422
2.3000,3.4500,0.9307,1.0401
2.3000,3.5000,0.5863,0.5344
2.3000,3.5500,0.5802,0.5293
2.3000,3.6000,0.5765,0.5274
2.3000,3.6500,0.3814,0.3765
2.3000,3.7000,0.3795,0.3759
2.3000,3.7500,0.3688,0.3660
2.3000,3.8000,0.3843,0.3944
2.3000,3.8500,0.4223,0.4223
2.3000,3.9000,0.4310,0.4310
2.3000,3.9500,0.4438,0.4438
2.3000,4.0000,0.4604,0.4604
2.3000,4.0500,0.5124,0.5124
2.3000,4.1000,0.5325,0.5325
2.3000,4.1500,0.5335,0.5335
2.3000,4.2000,0.5262,0.5262
2.3500,0.3500,1.1665,1.0629
2.3500,0.4000,1.1802,0.8580
2.3500,0.4500,1.1569,0.8565
2.3500,0.5000,1.1302,0.8540
2.3500,0.5500,1.1090,0.8512
2.3500,0.6000,1.1057,0.8501
2.3500,0.6500,1.0466,0.7547
2.3500,0.7000,1.0125,0.7187
2.3500,0.7500,1.0204,0.7156
2.3500,0.8000,1.0114,0.7002
2.3500,0.8500,0.9796,0.6692
2.3500,0.9000,0.6902,0.4815
2.3500,0.9500,0.6697,0.4791
2.3500,1.0000,0.6802,0.5013
2.3500,1.0500,0.6822,0.5040
2.3500,1.1000,0.7166,0.5020
2.3500,1.1500,0.6951,0.4926
2.3500,1.2000,0.8180,0.5468
2.3500,1.2500,0.7765,0.5383
2.3500,1.3000,0.6269,0.4866
2.3500,1.3500,0.8123,0.6045
2.3500,1.4000,0.8992,0.6643
2.3500,1.4500,1.0631,0.7864
2.3500,1.5000,1.2738,1.1383
2.3500,1.5500,1.4802,1.4378
2.3500,1.6000,1.5587,1.5655
2.3500,1.6500,1.5623,1.5645
2.3500,1.7000,1.5163,1.5195
2.3500,1.7500,1.5455,1.5162
2.3500,1.8000,1.5165,1.4917
2.3500,1.8500,1.5794,1.4605
2.3500,1.9000,1.5984,1.4873
2.3500,1.9500,1.5951,1.4904
2.3500,2.0000,1.5925,1.4924
2.3500,2.0500,1.6176,1.6328
2.3500,2.1000,1.6130,1.6285
2.3500,2.1500,1.5510,1.5526
2.3500,2.2000,1.5442,1.5460
2.3500,2.2500,1.5352,1.5369
2.3500,2.3000,1.5218,1.5234
2.3500,2.3500,1.4167,1.4295
2.3500,2.4000,1.4217,1.4484
2.3500,2.4500,1.3866,1.4147
2.3500,2.5000,1.3367,1.3525
2.3500,2.5500,1.2672,1.2921
2.3500,2.6000,1.2187,1.2321
2.3500,2.6500,1.1661,1.1705
2.3500,2.7000,1.0047,0.9646
2.3500,2.7500,0.8165,0.8559
2.3500,2.8000,0.9695,0.9635
2.3500,2.8500,0.9837,0.9664
2.3500,2.9000,0.9889,0.9642
2.3500,2.9500,0.9946,0.9647
2.3500,3.0000,1.0151,0.9800
2.3500,3.0500,1.2717,1.3854
2.3500,3.1000,1.3191,1.3712
2.3500,3.1500,1.3293,1.4189
2.3500,3.2000,1.3456,1.4525
2.3500,3.2500,1.3376,1.4623
2.3500,3.3000,1.3064,1.4511
2.3500,3.3500,1.1551,1.4102
2.3500,3.4000,1.0224,1.2318
2.3500,3.4500,0.9533,0.8727
2.3500,3.5000,0.5801,0.5265
2.3500,3.5500,0.5717,0.5198
2.3500,3.6000,0.5653,0.5160
2.3500,3.6500,0.3670,0.3635
2.3500,3.7000,0.3727,0.3719
2.3500,3.7500,0.3626,0.3621
2.3500,3.8000,0.3678,0.3679
2.3500,3.8500,0.3908,0.4055
2.3500,3.9000,0.4248,0.4248
2.3500,3.9500,0.4404,0.4404
2.3500,4.0000,0.4869,0.4869
2.3500,4.0500,0.5020,0.5020
2.3500,4.1000,0.5261,0.5261
2.3500,4.1500,0.5342,0.5342
2.3500,4.2000,0.5203,0.5203
2.4000,0.4000,1.4189,1.5111
2.4000,0.4500,1.4009,1.5018
2.4000,0.5000,1.3829,1.4921
2.4000,0.5500,1.1788,1.0815
2.4000,0.6000,1.1202,1.0067
2.4000,0.6500,1.1317,1.0102
2.4000,0.7000,1.1463,1.0115
2.4000,0.7500,1.1562,1.0059
2.4000,0.8000,1.1549,0.9887
2.4000,0.8500,1.1399,0.9588
2.4000,0.9000,0.8321,0.6769
2.4000,0.9500,0.9015,0.8119
2.4000,1.0000,0.8833,0.7980
2.4000,1.0500,0.8701,0.7355
2.4000,1.1000,1.0597,0.8049
2.4000,1.1500,1.1346,0.9431
2.4000,1.2000,1.2813,1.1852
2.4000,1.2500,1.3071,1.3189
2.4000,1.3000,1.3257,1.3386
2.4000,1.3500,1.2644,1.3728
2.4000,1.4000,1.3710,1.4665
2.4000,1.4500,1.3834,1.3223
2.4000,1.5000,1.4443,1.3970
2.4000,1.5500,1.5640,1.5157
2.4000,1.6000,1.7030,1.6637
2.4000,1.6500,1.7030,1.6921
2.4000,1.7000,1.6611,1.6102
2.4000,1.7500,1.5886,1.5444
2.4000,1.8000,1.5472,1.5094
2.4000,1.8500,1.6486,1.5123
2.4000,1.9000,1.5916,1.4820
2.4000,1.9500,1.5882,1.4896
2.4000,2.0000,1.7336,1.6691
2.4000,2.0500,1.6157,1.6348
2.4000,2.1000,1.6090,1.6285
2.4000,2.1500,1.6004,1.6201
2.4000,2.2000,1.5969,1.6015
2.4000,2.2500,1.5368,1.5406
2.4000,2.3000,1.5262,1.5307
2.4000,2.3500,1.3925,1.3962
2.4000,2.4000,1.3289,1.3511
2.4000,2.4500,1.3021,1.3248
2.4000,2.5000,1.3265,1.3322
2.4000,2.5500,1.1386,1.1604
2.4000,2.6000,1.0821,1.0624
2.4000,2.6500,1.0485,1.0199
2.4000,2.7000,1.0248,0.9910
2.4000,2.7500,0.9144,0.9002
2.4000,2.8000,0.9764,0.9637
2.4000,2.8500,0.9905,0.9680
2.4000,2.9000,1.0059,0.9732
2.4000,2.9500,1.0305,0.9860
2.4000,3.0000,1.4248,1.4636
2.4000,3.0500,1.5014,1.4984
2.4000,3.1000,1.4722,1.5350
2.4000,3.1500,1.4553,1.5343
2.4000,3.2000,1.4385,1.5338
2.4000,3.2500,1.3967,1.5135
2.4000,3.3000,1.3248,1.4716
2.4000,3.3500,1.0773,1.3296
2.4000,3.4000,1.0150,1.1037
2.4000,3.4500,0.8996,0.8112
2.4000,3.5000,0.5701,0.5131
2.4000,3.5500,0.5596,0.5054
2.4000,3.6000,0.5489,0.4983
2.4000,3.6500,0.3590,0.3587
2.4000,3.7000,0.3311,0.3334
2.4000,3.7500,0.3315,0.3326
2.4000,3.8000,0.3584,0.3619
2.4000,3.8500,0.3755,0.3876
2.4000,3.9000,0.4186,0.4186
2.4000,3.9500,0.4324,0.4324
2.4000,4.0000,0.4618,0.4618
2.4000,4.0500,0.4739,0.4739
2.4000,4.1000,0.4968,0.4968
2.4000,4.1500,0.5096,0.5096
2.4000,4.2000,0.5089,0.5089
2.4500,0.4500,1.5078,1.7066
2.4500,0.5000,1.4986,1.7027
2.4500,0.5500,1.4938,1.7020
2.4500,0.6000,1.4963,1.7065
2.4500,0.6500,1.5061,1.7160
2.4500,0.7000,1.5374,1.7452
2.4500,0.7500,1.2038,1.1756
2.4500,0.8000,1.2178,1.1791
2.4500,0.8500,1.2175,1.1676
2.4500,0.9000,1.2020,1.1409
2.4500,0.9500,1.2333,1.2228
2.4500,1.0000,1.2123,1.1997
2.4500,1.0500,1.4517,1.5322
2.4500,1.1000,1.3158,1.3433
2.4500,1.1500,1.4759,1.3841
2.4500,1.2000,1.4306,1.3455
2.4500,1.2500,1.4587,1.4527
2.4500,1.3000,1.3368,1.3080
2.4500,1.3500,1.4003,1.3644
2.4500,1.4000,1.4850,1.6362
2.4500,1.4500,1.5632,1.7022
2.4500,1.5000,1.5446,1.4738
2.4500,1.5500,1.5891,1.5382
2.4500,1.6000,1.8021,1.7674
2.4500,1.6500,1.7966,1.7436
2.4500,1.7000,1.6812,1.6243
2.4500,1.7500,1.6058,1.5544
2.4500,1.8000,1.6841,1.5343
2.4500,1.8500,1.6596,1.5223
2.4500,1.9000,1.6487,1.5252
2.4500,1.9500,1.6101,1.5202
2.4500,2.0000,1.7036,1.6386
2.4500,2.0500,1.6265,1.6444
2.4500,2.1000,1.6182,1.6365
2.4500,2.1500,1.6077,1.6269
2.4500,2.2000,1.6025,1.6105
2.4500,2.2500,1.5894,1.5987
2.4500,2.3000,1.5764,1.5865
2.4500,2.3500,1.4726,1.4907
2.4500,2.4000,1.2928,1.2833
2.4500,2.4500,1.2673,1.2657
2.4500,2.5000,1.2320,1.2320
2.4500,2.5500,1.1943,1.1922
2.4500,2.6000,1.0678,1.0514
2.4500,2.6500,1.0436,1.0205
2.4500,2.7000,1.0300,1.0023
2.4500,2.7500,0.9954,0.9364
2.4500,2.8000,0.9072,0.8999
2.4500,2.8500,0.9982,0.9709
2.4500,2.9000,1.0153,0.9781
2.4500,2.9500,1.3450,1.3506
2.4500,3.0000,1.3971,1.4724
2.4500,3.0500,1.4634,1.5532
2.4500,3.1000,1.5259,1.6043
2.4500,3.1500,1.5750,1.6432
2.4500,3.2000,1.5608,1.6385
2.4500,3.2500,1.4896,1.5893
2.4500,3.3000,1.3681,1.5079
2.4500,3.3500,1.1300,1.2764
2.4500,3.4000,0.9855,0.9828
2.4500,3.4500,0.8365,0.7533
2.4500,3.5000,0.8689,0.7761
2.4500,3.5500,0.5469,0.4893
2.4500,3.6000,0.5094,0.4407
2.4500,3.6500,0.4199,0.3560
2.4500,3.7000,0.3233,0.3302
2.4500,3.7500,0.3213,0.3272
2.4500,3.8000,0.3443,0.3526
2.4500,3.8500,0.3528,0.3581
2.4500,3.9000,0.3965,0.3965
2.4500,3.9500,0.3924,0.3924
2.4500,4.0000,0.3884,0.3884
2.4500,4.0500,0.4387,0.4387
2.4500,4.1000,0.4724,0.4724
2.4500,4.1500,0.4914,0.4914
2.4500,4.2000,0.4982,0.4982
2.5000,0.5000,1.5250,1.7203
2.5000,0.5500,1.5266,1.7254
2.5000,0.6000,1.5527,1.7540
2.5000,0.6500,1.5671,1.7711
2.5000,0.7000,1.2353,1.2098
2.5000,0.7500,1.4945,1.5297
2.5000,0.8000,1.5221,1.5545
2.5000,0.8500,1.5314,1.5613
2.5000,0.9000,1.5120,1.5389
2.5000,0.9500,1.4757,1.4993
2.5000,1.0000,1.7422,1.7964
2.5000,1.0500,1.5036,1.5696
2.5000,1.1000,1.4753,1.5493
2.5000,1.1500,1.5581,1.6177
2.5000,1.2000,1.6453,1.6635
2.5000,1.2500,1.6325,1.6552
2.5000,1.3000,1.6477,1.6740
2.5000,1.3500,1.4697,1.4237
2.5000,1.4000,1.5302,1.6709
2.5000,1.4500,1.5879,1.7207
2.5000,1.5000,1.7799,1.9400
2.5000,1.5500,1.7410,1.6941
2.5000,1.6000,1.6853,1.6452
2.5000,1.6500,1.6858,1.6350
2.5000,1.7000,1.6464,1.5953
2.5000,1.7500,1.5965,1.5471
2.5000,1.8000,1.6834,1.5358
2.5000,1.8500,1.6625,1.5282
2.5000,1.9000,1.6523,1.5379
2.5000,1.9500,1.6318,1.5635
2.5000,2.0000,1.6917,1.6440
2.5000,2.0500,1.6266,1.6334
2.5000,2.1000,1.6306,1.6469
2.5000,2.1500,1.6230,1.6310
2.5000,2.2000,1.6090,1.6194
2.5000,2.2500,1.5955,1.6098
2.5000,2.3000,1.5843,1.6016
2.5000,2.3500,1.4404,1.4409
2.5000,2.4000,1.3714,1.3674
2.5000,2.4500,1.2446,1.2237
2.5000,2.5000,1.2089,1.1976
2.5000,2.5500,1.1722,1.1658
2.5000,2.6000,1.0893,1.0615
2.5000,2.6500,1.0261,1.0072
2.5000,2.7000,1.0196,0.9970
2.5000,2.7500,0.9934,0.8596
2.5000,2.8000,0.8540,0.8339
2.5000,2.8500,0.8576,0.8357
2.5000,2.9000,0.8707,0.8391
2.5000,2.9500,1.2762,1.2351
2.5000,3.0000,1.4201,1.5322
2.5000,3.0500,1.4986,1.5936
2.5000,3.1000,1.5968,1.6731
2.5000,3.1500,1.6173,1.7270
2.5000,3.2000,1.6571,1.7601
2.5000,3.2500,1.6578,1.7307
2.5000,3.3000,1.4107,1.5647
2.5000,3.3500,1.2449,1.4743
2.5000,3.4000,1.0367,1.1098
2.5000,3.4500,0.8778,0.8370
2.5000,3.5000,0.8605,0.7766
2.5000,3.5500,0.5195,0.4410
2.5000,3.6000,0.4835,0.4133
2.5000,3.6500,0.3972,0.3465
2.5000,3.7000,0.3121,0.3251
2.5000,3.7500,0.3005,0.3132
2.5000,3.8000,0.3045,0.3138
2.5000,3.8500,0.3417,0.3501
2.5000,3.9000,0.3572,0.3721
2.5000,3.9500,0.3678,0.3678
2.5000,4.0000,0.3586,0.3586
2.5000,4.0500,0.4262,0.4262
2.5000,4.1000,0.4641,0.4641
2.5000,4.1500,0.4850,0.4850
2.5000,4.2000,0.4932,0.4932
2.5500,0.5000,1.6087,1.8647
2.5500,0.5500,1.5685,1.7599
2.5500,0.6000,1.5803,1.7756
2.5500,0.6500,1.4732,1.5037
2.5500,0.7000,1.5102,1.5383
2.5500,0.7500,1.5624,1.5886
2.5500,0.8000,1.6241,1.6501
2.5500,0.8500,1.6596,1.6852
2.5500,0.9000,1.6240,1.6452
2.5500,0.9500,1.8607,1.8769
2.5500,1.0000,1.7952,1.8400
2.5500,1.0500,1.5473,1.6002
2.5500,1.1000,1.5164,1.5779
2.5500,1.1500,1.4925,1.5590
2.5500,1.2000,1.6981,1.6980
2.5500,1.2500,1.6968,1.7003
2.5500,1.3000,1.7135,1.7223
2.5500,1.3500,1.5032,1.5965
2.5500,1.4000,1.6430,1.7355
2.5500,1.4500,1.8496,1.9736
2.5500,1.5000,1.8876,2.0023
2.5500,1.5500,1.7968,1.7557
2.5500,1.6000,1.6076,1.5759
2.5500,1.6500,1.6101,1.5684
2.5500,1.7000,1.6013,1.5629
2.5500,1.7500,1.5748,1.5337
2.5500,1.8000,1.6750,1.5330
2.5500,1.8500,1.6606,1.5307
2.5500,1.9000,1.6527,1.5445
2.5500,1.9500,1.6747,1.6358
2.5500,2.0000,1.6888,1.6540
2.5500,2.0500,1.6537,1.6559
2.5500,2.1000,1.6233,1.6300
2.5500,2.1500,1.6323,1.6392
2.5500,2.2000,1.6151,1.6266
2.5500,2.2500,1.5999,1.6178
2.5500,2.3000,1.5868,1.6113
2.5500,2.3500,1.4473,1.4368
2.5500,2.4000,1.3674,1.3530
2.5500,2.4500,1.2281,1.1955
2.5500,2.5000,1.1878,1.1697
2.5500,2.5500,1.1458,1.1374
2.5500,2.6000,1.0580,1.0337
2.5500,2.6500,1.0460,1.0132
2.5500,2.7000,0.9029,0.8426
2.5500,2.7500,0.9732,0.8449
2.5500,2.8000,0.8381,0.8216
2.5500,2.8500,0.8404,0.8225
2.5500,2.9000,1.2216,1.1542
2.5500,2.9500,1.1824,1.2226
2.5500,3.0000,1.4174,1.5360
2.5500,3.0500,1.5144,1.6112
2.5500,3.1000,1.6605,1.7285
2.5500,3.1500,1.8192,1.9056
2.5500,3.2000,1.9833,2.0374
2.5500,3.2500,1.8308,1.9100
2.5500,3.3000,1.4844,1.6936
2.5500,3.3500,1.2735,1.4840
2.5500,3.4000,1.1425,1.2669
2.5500,3.4500,1.0520,1.0749
2.5500,3.5000,0.5681,0.4837
2.5500,3.5500,0.5120,0.4293
2.5500,3.6000,0.4165,0.3589
2.5500,3.6500,0.3160,0.3319
2.5500,3.7000,0.3099,0.3343
2.5500,3.7500,0.2945,0.3102
2.5500,3.8000,0.2986,0.3102
2.5500,3.8500,0.3386,0.3480
2.5500,3.9000,0.3465,0.3535
2.5500,3.9500,0.3809,0.3809
2.5500,4.0000,0.3886,0.3886
2.5500,4.0500,0.4193,0.4193
2.5500,4.1000,0.4746,0.4746
2.5500,4.1500,0.4902,0.4902
2.5500,4.2000,0.4942,0.4942
2.6000,0.5000,1.6216,1.8716
2.6000,0.5500,1.4914,1.5973
2.6000,0.6000,1.5087,1.6078
2.6000,0.6500,1.5369,1.6255
2.6000,0.7000,1.5816,1.6548
2.6000,0.7500,1.6156,1.6358
2.6000,0.8000,1.7243,1.7485
2.6000,0.8500,1.8380,1.8696
2.6000,0.9000,1.9972,1.9973
2.6000,0.9500,1.9108,1.9185
2.6000,1.0000,1.8326,1.8718
2.6000,1.0500,1.5794,1.6233
2.6000,1.1000,1.5484,1.5997
2.6000,1.1500,1.5272,1.5809
2.6000,1.2000,1.6826,1.8019
2.6000,1.2500,1.7466,1.8679
2.6000,1.3000,1.6272,1.7401
2.6000,1.3500,1.6508,1.7480
2.6000,1.4000,1.6751,1.7537
2.6000,1.4500,1.6998,1.7580
2.6000,1.5000,1.8752,2.0001
2.6000,1.5500,1.8438,1.9840
2.6000,1.6000,1.7873,1.7515
2.6000,1.6500,1.7853,1.7435
2.6000,1.7000,1.7123,1.7292
2.6000,1.7500,1.7280,1.6052
2.6000,1.8000,1.8125,1.7192
2.6000,1.8500,1.7908,1.7064
2.6000,1.9000,1.7730,1.7007
2.6000,1.9500,1.7423,1.6828
2.6000,2.0000,1.8123,1.7512
2.6000,2.0500,1.6840,1.6798
2.6000,2.1000,1.6339,1.6374
2.6000,2.1500,1.6058,1.6149
2.6000,2.2000,1.5871,1.6010
2.6000,2.2500,1.6047,1.6222
2.6000,2.3000,1.4792,1.4694
2.6000,2.3500,1.4452,1.4324
2.6000,2.4000,1.4129,1.4159
2.6000,2.4500,1.6361,1.6902
2.6000,2.5000,1.5212,1.5572
2.6000,2.5500,1.4623,1.5182
2.6000,2.6000,1.3738,1.4390
2.6000,2.6500,0.9000,0.8562
2.6000,2.7000,0.8946,0.8634
2.6000,2.7500,0.9479,0.8266
2.6000,2.8000,1.1889,1.0223
2.6000,2.8500,1.1939,1.0841
2.6000,2.9000,1.1811,1.1020
2.6000,2.9500,1.1506,1.1739
2.6000,3.0000,1.2841,1.3901
2.6000,3.0500,1.4877,1.5882
2.6000,3.1000,1.6302,1.7626
2.6000,3.1500,1.9008,1.9664
2.6000,3.2000,2.3032,2.3010
2.6000,3.2500,1.9910,2.0742
2.6000,3.3000,1.6082,1.8265
2.6000,3.3500,1.3721,1.5325
2.6000,3.4000,1.2284,1.3394
2.6000,3.4500,1.1227,1.1543
2.6000,3.5000,0.7139,0.6096
2.6000,3.5500,0.5104,0.4244
2.6000,3.6000,0.3363,0.3442
2.6000,3.6500,0.3294,0.3374
2.6000,3.7000,0.3291,0.3506
2.6000,3.7500,0.3038,0.3247
2.6000,3.8000,0.2974,0.3053
2.6000,3.8500,0.3456,0.3526
2.6000,3.9000,0.3537,0.3585
2.6000,3.9500,0.3619,0.3647
2.6000,4.0000,0.4140,0.4140
2.6000,4.0500,0.4388,0.4388
2.6000,4.1000,0.4721,0.4721
2.6000,4.1500,0.5017,0.5017
2.6000,4.2000,0.4973,0.4973
2.6500,0.5500,1.5010,1.6006
2.6500,0.6000,1.5197,1.6113
2.6500,0.6500,1.5491,1.6292
2.6500,0.7000,1.5947,1.6587
2.6500,0.7500,1.6645,1.7069
2.6500,0.8000,1.7675,1.7832
2.6500,0.8500,2.1132,2.0409
2.6500,0.9000,2.0917,2.1301
2.6500,0.9500,2.0210,2.0772
2.6500,1.0000,1.9797,2.0541
2.6500,1.0500,1.9300,2.0083
2.6500,1.1000,1.8857,1.9633
2.6500,1.1500,1.8373,1.9096
2.6500,1.2000,1.6869,1.7962
2.6500,1.2500,1.4601,1.6418
2.6500,1.3000,1.6737,1.7714
2.6500,1.3500,1.6955,1.7763
2.6500,1.4000,1.7104,1.7738
2.6500,1.4500,1.7228,1.7689
2.6500,1.5000,1.9054,2.0259
2.6500,1.5500,1.8380,1.9898
2.6500,1.6000,2.1056,2.0714
2.6500,1.6500,1.9437,1.8657
2.6500,1.7000,1.8816,1.8030
2.6500,1.7500,1.8634,1.7840
2.6500,1.8000,1.8438,1.7659
2.6500,1.8500,1.7963,1.7160
2.6500,1.9000,1.7902,1.7145
2.6500,1.9500,1.7293,1.6349
2.6500,2.0000,1.7720,1.6982
2.6500,2.0500,1.7517,1.6728
2.6500,2.1000,1.6276,1.6313
2.6500,2.1500,1.6035,1.6127
2.6500,2.2000,1.5871,1.6006
2.6500,2.2500,1.4715,1.4658
2.6500,2.3000,1.4609,1.4573
2.6500,2.3500,1.4426,1.4447
2.6500,2.4000,1.7629,1.8308
2.6500,2.4500,1.6556,1.7044
2.6500,2.5000,1.5349,1.5664
2.6500,2.5500,1.4657,1.5196
2.6500,2.6000,1.2432,1.2860
2.6500,2.6500,1.0867,1.1472
2.6500,2.7000,1.1540,1.1853
2.6500,2.7500,1.2779,1.2634
2.6500,2.8000,1.5855,1.3873
2.6500,2.8500,1.2623,1.1550
2.6500,2.9000,1.1848,1.1750
2.6500,2.9500,1.1213,1.1726
2.6500,3.0000,1.2431,1.3779
2.6500,3.0500,1.3628,1.4736
2.6500,3.1000,1.5487,1.7000
2.6500,3.1500,1.7695,1.8646
2.6500,3.2000,1.9460,2.0057
2.6500,3.2500,1.8391,1.9925
2.6500,3.3000,1.6109,1.8295
2.6500,3.3500,1.4287,1.5345
2.6500,3.4000,1.2898,1.3723
2.6500,3.4500,0.8131,0.7382
2.6500,3.5000,0.7340,0.6277
2.6500,3.5500,0.3429,0.3520
2.6500,3.6000,0.3536,0.3634
2.6500,3.6500,0.3592,0.3679
2.6500,3.7000,0.3476,0.3631
2.6500,3.7500,0.3411,0.3620
2.6500,3.8000,0.3106,0.3300
2.6500,3.8500,0.3046,0.3101
2.6500,3.9000,0.3621,0.3635
2.6500,3.9500,0.3710,0.3703
2.6500,4.0000,0.4451,0.4326
2.6500,4.0500,0.4624,0.4478
2.6500,4.1000,0.5037,0.4906
2.6500,4.1500,0.5074,0.4934
2.6500,4.2000,0.5039,0.4895
2.6500,4.2500,0.4940,0.4940
2.7000,0.6000,1.5248,1.6105
2.7000,0.6500,1.5520,1.6259
2.7000,0.7000,1.5909,1.6502
2.7000,0.7500,1.6435,1.6860
2.7000,0.8000,2.0058,1.9833
2.7000,0.8500,2.0219,1.9904
2.7000,0.9000,2.1061,2.0591
2.7000,0.9500,2.2059,2.2909
2.7000,1.0000,2.1739,2.2873
2.7000,1.0500,2.0140,2.0956
2.7000,1.1000,1.9470,2.0714
2.7000,1.1500,1.8938,2.0704
2.7000,1.2000,1.7080,1.9447
2.7000,1.2500,1.5659,1.7174
2.7000,1.3000,1.5862,1.7182
2.7000,1.3500,1.5846,1.6938
2.7000,1.4000,1.7541,1.7993
2.7000,1.4500,1.7536,1.7821
2.7000,1.5000,1.8981,2.0470
2.7000,1.5500,2.0661,2.1851
2.7000,1.6000,2.0064,2.1135
2.7000,1.6500,1.8800,1.8186
2.7000,1.7000,1.8657,1.7971
2.7000,1.7500,1.8477,1.7765
2.7000,1.8000,1.8284,1.7577
2.7000,1.8500,1.8127,1.7436
2.7000,1.9000,1.7778,1.7047
2.7000,1.9500,1.7387,1.6539
2.7000,2.0000,1.7543,1.6630
2.7000,2.0500,1.6577,1.6781
2.7000,2.1000,1.6455,1.6691
2.7000,2.1500,1.5483,1.5474
2.7000,2.2000,1.5837,1.5976
2.7000,2.2500,1.4323,1.4345
2.7000,2.3000,1.4481,1.4499
2.7000,2.3500,1.7768,1.8282
2.7000,2.4000,1.7720,1.8245
2.7000,2.4500,1.6891,1.7274
2.7000,2.5000,1.4713,1.4788
2.7000,2.5500,1.4161,1.4395
2.7000,2.6000,1.3096,1.3383
2.7000,2.6500,1.2979,1.3618
2.7000,2.7000,1.2998,1.3380
2.7000,2.7500,1.5943,1.4505
2.7000,2.8000,1.6553,1.4891
2.7000,2.8500,1.4930,1.5023
2.7000,2.9000,1.4822,1.5314
2.7000,2.9500,1.2373,1.3339
2.7000,3.0000,1.2044,1.2860
2.7000,3.0500,1.3514,1.4152
2.7000,3.1000,1.5445,1.6755
2.7000,3.1500,1.7009,1.7850
2.7000,3.2000,1.6364,1.8092
2.7000,3.2500,1.6402,1.8441
2.7000,3.3000,1.4419,1.6065
2.7000,3.3500,1.3744,1.4482
2.7000,3.4000,1.2524,1.3036
2.7000,3.4500,0.8365,0.7553
2.7000,3.5000,0.6743,0.5072
2.7000,3.5500,0.5639,0.4045
2.7000,3.6000,0.3555,0.3664
2.7000,3.6500,0.3568,0.3677
2.7000,3.7000,0.3551,0.3688
2.7000,3.7500,0.3525,0.3694
2.7000,3.8000,0.3510,0.3697
2.7000,3.8500,0.3507,0.3699
2.7000,3.9000,0.3658,0.3614
2.7000,3.9500,0.4143,0.4018
2.7000,4.0000,0.4235,0.4057
2.7000,4.0500,0.4647,0.4478
2.7000,4.1000,0.4679,0.4481
2.7000,4.1500,0.5033,0.4881
2.7000,4.2000,0.4926,0.4789
2.7000,4.2500,0.4899,0.4772
2.7000,4.3000,0.4857,0.4757
2.7500,0.6000,1.5266,1.6064
2.7500,0.6500,1.5503,1.6180
2.7500,0.7000,1.5810,1.6353
2.7500,0.7500,1.6649,1.6089
2.7500,0.8000,2.0258,1.8512
2.7500,0.8500,2.0717,2.0416
2.7500,0.9000,2.0514,2.0354
2.7500,0.9500,2.0238,2.0330
2.7500,1.0000,2.1447,2.2733
2.7500,1.0500,2.0027,2.0863
2.7500,1.1000,1.9622,2.0791
2.7500,1.1500,1.8237,1.9996
2.7500,1.2000,1.6679,1.8768
2.7500,1.2500,1.7887,1.9321
2.7500,1.3000,1.8126,1.8993
2.7500,1.3500,1.8235,1.8495
2.7500,1.4000,1.8566,1.8032
2.7500,1.4500,1.9714,1.8972
2.7500,1.5000,2.0674,2.1857
2.7500,1.5500,2.0390,2.1488
2.7500,1.6000,2.1063,2.1527
2.7500,1.6500,1.8707,1.8258
2.7500,1.7000,1.8534,1.7918
2.7500,1.7500,1.8323,1.7680
2.7500,1.8000,1.8076,1.7447
2.7500,1.8500,1.7849,1.7249
2.7500,1.9000,1.7777,1.7178
2.7500,1.9500,1.6273,1.6028
2.7500,2.0000,1.6369,1.6369
2.7500,2.0500,1.6435,1.6435
2.7500,2.1000,1.6427,1.6427
2.7500,2.1500,1.6387,1.6387
2.7500,2.2000,1.6341,1.6341
2.7500,2.2500,1.7053,1.7363
2.7500,2.3000,1.7658,1.8154
2.7500,2.3500,1.8102,1.8510
2.7500,2.4000,1.8115,1.8521
2.7500,2.4500,1.8331,1.8759
2.7500,2.5000,1.5882,1.5969
2.7500,2.5500,1.5527,1.5695
2.7500,2.6000,1.5040,1.5313
2.7500,2.6500,1.4616,1.4974
2.7500,2.7000,1.4403,1.4589
2.7500,2.7500,1.6768,1.5142
2.7500,2.8000,1.6838,1.5172
2.7500,2.8500,1.6169,1.6361
2.7500,2.9000,1.6418,1.7227
2.7500,2.9500,1.5249,1.6382
2.7500,3.0000,1.1418,1.2235
2.7500,3.0500,1.3638,1.3750
2.7500,3.1000,1.5420,1.6686
2.7500,3.1500,1.6593,1.7666
2.7500,3.2000,1.7217,1.8262
2.7500,3.2500,1.5628,1.7834
2.7500,3.3000,1.3763,1.5640
2.7500,3.3500,1.3609,1.4466
2.7500,3.4000,1.3075,1.3822
2.7500,3.4500,0.9040,0.8345
2.7500,3.5000,0.6477,0.4437
2.7500,3.5500,0.5763,0.4106
2.7500,3.6000,0.5115,0.3874
2.7500,3.6500,0.3557,0.3662
2.7500,3.7000,0.3612,0.3729
2.7500,3.7500,0.3625,0.3764
2.7500,3.8000,0.3603,0.3760
2.7500,3.8500,0.3577,0.3745
2.7500,3.9000,0.4124,0.4170
2.7500,3.9500,0.4179,0.4036
2.7500,4.0000,0.4237,0.4047
2.7500,4.0500,0.4411,0.4179
2.7500,4.1000,0.4650,0.4453
2.7500,4.1500,0.4912,0.4773
2.7500,4.2000,0.4902,0.4770
2.7500,4.2500,0.4883,0.4761
2.7500,4.3000,0.4865,0.4752
2.8000,0.6000,1.3271,1.4264
2.8000,0.6500,1.5493,1.6080
2.8000,0.7000,1.7574,1.6008
2.8000,0.7500,1.7727,1.6112
2.8000,0.8000,1.7814,1.6197
2.8000,0.8500,1.7769,1.6226
2.8000,0.9000,1.9555,1.8167
2.8000,0.9500,1.9747,1.9983
2.8000,1.0000,1.9614,2.0066
2.8000,1.0500,1.9859,2.0637
2.8000,1.1000,1.7991,1.9135
2.8000,1.1500,1.9029,2.0363
2.8000,1.2000,1.8291,1.9824
2.8000,1.2500,1.9106,2.0973
2.8000,1.3000,1.9885,2.0607
2.8000,1.3500,1.9202,1.9395
2.8000,1.4000,1.9091,1.8459
2.8000,1.4500,1.8618,1.7484
2.8000,1.5000,1.9312,1.8943
2.8000,1.5500,2.0362,2.0539
2.8000,1.6000,2.0353,2.0049
2.8000,1.6500,2.0045,1.9554
2.8000,1.7000,1.8460,1.7926
2.8000,1.7500,1.7372,1.7210
2.8000,1.8000,1.7079,1.6975
2.8000,1.8500,1.6742,1.6690
2.8000,1.9000,1.5920,1.5762
2.8000,1.9500,1.6413,1.6264
2.8000,2.0000,1.6110,1.6110
2.8000,2.0500,1.6238,1.6238
2.8000,2.1000,1.6293,1.6293
2.8000,2.1500,1.6307,1.6307
2.8000,2.2000,1.6302,1.6302
2.8000,2.2500,2.0034,2.0034
2.8000,2.3000,1.8294,1.8294
2.8000,2.3500,1.8430,1.8430
2.8000,2.4000,1.8285,1.8742
2.8000,2.4500,1.8743,1.9065
2.8000,2.5000,1.6998,1.7000
2.8000,2.5500,1.6630,1.6541
2.8000,2.6000,1.6385,1.6358
2.8000,2.6500,1.6039,1.6092
2.8000,2.7000,1.7905,1.6588
2.8000,2.7500,1.7080,1.6268
2.8000,2.8000,1.6858,1.6119
2.8000,2.8500,1.6043,1.6588
2.8000,2.9000,1.6991,1.7579
2.8000,2.9500,1.6275,1.7106
2.8000,3.0000,1.3529,1.3670
2.8000,3.0500,1.4169,1.4274
2.8000,3.1000,1.5126,1.5198
2.8000,3.1500,1.6007,1.7267
2.8000,3.2000,1.6451,1.7729
2.8000,3.2500,1.4103,1.5842
2.8000,3.3000,1.4211,1.6376
2.8000,3.3500,1.4483,1.5928
2.8000,3.4000,1.3440,1.4394
2.8000,3.4500,0.8635,0.7350
2.8000,3.5000,0.6630,0.4528
2.8000,3.5500,0.5857,0.4162
2.8000,3.6000,0.5087,0.3893
2.8000,3.6500,0.3588,0.3660
2.8000,3.7000,0.3759,0.3839
2.8000,3.7500,0.3760,0.3867
2.8000,3.8000,0.3698,0.3829
2.8000,3.8500,0.4015,0.4169
2.8000,3.9000,0.4201,0.4238
2.8000,3.9500,0.4166,0.4079
2.8000,4.0000,0.4286,0.4115
2.8000,4.0500,0.4310,0.4112
2.8000,4.1000,0.4523,0.4349
2.8000,4.1500,0.4642,0.4451
2.8000,4.2000,0.4887,0.4761
2.8000,4.2500,0.4870,0.4755
2.8000,4.3000,0.5602,0.5855
2.8000,4.8000,0.9718,1.0231
2.8000,4.8500,0.9794,1.0290
2.8000,4.9000,0.9887,1.0366
2.8000,4.9500,1.0011,1.0479
2.8000,5.0000,1.0108,1.0573
2.8000,5.0500,1.0120,1.0593
2.8000,5.1000,1.0068,1.0557
2.8500,0.6500,1.7384,1.5893
2.8500,0.7000,1.7533,1.5986
2.8500,0.7500,1.7661,1.6074
2.8500,0.8000,1.7703,1.6126
2.8500,0.8500,1.7603,1.6127
2.8500,0.9000,1.7332,1.6061
2.8500,0.9500,1.6933,1.5900
2.8500,1.0000,1.7182,1.6745
2.8500,1.0500,1.7445,1.7706
2.8500,1.1000,1.8028,1.8711
2.8500,1.1500,1.7035,1.7800
2.8500,1.2000,1.9672,2.0930
2.8500,1.2500,2.1767,2.3354
2.8500,1.3000,2.1838,2.2536
2.8500,1.3500,2.0118,2.0324
2.8500,1.4000,1.9473,1.8807
2.8500,1.4500,1.8755,1.7667
2.8500,1.5000,2.1879,2.2283
2.8500,1.5500,2.1560,2.1856
2.8500,1.6000,2.0450,2.0080
2.8500,1.6500,2.2876,2.2161
2.8500,1.7000,1.9979,2.0392
2.8500,1.7500,1.9443,1.9669
2.8500,1.8000,1.8994,1.9270
2.8500,1.8500,1.8239,1.8571
2.8500,1.9000,1.5287,1.5287
2.8500,1.9500,1.5896,1.5896
2.8500,2.0000,1.8913,1.8913
2.8500,2.0500,1.6107,1.6107
2.8500,2.1000,1.6194,1.6194
2.8500,2.1500,1.6239,1.6239
2.8500,2.2000,1.9706,1.9706
2.8500,2.2500,1.9919,1.9919
2.8500,2.3000,1.8656,1.8656
2.8500,2.3500,1.8325,1.9044
2.8500,2.4000,1.8928,1.9658
2.8500,2.4500,1.7375,1.7816
2.8500,2.5000,1.7855,1.7810
2.8500,2.5500,1.7239,1.6906
2.8500,2.6000,1.7056,1.6557
2.8500,2.6500,1.6092,1.5929
2.8500,2.7000,1.5127,1.5413
2.8500,2.7500,1.8993,1.7448
2.8500,2.8000,1.8684,1.7945
2.8500,2.8500,1.8117,1.7647
2.8500,2.9000,1.7385,1.7191
2.8500,2.9500,1.6986,1.6948
2.8500,3.0000,1.7009,1.7068
2.8500,3.0500,1.4794,1.4785
2.8500,3.1000,1.5709,1.6811
2.8500,3.1500,1.5805,1.7086
2.8500,3.2000,1.4716,1.6086
2.8500,3.2500,1.5168,1.6671
2.8500,3.3000,1.4142,1.6174
2.8500,3.3500,1.4850,1.6203
2.8500,3.4000,1.3754,1.4589
2.8500,3.4500,0.7996,0.6163
2.8500,3.5000,0.6670,0.4556
2.8500,3.5500,0.5983,0.4239
2.8500,3.6000,0.5337,0.4044
2.8500,3.6500,0.4794,0.4024
2.8500,3.7000,0.4061,0.4107
2.8500,3.7500,0.4264,0.4264
2.8500,3.8000,0.4256,0.4256
2.8500,3.8500,0.4122,0.4265
2.8500,3.9000,0.4277,0.4303
2.8500,3.9500,0.4322,0.4318
2.8500,4.0000,0.4283,0.4167
2.8500,4.0500,0.4605,0.4512
2.8500,4.1000,0.4586,0.4489
2.8500,4.1500,0.4672,0.4542
2.8500,4.2000,0.6336,0.5793
2.8500,4.2500,0.6462,0.6561
2.8500,4.3000,0.6279,0.6461
2.8500,4.3500,0.6372,0.6679
2.8500,4.8000,0.9700,1.0176
2.8500,4.8500,0.9846,1.0284
2.8500,4.9000,0.9970,1.0372
2.8500,4.9500,1.0229,1.0617
2.8500,5.0000,1.0414,1.0809
2.8500,5.0500,1.0367,1.0788
2.8500,5.1000,1.0226,1.0682
2.8500,5.1500,1.1683,1.1204
2.9000,0.7000,1.7575,1.5186
2.9000,0.7500,1.7753,1.5366
2.9000,0.8000,1.7815,1.5472
2.9000,0.8500,1.7710,1.5524
2.9000,0.9000,1.7434,1.5595
2.9000,0.9500,1.6777,1.5446
2.9000,1.0000,1.7191,1.4265
2.9000,1.0500,1.6902,1.4529
2.9000,1.1000,1.7723,1.6258
2.9000,1.1500,1.6273,1.4816
2.9000,1.2000,1.9411,2.0747
2.9000,1.2500,2.4004,2.5324
2.9000,1.3000,2.2264,2.3685
2.9000,1.3500,2.0928,1.9655
2.9000,1.4000,1.9622,1.7543
2.9000,1.4500,1.9568,1.7245
2.9000,1.5000,2.2010,2.2451
2.9000,1.5500,2.1710,2.2043
2.9000,1.6000,2.0516,2.0038
2.9000,1.6500,2.2884,2.2169
2.9000,1.7000,2.1055,2.1130
2.9000,1.7500,1.9886,2.0319
2.9000,1.8000,1.8656,1.8816
2.9000,1.8500,1.8188,1.8381
2.9000,1.9000,1.8300,1.8300
2.9000,1.9500,1.8860,1.8860
2.9000,2.0000,1.8449,1.8449
2.9000,2.0500,1.8238,1.9173
2.9000,2.1000,1.5185,1.5936
2.9000,2.1500,1.5208,1.5982
2.9000,2.2000,1.9129,2.0046
2.9000,2.2500,1.9382,2.0285
2.9000,2.3000,1.8207,1.8957
2.9000,2.3500,1.8584,1.9287
2.9000,2.4000,1.8189,1.8738
2.9000,2.4500,1.8896,1.9353
2.9000,2.5000,1.9823,2.0171
2.9000,2.5500,1.9579,1.9757
2.9000,2.6000,1.8567,1.8392
2.9000,2.6500,1.8128,1.7936
2.9000,2.7000,1.7056,1.7075
2.9000,2.7500,1.5591,1.6032
2.9000,2.8000,1.8755,1.7945
2.9000,2.8500,1.8762,1.7290
2.9000,2.9000,1.8377,1.7042
2.9000,2.9500,1.7743,1.7426
2.9000,3.0000,1.5069,1.3419
2.9000,3.0500,1.5427,1.5427
2.9000,3.1000,1.5587,1.6174
2.9000,3.1500,1.5773,1.6433
2.9000,3.2000,1.4882,1.6025
2.9000,3.2500,1.4905,1.6261
2.9000,3.3000,1.3722,1.5437
2.9000,3.3500,1.4118,1.4373
2.9000,3.4000,1.3031,1.2091
2.9000,3.4500,1.0127,0.6961
2.9000,3.5000,0.9454,0.6378
2.9000,3.5500,0.7788,0.4765
2.9000,3.6000,0.5676,0.4193
2.9000,3.6500,0.5387,0.4224
2.9000,3.7000,0.4462,0.4462
2.9000,3.7500,0.4368,0.4368
2.9000,3.8000,0.4320,0.4320
2.9000,3.8500,0.4186,0.4317
2.9000,3.9000,0.4488,0.4412
2.9000,3.9500,0.5482,0.4722
2.9000,4.0000,0.5485,0.4763
2.9000,4.0500,0.5496,0.4756
2.9000,4.1000,0.5503,0.4781
2.9000,4.1500,0.5484,0.4726
2.9000,4.2000,0.7527,0.7755
2.9000,4.2500,0.8449,0.8748
2.9000,4.3000,0.8187,0.8703
2.9000,4.3500,0.8143,0.8682
2.9000,4.4000,0.7328,0.7791
2.9000,4.4500,0.7430,0.7835
2.9000,4.5000,0.8059,0.8418
2.9000,4.5500,0.8167,0.8467
2.9000,4.6000,0.9062,0.9947
2.9000,4.6500,0.9062,0.9882
2.9000,4.7000,0.9046,0.9806
2.9000,4.7500,0.9150,0.9847
2.9000,4.8000,0.9690,1.0115
2.9000,4.8500,1.0077,1.0426
2.9000,4.9000,1.0254,1.0513
2.9000,4.9500,1.0886,1.1133
2.9000,5.0000,1.1038,1.1320
2.9000,5.0500,1.0730,1.1079
2.9000,5.1000,1.0409,1.0829
2.9000,5.1500,1.1743,1.1250
2.9000,5.2000,1.1684,1.1193
2.9500,0.7000,1.6250,1.4817
2.9500,0.7500,1.6807,1.5193
2.9500,0.8000,1.7054,1.5374
2.9500,0.8500,1.6903,1.5406
2.9500,0.9000,1.7001,1.5838
2.9500,0.9500,1.7241,1.5110
2.9500,1.0000,1.7328,1.5806
2.9500,1.0500,1.5372,1.3857
2.9500,1.1000,1.5879,1.3612
2.9500,1.1500,1.4523,1.2632
2.9500,1.2000,1.6216,1.5148
2.9500,1.2500,1.8739,1.8702
2.9500,1.3000,1.9716,1.9266
2.9500,1.3500,1.8922,1.7568
2.9500,1.4000,1.8972,1.6823
2.9500,1.4500,1.9275,1.6928
2.9500,1.5000,2.1960,2.2371
2.9500,1.5500,2.1678,2.1969
2.9500,1.6000,2.0710,2.1057
2.9500,1.6500,2.0668,2.1083
2.9500,1.7000,2.0095,1.9740
2.9500,1.7500,1.9183,1.9263
2.9500,1.8000,1.9028,1.9137
2.9500,1.8500,1.9374,1.9374
2.9500,1.9000,1.9194,1.9194
2.9500,1.9500,1.9166,1.9166
2.9500,2.0000,1.9389,1.9389
2.9500,2.0500,1.8409,1.9370
2.9500,2.1000,1.8242,1.9208
2.9500,2.1500,1.8246,1.9195
2.9500,2.2000,1.9026,1.9967
2.9500,2.2500,1.9339,2.0263
2.9500,2.3000,1.6421,1.7039
2.9500,2.3500,1.6903,1.7459
2.9500,2.4000,1.7647,1.8106
2.9500,2.4500,1.9588,1.9973
2.9500,2.5000,2.1185,2.1397
2.9500,2.5500,2.2117,2.2086
2.9500,2.6000,2.1430,2.0780
2.9500,2.6500,1.9952,1.9417
2.9500,2.7000,1.7570,1.7422
2.9500,2.7500,1.6304,1.6517
2.9500,2.8000,1.5537,1.5989
2.9500,2.8500,1.6149,1.7139
2.9500,2.9000,1.6437,1.6977
2.9500,2.9500,1.6149,1.6782
2.9500,3.0000,1.9552,1.9482
2.9500,3.0500,1.9467,1.9450
2.9500,3.1000,1.5779,1.5626
2.9500,3.1500,1.5826,1.5795
2.9500,3.2000,1.5821,1.6141
2.9500,3.2500,1.4780,1.5927
2.9500,3.3000,1.4242,1.4491
2.9500,3.3500,1.4662,1.4251
2.9500,3.4000,1.4338,1.1858
2.9500,3.4500,1.0185,0.7104
2.9500,3.5000,0.9724,0.6679
2.9500,3.5500,0.9217,0.6243
2.9500,3.6000,0.7795,0.4781
2.9500,3.6500,0.7347,0.4842
2.9500,3.7000,0.6240,0.4626
2.9500,3.7500,0.6299,0.4642
2.9500,3.8000,0.7113,0.4876
2.9500,3.8500,0.7202,0.4923
2.9500,3.9000,0.7220,0.5142
2.9500,3.9500,0.7109,0.5135
2.9500,4.0000,0.5547,0.4861
2.9500,4.0500,0.5547,0.4824
2.9500,4.1000,0.6956,0.6938
2.9500,4.1500,0.7446,0.7651
2.9500,4.2000,0.8357,0.8600
2.9500,4.2500,0.8699,0.9067
2.9500,4.3000,0.8040,0.8663
2.9500,4.3500,0.7893,0.8588
2.9500,4.4000,0.8533,0.9230
2.9500,4.4500,0.7927,0.8521
2.9500,4.5000,0.8152,0.8644
2.9500,4.5500,0.8178,0.8477
2.9500,4.6000,0.8297,0.8530
2.9500,4.6500,0.8989,0.9751
2.9500,4.7000,0.8824,0.9499
2.9500,4.7500,0.9507,0.9523
2.9500,4.8000,0.9620,1.0000
2.9500,4.8500,1.0555,1.0826
2.9500,4.9000,1.1876,1.2001
2.9500,4.9500,1.2924,1.2944
2.9500,5.0000,1.1909,1.2040
2.9500,5.0500,1.1070,1.1347
2.9500,5.1000,1.0534,1.0928
2.9500,5.1500,1.1767,1.1271
2.9500,5.2000,1.1691,1.1200
2.9500,5.2500,1.1674,1.1172
3.0000,0.7000,1.6184,1.4771
3.0000,0.7500,1.6689,1.5097
3.0000,0.8000,1.6956,1.5279
3.0000,0.8500,1.6971,1.5410
3.0000,0.9000,1.7204,1.4167
3.0000,0.9500,1.8287,1.5566
3.0000,1.0000,1.8405,1.6263
3.0000,1.0500,1.5128,1.3736
3.0000,1.1000,1.2533,1.1320
3.0000,1.1500,1.1235,0.9177
3.0000,1.2000,1.1188,0.9266
3.0000,1.2500,1.4150,1.2536
3.0000,1.3000,1.6343,1.4677
3.0000,1.3500,1.7165,1.5149
3.0000,1.4000,1.8114,1.5800
3.0000,1.4500,1.8715,1.6214
3.0000,1.5000,2.1747,2.2080
3.0000,1.5500,2.3203,2.3350
3.0000,1.6000,2.0646,2.1056
3.0000,1.6500,2.0615,2.1072
3.0000,1.7000,1.9476,1.9500
3.0000,1.7500,1.9590,1.9584
3.0000,1.8000,1.9876,1.9877
3.0000,1.8500,2.0117,2.0117
3.0000,1.9000,1.9897,1.9897
3.0000,1.9500,1.9622,1.9622
3.0000,2.0000,1.8368,1.9331
3.0000,2.0500,1.8017,1.9048
3.0000,2.1000,1.8202,1.9198
3.0000,2.1500,2.0902,2.2022
3.0000,2.2000,2.1262,2.2412
3.0000,2.2500,1.7943,1.8758
3.0000,2.3000,1.6416,1.7058
3.0000,2.3500,1.6936,1.7505
3.0000,2.4000,1.7760,1.8215
3.0000,2.4500,1.9862,2.0223
3.0000,2.5000,2.1886,2.2032
3.0000,2.5500,2.5091,2.4979
3.0000,2.6000,2.4459,2.3351
3.0000,2.6500,2.0506,1.9627
3.0000,2.7000,1.8106,1.7790
3.0000,2.7500,1.6688,1.6770
3.0000,2.8000,1.5937,1.6257
3.0000,2.8500,1.6639,1.7479
3.0000,2.9000,1.6493,1.7393
3.0000,2.9500,1.7349,1.8600
3.0000,3.0000,1.6947,1.8248
3.0000,3.0500,1.6377,1.5695
3.0000,3.1000,1.6255,1.5755
3.0000,3.1500,1.5850,1.5626
3.0000,3.2000,1.5847,1.5731
3.0000,3.2500,1.7010,1.6144
3.0000,3.3000,1.2414,1.2161
3.0000,3.3500,1.6232,1.5131
3.0000,3.4000,1.4415,1.1649
3.0000,3.4500,1.0333,0.7366
3.0000,3.5000,1.0036,0.7056
3.0000,3.5500,0.9727,0.6757
3.0000,3.6000,0.9429,0.6481
3.0000,3.6500,0.8049,0.5108
3.0000,3.7000,0.8588,0.5839
3.0000,3.7500,0.7462,0.4995
3.0000,3.8000,0.7463,0.5006
3.0000,3.8500,0.7443,0.5016
3.0000,3.9000,0.7393,0.5216
3.0000,3.9500,0.7148,0.5164
3.0000,4.0000,0.6924,0.5140
3.0000,4.0500,0.7130,0.6811
3.0000,4.1000,0.7799,0.7650
3.0000,4.1500,0.7939,0.7755
3.0000,4.2000,0.8700,0.8856
3.0000,4.2500,0.8679,0.9073
3.0000,4.3000,0.7926,0.8625
3.0000,4.3500,0.8137,0.8917
3.0000,4.4000,0.8005,0.8813
3.0000,4.4500,0.7753,0.8390
3.0000,4.5000,0.8129,0.8620
3.0000,4.5500,0.8392,0.8729
3.0000,4.6000,0.8471,0.8545
3.0000,4.6500,0.8566,0.8674
3.0000,4.7000,0.9237,0.9242
3.0000,4.7500,0.8632,0.8700
3.0000,4.8000,0.9426,0.9796
3.0000,4.8500,1.0694,1.0959
3.0000,4.9000,1.2325,1.2389
3.0000,4.9500,1.3259,1.3166
3.0000,5.0000,1.2044,1.2110
3.0000,5.0500,1.1077,1.1334
3.0000,5.1000,1.0487,1.0887
3.0000,5.1500,1.1704,1.1234
3.0000,5.2000,1.1655,1.1180
3.0000,5.2500,1.9168,2.2005
3.0000,5.3000,2.1433,2.4301
3.0500,0.7000,1.6334,1.5209
3.0500,0.7500,1.6602,1.5398
3.0500,0.8000,1.5362,1.3798
3.0500,0.8500,1.5565,1.3795
3.0500,0.9000,1.5894,1.3984
3.0500,0.9500,1.7000,1.4191
3.0500,1.0000,1.6392,1.4027
3.0500,1.0500,1.4031,1.2703
3.0500,1.1000,1.1310,1.0409
3.0500,1.1500,1.0603,0.9452
3.0500,1.2000,0.8054,0.6603
3.0500,1.2500,1.1519,0.9583
3.0500,1.3000,1.4363,1.2179
3.0500,1.3500,1.5918,1.3498
3.0500,1.4000,1.6705,1.3996
3.0500,1.4500,1.8080,1.4473
3.0500,1.5000,1.9901,1.8799
3.0500,1.5500,2.2812,2.3072
3.0500,1.6000,2.0541,2.1012
3.0500,1.6500,2.0458,2.0952
3.0500,1.7000,1.9700,1.9706
3.0500,1.7500,2.0121,2.0042
3.0500,1.8000,2.1000,2.1000
3.0500,1.8500,2.1028,2.1028
3.0500,1.9000,2.0653,2.0653
3.0500,1.9500,2.0071,2.0071
3.0500,2.0000,1.8407,1.9323
3.0500,2.0500,1.7834,1.8810
3.0500,2.1000,1.7528,1.8588
3.0500,2.1500,2.0235,2.1507
3.0500,2.2000,1.9151,2.0224
3.0500,2.2500,1.9573,2.0648
3.0500,2.3000,2.0039,2.1061
3.0500,2.3500,1.6790,1.7402
3.0500,2.4000,1.8361,1.8925
3.0500,2.4500,1.9502,1.9910
3.0500,2.5000,2.1166,2.1384
3.0500,2.5500,2.2519,2.2639
3.0500,2.6000,2.1957,2.0618
3.0500,2.6500,1.9612,1.8902
3.0500,2.7000,1.7784,1.7526
3.0500,2.7500,1.6610,1.6687
3.0500,2.8000,1.6033,1.6299
3.0500,2.8500,1.6924,1.7663
3.0500,2.9000,1.7159,1.7884
3.0500,2.9500,1.7852,1.9034
3.0500,3.0000,1.7175,1.8377
3.0500,3.0500,1.3517,1.3055
3.0500,3.1000,1.3183,1.2851
3.0500,3.1500,1.6118,1.4507
3.0500,3.2000,1.3950,1.3814
3.0500,3.2500,1.4001,1.3859
3.0500,3.3000,1.3596,1.3141
3.0500,3.3500,1.3355,1.2188
3.0500,3.4000,1.3163,1.1824
3.0500,3.4500,1.0552,0.7718
3.0500,3.5000,1.0383,0.7500
3.0500,3.5500,1.0235,0.7328
3.0500,3.6000,0.9964,0.7103
3.0500,3.6500,1.0451,0.8042
3.0500,3.7000,0.9246,0.6288
3.0500,3.7500,0.7932,0.5199
3.0500,3.8000,0.7824,0.5158
3.0500,3.8500,0.7727,0.5131
3.0500,3.9000,0.7509,0.5159
3.0500,3.9500,0.7427,0.5259
3.0500,4.0000,0.8640,0.7124
3.0500,4.0500,0.8558,0.7395
3.0500,4.1000,0.8006,0.7773
3.0500,4.1500,1.1062,0.9190
3.0500,4.2000,0.9828,1.0247
3.0500,4.2500,0.9679,1.0144
3.0500,4.3000,0.9503,0.9869
3.0500,4.3500,0.8467,0.9125
3.0500,4.4000,0.8393,0.9490
3.0500,4.4500,0.7799,0.8402
3.0500,4.5000,0.8228,0.8670
3.0500,4.5500,0.8518,0.8791
3.0500,4.6000,0.8730,0.8817
3.0500,4.6500,0.8951,0.8836
3.0500,4.7000,0.9825,0.9764
3.0500,4.7500,0.8954,0.8984
3.0500,4.8000,0.9334,0.9731
3.0500,4.8500,1.0351,1.0691
3.0500,4.9000,1.1319,1.1524
3.0500,4.9500,1.1711,1.1827
3.0500,5.0000,1.1289,1.1470
3.0500,5.0500,1.0672,1.0996
3.0500,5.1000,1.1608,1.1195
3.0500,5.1500,1.3698,1.3874
3.0500,5.2000,1.8677,2.1751
3.0500,5.2500,2.1352,2.5490
3.0500,5.3000,2.1308,2.4205
3.0500,5.3500,2.1506,2.4269
3.1000,0.7000,1.6126,1.5058
3.1000,0.7500,1.4615,1.3256
3.1000,0.8000,1.4829,1.3357
3.1000,0.8500,1.4998,1.3404
3.1000,0.9000,1.5124,1.3452
3.1000,0.9500,1.5055,1.3419
3.1000,1.0000,1.4450,1.3027
3.1000,1.0500,1.3436,1.2049
3.1000,1.1000,1.2803,1.0835
3.1000,1.1500,1.2065,1.0594
3.1000,1.2000,0.9898,0.7994
3.1000,1.2500,1.1824,0.9783
3.1000,1.3000,1.3908,1.1583
3.1000,1.3500,1.5402,1.2833
3.1000,1.4000,1.7353,1.4262
3.1000,1.4500,1.6708,1.3331
3.1000,1.5000,1.7229,1.4634
3.1000,1.5500,2.0087,2.0004
3.1000,1.6000,1.9904,2.0140
3.1000,1.6500,2.0294,2.0786
3.1000,1.7000,1.9665,1.9705
3.1000,1.7500,2.1131,2.1098
3.1000,1.8000,2.2316,2.2316
3.1000,1.8500,2.2355,2.2355
3.1000,1.9000,2.1597,2.1597
3.1000,1.9500,1.9582,2.0354
3.1000,2.0000,1.8557,1.9409
3.1000,2.0500,1.7518,1.8404
3.1000,2.1000,1.6874,1.7859
3.1000,2.1500,1.8163,1.9302
3.1000,2.2000,1.8713,1.9991
3.1000,2.2500,1.9182,2.0417
3.1000,2.3000,1.9667,2.0821
3.1000,2.3500,1.6478,1.7169
3.1000,2.4000,1.7865,1.8514
3.1000,2.4500,1.7955,1.9077
3.1000,2.5000,1.9005,1.9862
3.1000,2.5500,1.9625,2.0262
3.1000,2.6000,1.9068,1.8434
3.1000,2.6500,1.7874,1.7584
3.1000,2.7000,1.6884,1.6851
3.1000,2.7500,1.6131,1.6312
3.1000,2.8000,1.5759,1.6053
3.1000,2.8500,1.6805,1.7553
3.1000,2.9000,1.7106,1.7806
3.1000,2.9500,1.7246,1.8140
3.1000,3.0000,1.6488,1.7512
3.1000,3.0500,1.3521,1.3003
3.1000,3.1000,1.3207,1.2837
3.1000,3.1500,1.3124,1.2826
3.1000,3.2000,1.4028,1.3900
3.1000,3.2500,1.4159,1.4034
3.1000,3.3000,1.4207,1.4601
3.1000,3.3500,1.2518,1.0707
3.1000,3.4000,1.2100,1.0670
3.1000,3.4500,1.1072,0.9570
3.1000,3.5000,1.0581,0.7807
3.1000,3.5500,1.1291,0.9066
3.1000,3.6000,1.1325,0.9083
3.1000,3.6500,1.1172,0.8886
3.1000,3.7000,1.0924,0.8604
3.1000,3.7500,0.9546,0.6997
3.1000,3.8000,1.2144,0.8161
3.1000,3.8500,1.1997,0.8191
3.1000,3.9000,1.1581,0.7931
3.1000,3.9500,0.9183,0.7353
3.1000,4.0000,1.2224,0.9350
3.1000,4.0500,1.2299,0.9337
3.1000,4.1000,1.1839,1.1913
3.1000,4.1500,1.1949,1.1904
3.1000,4.2000,0.9188,0.9735
3.1000,4.2500,1.0229,1.0045
3.1000,4.3000,0.9965,0.9851
3.1000,4.3500,0.9170,0.9428
3.1000,4.4000,0.9373,1.0015
3.1000,4.4500,0.8146,0.8628
3.1000,4.5000,0.8479,0.8822
3.1000,4.5500,0.8711,0.8913
3.1000,4.6000,0.8834,0.8898
3.1000,4.6500,0.8838,0.8789
3.1000,4.7000,0.9632,0.9945
3.1000,4.7500,0.8732,0.9077
3.1000,4.8000,0.9283,0.9749
3.1000,4.8500,0.9960,1.0404
3.1000,4.9000,1.0494,1.0871
3.1000,4.9500,1.0675,1.1008
3.1000,5.0000,1.0452,1.0814
3.1000,5.0500,1.0057,1.0501
3.1000,5.1000,1.3070,1.3414
3.1000,5.1500,1.9803,2.4471
3.1000,5.2000,2.0611,2.5054
3.1000,5.2500,2.1195,2.5427
3.1000,5.3000,2.1200,2.4095
3.1000,5.3500,2.2187,2.6209
3.1000,5.4000,2.1216,2.5816
3.1500,0.7000,1.4118,1.2876
3.1500,0.7500,1.4279,1.2982
3.1500,0.8000,1.4418,1.3055
3.1500,0.8500,1.4517,1.3088
3.1500,0.9000,1.4534,1.3069
3.1500,0.9500,1.4374,1.2942
3.1500,1.0000,1.3905,1.2604
3.1500,1.0500,1.2946,1.1620
3.1500,1.1000,1.1987,1.0913
3.1500,1.1500,1.3741,1.1785
3.1500,1.2000,1.2374,1.0248
3.1500,1.2500,1.3113,1.0871
3.1500,1.3000,1.4289,1.1880
3.1500,1.3500,1.5370,1.2762
3.1500,1.4000,1.7218,1.3680
3.1500,1.4500,1.5614,1.3114
3.1500,1.5000,1.7777,1.5673
3.1500,1.5500,1.7288,1.6059
3.1500,1.6000,1.8195,1.8130
3.1500,1.6500,1.9749,2.0435
3.1500,1.7000,2.0540,2.0431
3.1500,1.7500,2.2546,2.2400
3.1500,1.8000,2.4578,2.4578
3.1500,1.8500,2.4271,2.4271
3.1500,1.9000,2.2519,2.3166
3.1500,1.9500,2.0955,2.1815
3.1500,2.0000,1.8831,1.9664
3.1500,2.0500,1.7634,1.8445
3.1500,2.1000,1.6850,1.7661
3.1500,2.1500,1.6212,1.7262
3.1500,2.2000,1.7684,1.9093
3.1500,2.2500,1.8076,1.9438
3.1500,2.3000,1.8501,1.9729
3.1500,2.3500,1.9260,2.0358
3.1500,2.4000,1.7774,1.9566
3.1500,2.4500,1.6969,1.8343
3.1500,2.5000,1.8312,2.0088
3.1500,2.5500,1.8788,2.0417
3.1500,2.6000,1.7039,1.7073
3.1500,2.6500,1.6835,1.7147
3.1500,2.7000,1.6382,1.6793
3.1500,2.7500,1.5948,1.6432
3.1500,2.8000,1.6266,1.7079
3.1500,2.8500,1.6130,1.6927
3.1500,2.9000,1.6078,1.6817
3.1500,2.9500,1.6234,1.7097
3.1500,3.0000,1.5853,1.6775
3.1500,3.0500,1.3240,1.2738
3.1500,3.1000,1.3062,1.2695
3.1500,3.1500,1.3063,1.2769
3.1500,3.2000,1.4533,1.5047
3.1500,3.2500,1.4737,1.5348
3.1500,3.3000,1.4332,1.4849
3.1500,3.3500,1.4119,1.4505
3.1500,3.4000,1.2231,1.0894
3.1500,3.4500,1.1261,0.9875
3.1500,3.5000,1.1364,0.9915
3.1500,3.5500,1.1858,0.9792
3.1500,3.6000,1.2072,1.0041
3.1500,3.6500,1.0864,0.8486
3.1500,3.7000,1.0385,0.7900
3.1500,3.7500,0.9936,0.7397
3.1500,3.8000,1.2370,0.8538
3.1500,3.8500,1.2933,1.1163
3.1500,3.9000,1.2778,1.1260
3.1500,3.9500,1.3571,1.2281
3.1500,4.0000,1.3569,1.4082
3.1500,4.0500,1.3626,1.3945
3.1500,4.1000,1.3026,1.2867
3.1500,4.1500,1.3929,1.3806
3.1500,4.2000,1.3555,1.2234
3.1500,4.2500,1.0609,1.0310
3.1500,4.3000,1.0483,1.0224
3.1500,4.3500,1.0168,1.0601
3.1500,4.4000,1.0093,1.0543
3.1500,4.4500,1.0155,1.0584
3.1500,4.5000,0.8855,0.9072
3.1500,4.5500,0.9010,0.9133
3.1500,4.6000,0.8998,0.9067
3.1500,4.6500,1.0403,1.0357
3.1500,4.7000,0.9967,0.9810
3.1500,4.7500,0.9848,0.9656
3.1500,4.8000,1.1201,1.0758
3.1500,4.8500,0.9714,1.0246
3.1500,4.9000,0.9989,1.0499
3.1500,4.9500,1.0032,1.0536
3.1500,5.0000,0.9802,1.0326
3.1500,5.0500,1.4296,1.6421
3.1500,5.1000,1.7727,2.2558
3.1500,5.1500,1.9296,2.4042
3.1500,5.2000,2.0470,2.4973
3.1500,5.2500,2.1162,2.5425
3.1500,5.3000,2.1925,2.6084
3.1500,5.3500,2.0998,2.5512
3.1500,5.4000,2.1038,2.5464
3.1500,5.4500,2.1123,2.5529
3.2000,0.7000,1.3936,1.2733
3.2000,0.7500,1.4040,1.2803
3.2000,0.8000,1.4130,1.2857
3.2000,0.8500,1.4186,1.2882
3.2000,0.9000,1.4176,1.2861
3.2000,0.9500,1.4047,1.2760
3.2000,1.0000,1.3743,1.2537
3.2000,1.0500,1.3259,1.2177
3.2000,1.1000,1.2570,1.1272
3.2000,1.1500,1.2087,1.0912
3.2000,1.2000,1.3451,1.0499
3.2000,1.2500,1.2730,0.9518
3.2000,1.3000,1.3149,1.0391
3.2000,1.3500,1.3784,1.0899
3.2000,1.4000,1.2895,1.1372
3.2000,1.4500,1.3581,1.1900
3.2000,1.5000,1.6678,1.4874
3.2000,1.5500,1.7081,1.5861
3.2000,1.6000,1.8268,1.7800
3.2000,1.6500,2.0162,2.0497
3.2000,1.7000,2.1513,2.1095
3.2000,1.7500,2.4215,2.3672
3.2000,1.8000,2.7475,2.6976
3.2000,1.8500,2.5514,2.5790
3.2000,1.9000,2.3002,2.3603
3.2000,1.9500,2.1197,2.2070
3.2000,2.0000,1.9775,2.0855
3.2000,2.0500,1.8158,1.9183
3.2000,2.1000,1.7784,1.8919
3.2000,2.1500,1.5593,1.6760
3.2000,2.2000,1.7084,1.8931
3.2000,2.2500,1.7561,1.9225
3.2000,2.3000,1.8336,1.9793
3.2000,2.3500,1.6109,1.7060
3.2000,2.4000,1.6337,1.8138
3.2000,2.4500,1.6990,1.8808
3.2000,2.5000,1.7238,1.8959
3.2000,2.5500,1.7361,1.9391
3.2000,2.6000,1.6105,1.6859
3.2000,2.6500,1.7245,1.8377
3.2000,2.7000,1.7063,1.8166
3.2000,2.7500,1.6785,1.7866
3.2000,2.8000,1.6475,1.7507
3.2000,2.8500,1.5872,1.6887
3.2000,2.9000,1.5561,1.6418
3.2000,2.9500,1.5251,1.5954
3.2000,3.0000,1.4947,1.5619
3.2000,3.0500,1.2801,1.2350
3.2000,3.1000,1.2791,1.2456
3.2000,3.1500,1.4180,1.4558
3.2000,3.2000,1.4335,1.4860
3.2000,3.2500,1.4503,1.5114
3.2000,3.3000,1.4116,1.4562
3.2000,3.3500,1.4040,1.4408
3.2000,3.4000,1.2401,1.1710
3.2000,3.4500,1.1334,1.0010
3.2000,3.5000,1.1585,1.0227
3.2000,3.5500,1.2357,1.0466
3.2000,3.6000,1.2192,1.0261
3.2000,3.6500,1.1862,0.9760
3.2000,3.7000,1.0910,0.8500
3.2000,3.7500,1.2961,0.8970
3.2000,3.8000,1.2826,1.0380
3.2000,3.8500,1.3646,1.3572
3.2000,3.9000,1.3658,1.4840
3.2000,3.9500,1.4331,1.5501
3.2000,4.0000,1.3893,1.4926
3.2000,4.0500,1.4646,1.5504
3.2000,4.1000,1.4773,1.5232
3.2000,4.1500,1.4309,1.4198
3.2000,4.2000,1.4312,1.3945
3.2000,4.2500,1.3881,1.2357
3.2000,4.3000,1.1041,1.0619
3.2000,4.3500,1.1047,1.1179
3.2000,4.4000,1.0693,1.0979
3.2000,4.4500,1.0658,1.0953
3.2000,4.5000,1.0657,1.0953
3.2000,4.5500,0.9453,0.9491
3.2000,4.6000,1.0932,1.1384
3.2000,4.6500,1.0766,1.1084
3.2000,4.7000,1.0650,1.0799
3.2000,4.7500,1.0673,1.0676
3.2000,4.8000,1.2599,1.2544
3.2000,4.8500,1.1768,1.1734
3.2000,4.9000,1.1765,1.1019
3.2000,4.9500,1.1655,1.1042
3.2000,5.0000,1.1169,1.2097
3.2000,5.0500,1.6379,2.0508
3.2000,5.1000,1.6230,2.1023
3.2000,5.1500,1.7981,2.2671
3.2000,5.2000,1.9078,2.3472
3.2000,5.2500,1.9867,2.4313
3.2000,5.3000,2.0082,2.4489
3.2000,5.3500,2.0080,2.4350
3.2000,5.4000,1.9998,2.4071
3.2000,5.4500,1.9633,2.2241
3.2000,5.5000,1.9780,2.2576
3.2500,0.7500,1.3878,1.2689
3.2500,0.8000,1.3943,1.2737
3.2500,0.8500,1.3989,1.2774
3.2500,0.9000,1.3999,1.2790
3.2500,0.9500,1.3945,1.2767
3.2500,1.0000,1.3794,1.2676
3.2500,1.0500,1.3527,1.2485
3.2500,1.1000,1.1688,1.0700
3.2500,1.1500,1.2952,1.2325
3.2500,1.2000,1.1296,0.9570
3.2500,1.2500,1.3232,0.9820
3.2500,1.3000,1.3467,0.9996
3.2500,1.3500,1.3782,1.0234
3.2500,1.4000,1.2513,1.1136
3.2500,1.4500,1.2946,1.1493
3.2500,1.5000,1.6305,1.4717
3.2500,1.5500,1.7544,1.6366
3.2500,1.6000,1.8112,1.7215
3.2500,1.6500,2.0676,2.1187
3.2500,1.7000,2.1709,2.2002
3.2500,1.7500,2.3909,2.3226
3.2500,1.8000,2.5487,2.4854
3.2500,1.8500,2.4133,2.4590
3.2500,1.9000,2.2567,2.3264
3.2500,1.9500,2.1089,2.2049
3.2500,2.0000,1.9831,2.1060
3.2500,2.0500,1.7566,1.8829
3.2500,2.1000,1.5798,1.7132
3.2500,2.1500,1.4463,1.6237
3.2500,2.2000,1.6447,1.8745
3.2500,2.2500,1.7358,1.9311
3.2500,2.3000,1.7905,1.9538
3.2500,2.3500,1.5608,1.6676
3.2500,2.4000,1.5905,1.6901
3.2500,2.4500,1.5457,1.7382
3.2500,2.5000,1.4918,1.6649
3.2500,2.5500,1.5440,1.7711
3.2500,2.6000,1.5892,1.7655
3.2500,2.6500,1.6251,1.7760
3.2500,2.7000,1.6236,1.7636
3.2500,2.7500,1.6041,1.7345
3.2500,2.8000,1.5715,1.6884
3.2500,2.8500,1.4483,1.5321
3.2500,2.9000,1.4501,1.5219
3.2500,2.9500,1.3970,1.4280
3.2500,3.0000,1.3887,1.4100
3.2500,3.0500,1.4206,1.4753
3.2500,3.1000,1.3649,1.3797
3.2500,3.1500,1.3886,1.4267
3.2500,3.2000,1.4078,1.4608
3.2500,3.2500,1.3169,1.3987
3.2500,3.3000,1.3815,1.4177
3.2500,3.3500,1.3834,1.4170
3.2500,3.4000,1.2244,1.1551
3.2500,3.4500,1.1929,1.0889
3.2500,3.5000,1.1974,1.1050
3.2500,3.5500,1.1665,1.1205
3.2500,3.6000,1.2565,1.1811
3.2500,3.6500,1.2219,1.1411
3.2500,3.7000,1.0401,0.8762
3.2500,3.7500,1.2900,1.0871
3.2500,3.8000,1.3713,1.4071
3.2500,3.8500,1.3830,1.6458
3.2500,3.9000,1.4265,1.6896
3.2500,3.9500,1.4774,1.7776
3.2500,4.0000,1.4435,1.7096
3.2500,4.0500,1.4687,1.6833
3.2500,4.1000,1.4184,1.5380
3.2500,4.1500,1.6501,1.7228
3.2500,4.2000,1.4763,1.4268
3.2500,4.2500,1.4411,1.2717
3.2500,4.3000,1.3424,1.1681
3.2500,4.3500,1.3397,1.2307
3.2500,4.4000,1.1480,1.1514
3.2500,4.4500,1.1314,1.1388
3.2500,4.5000,1.1221,1.1317
3.2500,4.5500,1.2397,1.3425
3.2500,4.6000,1.2392,1.3526
3.2500,4.6500,1.2608,1.3786
3.2500,4.7000,1.4675,1.6180
3.2500,4.7500,1.4872,1.6405
3.2500,4.8000,1.5274,1.6620
3.2500,4.8500,1.3319,1.6273
3.2500,4.9000,1.5074,1.6892
3.2500,4.9500,1.9350,2.2208
3.2500,5.0000,1.8710,2.3520
3.2500,5.0500,1.7448,2.1595
3.2500,5.1000,1.8317,2.2881
3.2500,5.1500,1.8123,2.2334
3.2500,5.2000,2.0048,2.4347
3.2500,5.2500,2.0359,2.4673
3.2500,5.3000,2.0373,2.4623
3.2500,5.3500,2.0179,2.4205
3.2500,5.4000,1.9486,2.1572
3.2500,5.4500,1.9531,2.1676
3.2500,5.5000,1.9777,2.2322
3.3000,0.8000,1.3507,1.3174
3.3000,0.8500,1.3884,1.2731
3.3000,0.9000,1.3936,1.2804
3.3000,0.9500,1.3976,1.2892
3.3000,1.0000,1.3979,1.2969
3.3000,1.0500,1.2417,1.1226
3.3000,1.1000,1.2115,1.1001
3.3000,1.1500,1.3371,1.2612
3.3000,1.2000,1.3115,1.2464
3.3000,1.2500,1.3492,0.9989
3.3000,1.3000,1.3503,1.0016
3.3000,1.3500,1.1874,1.0354
3.3000,1.4000,1.2119,1.0882
3.3000,1.4500,1.2419,1.1144
3.3000,1.5000,1.6755,1.5399
3.3000,1.5500,1.7266,1.5977
3.3000,1.6000,1.7846,1.6625
3.3000,1.6500,2.0529,2.0871
3.3000,1.7000,2.1311,2.1450
3.3000,1.7500,2.3771,2.3365
3.3000,1.8000,2.3873,2.3349
3.3000,1.8500,2.3754,2.3259
3.3000,1.9000,2.1761,2.2171
3.3000,1.9500,2.0766,2.1522
3.3000,2.0000,1.8181,1.9301
3.3000,2.0500,1.7521,1.8714
3.3000,2.1000,1.5554,1.6769
3.3000,2.1500,1.4602,1.6113
3.3000,2.2000,1.6448,1.8767
3.3000,2.2500,1.7241,1.9248
3.3000,2.3000,1.5241,1.6550
3.3000,2.3500,1.5220,1.6353
3.3000,2.4000,1.5270,1.6343
3.3000,2.4500,1.4655,1.5641
3.3000,2.5000,1.4032,1.6155
3.3000,2.5500,1.3705,1.6170
3.3000,2.6000,1.4571,1.6623
3.3000,2.6500,1.5490,1.7317
3.3000,2.7000,1.5573,1.7248
3.3000,2.7500,1.5389,1.6932
3.3000,2.8000,1.5004,1.6367
3.3000,2.8500,1.1522,1.1918
3.3000,2.9000,1.1341,1.1520
3.3000,2.9500,1.1689,1.1619
3.3000,3.0000,1.1724,1.1498
3.3000,3.0500,1.2373,1.2385
3.3000,3.1000,1.2444,1.2377
3.3000,3.1500,1.2619,1.2996
3.3000,3.2000,1.2750,1.3421
3.3000,3.2500,1.2851,1.3684
3.3000,3.3000,1.2915,1.3812
3.3000,3.3500,1.3601,1.3932
3.3000,3.4000,1.2018,1.1332
3.3000,3.4500,1.1037,1.1017
3.3000,3.5000,1.1020,1.1116
3.3000,3.5500,1.1609,1.1673
3.3000,3.6000,1.1949,1.1929
3.3000,3.6500,1.1986,1.1964
3.3000,3.7000,1.3868,1.2285
3.3000,3.7500,1.4757,1.4196
3.3000,3.8000,1.6037,1.6141
3.3000,3.8500,1.4647,1.6748
3.3000,3.9000,1.4440,1.7125
3.3000,3.9500,1.4653,1.7844
3.3000,4.0000,1.5066,1.8046
3.3000,4.0500,1.4174,1.6843
3.3000,4.1000,1.6578,1.9159
3.3000,4.1500,1.6961,1.7603
3.3000,4.2000,1.7024,1.7053
3.3000,4.2500,1.7751,1.6965
3.3000,4.3000,1.4538,1.3555
3.3000,4.3500,1.4203,1.2902
3.3000,4.4000,1.5958,1.4428
3.3000,4.4500,1.3673,1.3673
3.3000,4.5000,1.4712,1.4712
3.3000,4.5500,1.4058,1.4058
3.3000,4.6000,1.2539,1.3530
3.3000,4.6500,1.3034,1.4219
3.3000,4.7000,1.4386,1.5734
3.3000,4.7500,1.5262,1.6662
3.3000,4.8000,1.4994,1.6743
3.3000,4.8500,1.4315,1.7087
3.3000,4.9000,1.5638,1.7665
3.3000,4.9500,2.3181,2.8012
3.3000,5.0000,2.2992,2.7936
3.3000,5.0500,2.2458,2.7348
3.3000,5.1000,2.0483,2.5078
3.3000,5.1500,2.0933,2.5431
3.3000,5.2000,2.1242,2.5391
3.3000,5.2500,2.1161,2.5296
3.3000,5.3000,2.0878,2.4970
3.3000,5.3500,2.0110,2.2659
3.3000,5.4000,1.9792,2.1989
3.3000,5.4500,1.9745,2.1918
3.3000,5.5000,1.9898,2.2302
3.3500,0.8000,1.3421,1.3143
3.3500,0.8500,1.3497,1.3208
3.3500,0.9000,1.3605,1.3308
3.3500,0.9500,1.2785,1.2050
3.3500,1.0000,1.3238,1.2281
3.3500,1.0500,1.3395,1.2415
3.3500,1.1000,1.2953,1.2098
3.3500,1.1500,1.3641,1.2793
3.3500,1.2000,1.3309,1.2605
3.3500,1.2500,1.3574,1.0056
3.3500,1.3000,1.3384,0.9954
3.3500,1.3500,1.1584,1.0173
3.3500,1.4000,1.1934,1.0910
3.3500,1.4500,1.5808,1.4504
3.3500,1.5000,1.6364,1.5022
3.3500,1.5500,1.6955,1.5573
3.3500,1.6000,1.7546,1.6105
3.3500,1.6500,2.0252,2.0478
3.3500,1.7000,2.0821,2.0860
3.3500,1.7500,2.1347,2.1219
3.3500,1.8000,2.2854,2.2436
3.3500,1.8500,2.2272,2.2956
3.3500,1.9000,2.1067,2.1652
3.3500,1.9500,1.8927,1.9526
3.3500,2.0000,1.8147,1.9028
3.3500,2.0500,1.7424,1.8637
3.3500,2.1000,1.5597,1.6748
3.3500,2.1500,1.5238,1.6559
3.3500,2.2000,1.5115,1.6476
3.3500,2.2500,1.7478,1.9339
3.3500,2.3000,1.5160,1.6429
3.3500,2.3500,1.5033,1.6157
3.3500,2.4000,1.4946,1.6030
3.3500,2.4500,1.4971,1.6241
3.3500,2.5000,1.2300,1.4408
3.3500,2.5500,1.2912,1.5555
3.3500,2.6000,1.4243,1.6486
3.3500,2.6500,1.0593,1.1585
3.3500,2.7000,1.0730,1.1670
3.3500,2.7500,1.1960,1.2992
3.3500,2.8000,1.1800,1.2727
3.3500,2.8500,1.1612,1.2377
3.3500,2.9000,1.1834,1.2358
3.3500,2.9500,1.1614,1.1815
3.3500,3.0000,1.1807,1.1799
3.3500,3.0500,1.2226,1.2420
3.3500,3.1000,1.2246,1.2178
3.3500,3.1500,1.2371,1.2924
3.3500,3.2000,1.2472,1.3297
3.3500,3.2500,1.2565,1.3513
3.3500,3.3000,1.2644,1.3615
3.3500,3.3500,1.2700,1.3645
3.3500,3.4000,1.1268,1.1374
3.3500,3.4500,1.1347,1.1459
3.3500,3.5000,1.1479,1.1722
3.3500,3.5500,1.1645,1.1839
3.3500,3.6000,1.1773,1.1921
3.3500,3.6500,1.4695,1.3174
3.3500,3.7000,1.4557,1.3838
3.3500,3.7500,1.4573,1.4111
3.3500,3.8000,1.6036,1.6120
3.3500,3.8500,1.6012,1.6499
3.3500,3.9000,1.5953,1.6908
3.3500,3.9500,1.5901,1.7221
3.3500,4.0000,1.5263,1.8137
3.3500,4.0500,1.5409,1.7728
3.3500,4.1000,1.9173,2.0784
3.3500,4.1500,1.9845,2.0121
3.3500,4.2000,1.9344,2.0243
3.3500,4.2500,1.8810,1.9139
3.3500,4.3000,1.5232,1.3931
3.3500,4.3500,1.4935,1.3480
3.3500,4.4000,1.6127,1.4707
3.3500,4.4500,1.5823,1.5823
3.3500,4.5000,1.5133,1.5133
3.3500,4.5500,1.4403,1.4403
3.3500,4.6000,1.2917,1.3569
3.3500,4.6500,1.3772,1.4500
3.3500,4.7000,1.5923,1.6769
3.3500,4.7500,1.7025,1.7949
3.3500,4.8000,1.5720,1.7510
3.3500,4.8500,1.4764,1.6711
3.3500,4.9000,1.8874,2.0796
3.3500,4.9500,2.3572,2.8399
3.3500,5.0000,2.3915,2.8728
3.3500,5.0500,2.4657,2.9199
3.3500,5.1000,2.3063,2.7083
3.3500,5.1500,2.2945,2.6667
3.3500,5.2000,2.2840,2.6684
3.3500,5.2500,2.2218,2.6100
3.3500,5.3000,2.1102,2.3838
3.3500,5.3500,2.0520,2.3098
3.3500,5.4000,2.0149,2.2547
3.3500,5.4500,2.0030,2.2325
3.3500,5.5000,2.0092,2.2378
3.3500,5.5500,2.0188,2.2539
3.4000,0.8000,1.3350,1.3120
3.4000,0.8500,1.3427,1.3194
3.4000,0.9000,1.3551,1.3315
3.4000,0.9500,1.2925,1.2103
3.4000,1.0000,1.3357,1.2403
3.4000,1.0500,1.3853,1.2862
3.4000,1.1000,1.3126,1.2252
3.4000,1.1500,1.0851,0.9817
3.4000,1.2000,1.0353,0.9463
3.4000,1.2500,1.0002,0.9241
3.4000,1.3000,1.0914,1.0483
3.4000,1.3500,1.0645,1.0363
3.4000,1.4000,1.2018,1.2285
3.4000,1.4500,1.5910,1.5963
3.4000,1.5000,1.5738,1.5927
3.4000,1.5500,1.6448,1.6468
3.4000,1.6000,1.7916,1.7618
3.4000,1.6500,1.8484,1.8637
3.4000,1.7000,1.8901,1.8853
3.4000,1.7500,1.9207,1.9030
3.4000,1.8000,2.1149,2.0819
3.4000,1.8500,1.9900,2.0445
3.4000,1.9000,1.8979,1.9476
3.4000,1.9500,1.8462,1.9186
3.4000,2.0000,1.7904,1.8877
3.4000,2.0500,1.7322,1.8523
3.4000,2.1000,1.5839,1.6806
3.4000,2.1500,1.5531,1.6645
3.4000,2.2000,1.5424,1.6566
3.4000,2.2500,1.4782,1.6045
3.4000,2.3000,1.1645,1.2438
3.4000,2.3500,1.1482,1.2203
3.4000,2.4000,1.2821,1.3818
3.4000,2.4500,1.1890,1.3579
3.4000,2.5000,1.3032,1.5087
3.4000,2.5500,1.3375,1.5418
3.4000,2.6000,1.0776,1.1830
3.4000,2.6500,1.0740,1.1677
3.4000,2.7000,1.0833,1.1739
3.4000,2.7500,1.0782,1.1677
3.4000,2.8000,1.0597,1.1463
3.4000,2.8500,1.1773,1.2531
3.4000,2.9000,1.1670,1.2440
3.4000,2.9500,1.1858,1.2440
3.4000,3.0000,1.2004,1.2456
3.4000,3.0500,1.2305,1.2781
3.4000,3.1000,1.2116,1.2280
3.4000,3.1500,1.2153,1.2515
3.4000,3.2000,1.2184,1.2665
3.4000,3.2500,1.2282,1.3441
3.4000,3.3000,1.2170,1.2457
3.4000,3.3500,1.1886,1.1902
3.4000,3.4000,1.0988,1.1184
3.4000,3.4500,1.0890,1.1064
3.4000,3.5000,1.1022,1.1404
3.4000,3.5500,1.1075,1.1434
3.4000,3.6000,1.1139,1.1468
3.4000,3.6500,1.4044,1.3470
3.4000,3.7000,1.4161,1.3631
3.4000,3.7500,1.4326,1.3902
3.4000,3.8000,1.5746,1.5074
3.4000,3.8500,1.6237,1.6473
3.4000,3.9000,1.5789,1.6867
3.4000,3.9500,1.6265,1.7477
3.4000,4.0000,1.7436,1.8762
3.4000,4.0500,1.7859,1.9267
3.4000,4.1000,1.9785,2.1186
3.4000,4.1500,2.0178,2.0371
3.4000,4.2000,2.0029,2.0258
3.4000,4.2500,1.9875,2.0131
3.4000,4.3000,1.6658,1.5691
3.4000,4.3500,1.5897,1.4707
3.4000,4.4000,1.5216,1.4188
3.4000,4.4500,1.8027,1.6504
3.4000,4.5000,1.5607,1.5607
3.4000,4.5500,1.5112,1.5112
3.4000,4.6000,1.4947,1.4947
3.4000,4.6500,1.5424,1.6032
3.4000,4.7000,1.8439,1.8874
3.4000,4.7500,1.9535,2.0166
3.4000,4.8000,1.7237,1.8732
3.4000,4.8500,1.9231,1.9074
3.4000,4.9000,2.5057,2.6998
3.4000,4.9500,2.3545,2.8519
3.4000,5.0000,2.4367,2.9122
3.4000,5.0500,2.6053,3.0162
3.4000,5.1000,2.5706,2.9572
3.4000,5.1500,2.5750,2.9188
3.4000,5.2000,2.4766,2.8022
3.4000,5.2500,2.3284,2.6514
3.4000,5.3000,2.1713,2.4357
3.4000,5.3500,2.0804,2.3376
3.4000,5.4000,2.0314,2.2763
3.4000,5.4500,2.0176,2.2451
3.4000,5.5000,2.0268,2.2334
3.4000,5.5500,2.0402,2.2358
3.4000,5.6000,2.0391,2.2546
3.4500,0.8500,1.2744,1.2667
3.4500,0.9000,1.3433,1.3136
3.4500,0.9500,1.2751,1.2024
3.4500,1.0000,1.3015,1.1900
3.4500,1.0500,1.3119,1.1977
3.4500,1.1000,1.2831,1.1825
3.4500,1.1500,1.0699,0.9749
3.4500,1.2000,1.0269,0.9448
3.4500,1.2500,0.9915,0.9220
3.4500,1.3000,0.9579,0.9014
3.4500,1.3500,1.0251,1.0113
3.4500,1.4000,1.1043,1.1478
3.4500,1.4500,1.2705,1.3535
3.4500,1.5000,1.6348,1.7393
3.4500,1.5500,1.7052,1.7768
3.4500,1.6000,1.7702,1.8095
3.4500,1.6500,1.8293,1.8396
3.4500,1.7000,1.8699,1.8537
3.4500,1.7500,1.8895,1.8645
3.4500,1.8000,1.9645,2.0219
3.4500,1.8500,1.9404,2.0095
3.4500,1.9000,1.8672,1.9355
3.4500,1.9500,1.8057,1.8887
3.4500,2.0000,1.7571,1.8607
3.4500,2.0500,1.6029,1.6760
3.4500,2.1000,1.5711,1.6595
3.4500,2.1500,1.5557,1.6524
3.4500,2.2000,1.5538,1.6509
3.4500,2.2500,1.2577,1.3459
3.4500,2.3000,1.2572,1.3391
3.4500,2.3500,1.2370,1.3133
3.4500,2.4000,1.2580,1.3374
3.4500,2.4500,1.0584,1.1345
3.4500,2.5000,1.1083,1.2146
3.4500,2.5500,1.1502,1.2174
3.4500,2.6000,1.1684,1.2390
3.4500,2.6500,1.0600,1.1090
3.4500,2.7000,1.0749,1.1598
3.4500,2.7500,1.0966,1.1798
3.4500,2.8000,1.0746,1.1576
3.4500,2.8500,1.0139,1.0875
3.4500,2.9000,1.1037,1.1817
3.4500,2.9500,1.0260,1.0831
3.4500,3.0000,1.2255,1.3056
3.4500,3.0500,1.1714,1.2133
3.4500,3.1000,1.1742,1.2084
3.4500,3.1500,1.1933,1.2601
3.4500,3.2000,1.1852,1.2694
3.4500,3.2500,1.1823,1.2416
3.4500,3.3000,1.1968,1.2397
3.4500,3.3500,1.1676,1.1795
3.4500,3.4000,1.0738,1.1044
3.4500,3.4500,1.0458,1.0625
3.4500,3.5000,1.0169,1.0720
3.4500,3.5500,1.0494,1.1030
3.4500,3.6000,1.2789,1.1571
3.4500,3.6500,1.3463,1.3130
3.4500,3.7000,1.3675,1.3270
3.4500,3.7500,1.3958,1.3507
3.4500,3.8000,1.4925,1.5293
3.4500,3.8500,1.5532,1.5977
3.4500,3.9000,1.6439,1.6986
3.4500,3.9500,1.7491,1.8124
3.4500,4.0000,1.8952,1.9703
3.4500,4.0500,1.9159,2.0172
3.4500,4.1000,2.0543,2.1696
3.4500,4.1500,2.0546,2.0659
3.4500,4.2000,2.0146,2.0052
3.4500,4.2500,1.9884,1.9794
3.4500,4.3000,1.7286,1.6859
3.4500,4.3500,1.5212,1.4301
3.4500,4.4000,1.5386,1.4270
3.4500,4.4500,1.6896,1.6125
3.4500,4.5000,1.6060,1.6060
3.4500,4.5500,1.5783,1.5783
3.4500,4.6000,1.5726,1.5726
3.4500,4.6500,1.6151,1.6151
3.4500,4.7000,2.0073,2.0504
3.4500,4.7500,2.1359,2.1862
3.4500,4.8000,2.0574,2.0246
3.4500,4.8500,1.9236,1.9208
3.4500,4.9000,2.4312,2.6772
3.4500,4.9500,2.2819,2.8156
3.4500,5.0000,2.3893,2.8736
3.4500,5.0500,2.7108,3.0670
3.4500,5.1000,2.9481,3.2301
3.4500,5.1500,2.9801,3.2451
3.4500,5.2000,2.7127,2.9948
3.4500,5.2500,2.4085,2.6588
3.4500,5.3000,2.2019,2.4564
3.4500,5.3500,2.0752,2.3276
3.4500,5.4000,2.0175,2.2609
3.4500,5.4500,2.0097,2.2321
3.4500,5.5000,2.0333,2.2159
3.4500,5.5500,2.0695,2.2033
3.4500,5.6000,2.0543,2.2307
3.5000,0.9000,1.2815,1.2921
3.5000,0.9500,1.2496,1.1649
3.5000,1.0000,1.2605,1.1695
3.5000,1.0500,1.2618,1.1707
3.5000,1.1000,1.0721,0.9827
3.5000,1.1500,1.0434,0.9610
3.5000,1.2000,1.0125,0.9398
3.5000,1.2500,0.9829,0.9207
3.5000,1.3000,1.0695,1.0593
3.5000,1.3500,1.0763,1.1011
3.5000,1.4000,1.1634,1.2695
3.5000,1.4500,1.3469,1.4766
3.5000,1.5000,1.6171,1.7259
3.5000,1.5500,1.6968,1.7711
3.5000,1.6000,1.7599,1.7992
3.5000,1.6500,1.8209,1.8243
3.5000,1.7000,1.8659,1.8331
3.5000,1.7500,1.8553,1.8264
3.5000,1.8000,1.7603,1.7984
3.5000,1.8500,1.9078,1.9878
3.5000,1.9000,1.8321,1.9111
3.5000,1.9500,1.7833,1.8811
3.5000,2.0000,1.6904,1.7745
3.5000,2.0500,1.6440,1.7441
3.5000,2.1000,1.5349,1.6204
3.5000,2.1500,1.5358,1.6242
3.5000,2.2000,1.2904,1.3037
3.5000,2.2500,1.2615,1.3388
3.5000,2.3000,1.3214,1.4050
3.5000,2.3500,1.2633,1.3305
3.5000,2.4000,1.1562,1.1966
3.5000,2.4500,1.1566,1.1946
3.5000,2.5000,1.2280,1.2280
3.5000,2.5500,1.1814,1.2334
3.5000,2.6000,1.2139,1.2742
3.5000,2.6500,1.1326,1.1743
3.5000,2.7000,1.0771,1.1253
3.5000,2.7500,1.0444,1.0921
3.5000,2.8000,1.0553,1.1260
3.5000,2.8500,1.0362,1.1140
3.5000,2.9000,1.0176,1.0784
3.5000,2.9500,1.0222,1.0809
3.5000,3.0000,1.0828,1.1149
3.5000,3.0500,1.0883,1.1088
3.5000,3.1000,1.0820,1.0625
3.5000,3.1500,1.0315,1.0303
3.5000,3.2000,1.0649,1.1140
3.5000,3.2500,1.1688,1.2393
3.5000,3.3000,1.1734,1.1832
3.5000,3.3500,1.1730,1.1671
3.5000,3.4000,1.1231,1.1348
3.5000,3.4500,0.9902,1.0516
3.5000,3.5000,0.9630,1.0251
3.5000,3.5500,0.9495,1.0135
3.5000,3.6000,1.2021,1.1122
3.5000,3.6500,1.2794,1.2651
3.5000,3.7000,1.3058,1.2731
3.5000,3.7500,1.2722,1.3369
3.5000,3.8000,1.4498,1.4438
3.5000,3.8500,1.5403,1.5340
3.5000,3.9000,1.6904,1.6901
3.5000,3.9500,1.8907,1.9005
3.5000,4.0000,2.0541,2.0831
3.5000,4.0500,2.0645,2.0540
3.5000,4.1000,1.9717,2.0060
3.5000,4.1500,2.0586,2.0509
3.5000,4.2000,2.0018,1.9986
3.5000,4.2500,1.9809,1.9752
3.5000,4.3000,1.9828,1.9708
3.5000,4.3500,1.5377,1.4451
3.5000,4.4000,1.5034,1.4265
3.5000,4.4500,1.5101,1.4086
3.5000,4.5000,1.8752,1.6977
3.5000,4.5500,1.6338,1.6338
3.5000,4.6000,1.9101,1.6844
3.5000,4.6500,1.9516,1.7525
3.5000,4.7000,1.8118,1.9042
3.5000,4.7500,2.0824,2.0444
3.5000,4.8000,1.9988,1.9780
3.5000,4.8500,2.1761,2.2726
3.5000,4.9000,2.3561,2.6533
3.5000,4.9500,2.2463,2.6156
3.5000,5.0000,2.1559,2.6679
3.5000,5.0500,2.5725,2.9576
3.5000,5.1000,3.3564,3.5271
3.5000,5.1500,3.4692,3.6039
3.5000,5.2000,2.8345,3.1038
3.5000,5.2500,2.4354,2.6773
3.5000,5.3000,2.1669,2.4105
3.5000,5.3500,2.0127,2.2526
3.5000,5.4000,1.9614,2.1997
3.5000,5.4500,1.9723,2.1982
3.5000,5.5000,2.0094,2.2010
3.5000,5.5500,2.0483,2.1990
3.5000,5.6000,2.0427,2.2219
3.5500,0.9000,1.2316,1.2819
3.5500,0.9500,1.1676,1.1714
3.5500,1.0000,0.8897,0.8650
3.5500,1.0500,0.8931,0.8650
3.5500,1.1000,1.0359,0.9625
3.5500,1.1500,1.0189,0.9497
3.5500,1.2000,0.9980,0.9354
3.5500,1.2500,1.1016,1.0848
3.5500,1.3000,1.1326,1.1386
3.5500,1.3500,1.1109,1.1264
3.5500,1.4000,1.2348,1.3252
3.5500,1.4500,1.5538,1.6931
3.5500,1.5000,1.6193,1.7282
3.5500,1.5500,1.7000,1.7761
3.5500,1.6000,1.7546,1.7971
3.5500,1.6500,1.6992,1.7143
3.5500,1.7000,1.7634,1.7316
3.5500,1.7500,1.8581,1.8064
3.5500,1.8000,1.7316,1.7719
3.5500,1.8500,1.8326,1.8938
3.5500,1.9000,1.7526,1.8044
3.5500,1.9500,1.6974,1.7677
3.5500,2.0000,1.6402,1.7305
3.5500,2.0500,1.5711,1.6763
3.5500,2.1000,1.2423,1.2561
3.5500,2.1500,1.2625,1.2754
3.5500,2.2000,1.2157,1.2785
3.5500,2.2500,1.3166,1.3960
3.5500,2.3000,1.2745,1.3388
3.5500,2.3500,1.1813,1.2176
3.5500,2.4000,1.1944,1.2270
3.5500,2.4500,1.2736,1.2736
3.5500,2.5000,1.2744,1.2744
3.5500,2.5500,1.2804,1.2804
3.5500,2.6000,1.2919,1.2919
3.5500,2.6500,1.1439,1.1724
3.5500,2.7000,1.1848,1.2341
3.5500,2.7500,1.1461,1.2073
3.5500,2.8000,1.1089,1.1824
3.5500,2.8500,1.0455,1.1234
3.5500,2.9000,1.0364,1.1184
3.5500,2.9500,1.0189,1.0780
3.5500,3.0000,1.0872,1.1057
3.5500,3.0500,1.0941,1.1032
3.5500,3.1000,1.0880,1.0605
3.5500,3.1500,1.0369,1.0380
3.5500,3.2000,1.0888,1.1171
3.5500,3.2500,1.0870,1.1125
3.5500,3.3000,1.1744,1.1776
3.5500,3.3500,1.1162,1.1342
3.5500,3.4000,1.0721,1.0871
3.5500,3.4500,1.0309,1.0619
3.5500,3.5000,0.9075,0.9450
3.5500,3.5500,0.7946,0.8063
3.5500,3.6000,0.8751,0.8918
3.5500,3.6500,1.1697,1.0479
3.5500,3.7000,1.2635,1.1789
3.5500,3.7500,1.2179,1.1583
3.5500,3.8000,1.2792,1.1894
3.5500,3.8500,1.4688,1.4049
3.5500,3.9000,1.6717,1.6177
3.5500,3.9500,1.9762,1.9485
3.5500,4.0000,2.3920,2.3903
3.5500,4.0500,2.1531,2.1768
3.5500,4.1000,2.0463,2.1249
3.5500,4.1500,2.0157,2.0203
3.5500,4.2000,1.9536,1.9609
3.5500,4.2500,1.9474,1.9474
3.5500,4.3000,1.9800,1.9662
3.5500,4.3500,1.7517,1.7194
3.5500,4.4000,1.8635,1.5453
3.5500,4.4500,1.8423,1.5349
3.5500,4.5000,1.6797,1.6412
3.5500,4.5500,2.3027,1.9114
3.5500,4.6000,2.2667,1.8959
3.5500,4.6500,2.0782,1.8026
3.5500,4.7000,2.0149,1.9236
3.5500,4.7500,2.0362,1.9566
3.5500,4.8000,1.9127,1.9101
3.5500,4.8500,2.4268,2.6510
3.5500,4.9000,2.3414,2.6539
3.5500,4.9500,2.2029,2.5899
3.5500,5.0000,2.1465,2.5430
3.5500,5.0500,2.5933,2.9469
3.5500,5.1000,3.0106,3.2803
3.5500,5.1500,3.0705,3.3369
3.5500,5.2000,2.7045,3.0018
3.5500,5.2500,2.3413,2.5896
3.5500,5.3000,2.0467,2.2700
3.5500,5.3500,1.8693,2.0713
3.5500,5.4000,1.8624,2.0857
3.5500,5.4500,1.9148,2.1504
3.5500,5.5000,1.9660,2.1899
3.5500,5.5500,2.0007,2.2084
3.5500,5.6000,2.0117,2.2229
3.5500,5.6500,2.0089,2.2384
3.6000,0.9000,1.2100,1.2714
3.6000,0.9500,0.8586,0.8531
3.6000,1.0000,0.9086,0.9005
3.6000,1.0500,0.9081,0.8957
3.6000,1.1000,0.9004,0.8835
3.6000,1.1500,0.8878,0.8681
3.6000,1.2000,1.1747,1.1904
3.6000,1.2500,1.1590,1.1838
3.6000,1.3000,1.1443,1.1775
3.6000,1.3500,1.1365,1.1738
3.6000,1.4000,1.2723,1.3493
3.6000,1.4500,1.5369,1.6552
3.6000,1.5000,1.6404,1.7445
3.6000,1.5500,1.7056,1.7849
3.6000,1.6000,1.6446,1.6831
3.6000,1.6500,1.6497,1.6635
3.6000,1.7000,1.6921,1.6761
3.6000,1.7500,1.7083,1.6814
3.6000,1.8000,1.6945,1.7658
3.6000,1.8500,1.7094,1.8163
3.6000,1.9000,1.7301,1.7878
3.6000,1.9500,1.6716,1.7460
3.6000,2.0000,1.6153,1.7132
3.6000,2.0500,1.4840,1.5913
3.6000,2.1000,1.1789,1.1942
3.6000,2.1500,1.2403,1.2503
3.6000,2.2000,1.3884,1.3384
3.6000,2.2500,1.2861,1.3470
3.6000,2.3000,1.1834,1.2186
3.6000,2.3500,1.2115,1.2409
3.6000,2.4000,1.2449,1.2449
3.6000,2.4500,1.3163,1.3163
3.6000,2.5000,1.3149,1.3149
3.6000,2.5500,1.3191,1.3191
3.6000,2.6000,1.3508,1.3508
3.6000,2.6500,1.3542,1.3542
3.6000,2.7000,1.2379,1.2712
3.6000,2.7500,1.1675,1.2175
3.6000,2.8000,1.1123,1.1787
3.6000,2.8500,1.0834,1.1601
3.6000,2.9000,1.0748,1.1548
3.6000,2.9500,1.0120,1.0725
3.6000,3.0000,1.0942,1.1036
3.6000,3.0500,1.1057,1.1069
3.6000,3.1000,1.1115,1.1034
3.6000,3.1500,0.9811,1.0120
3.6000,3.2000,1.1118,1.1202
3.6000,3.2500,1.1027,1.1137
3.6000,3.3000,1.0621,1.0721
3.6000,3.3500,1.1337,1.1389
3.6000,3.4000,1.0694,1.0833
3.6000,3.4500,0.9881,1.0094
3.6000,3.5000,0.9020,0.9419
3.6000,3.5500,0.8635,0.9167
3.6000,3.6000,0.7506,0.7877
3.6000,3.6500,0.7623,0.7994
3.6000,3.7000,1.1029,0.9524
3.6000,3.7500,1.0972,1.0117
3.6000,3.8000,1.1312,1.0093
3.6000,3.8500,1.2927,1.1439
3.6000,3.9000,1.5478,1.4465
3.6000,3.9500,1.8461,1.8160
3.6000,4.0000,2.0384,2.0699
3.6000,4.0500,2.0843,2.1571
3.6000,4.1000,1.9481,2.0383
3.6000,4.1500,1.8300,1.9305
3.6000,4.2000,1.8480,1.8693
3.6000,4.2500,1.8584,1.8683
3.6000,4.3000,1.9718,1.9560
3.6000,4.3500,2.1222,1.8353
3.6000,4.4000,1.9114,1.5725
3.6000,4.4500,1.8959,1.5614
3.6000,4.5000,2.2472,2.0343
3.6000,4.5500,2.3108,2.1172
3.6000,4.6000,2.3957,1.9696
3.6000,4.6500,2.3912,1.9702
3.6000,4.7000,2.0215,1.9152
3.6000,4.7500,2.0048,1.9219
3.6000,4.8000,2.1537,2.0990
3.6000,4.8500,2.2394,2.3748
3.6000,4.9000,2.4328,2.7157
3.6000,4.9500,2.3697,2.7091
3.6000,5.0000,2.4180,2.7467
3.6000,5.0500,2.4464,2.8772
3.6000,5.1000,2.7179,3.0520
3.6000,5.1500,2.6102,2.9865
3.6000,5.2000,2.4465,2.7943
3.6000,5.2500,2.2976,2.7064
3.6000,5.3000,2.0012,2.4134
3.6000,5.3500,1.6313,1.7374
3.6000,5.4000,1.7735,1.9824
3.6000,5.4500,1.8707,2.1186
3.6000,5.5000,1.9331,2.1844
3.6000,5.5500,1.9697,2.2115
3.6000,5.6000,1.9857,2.2186
3.6000,5.6500,1.9889,2.2175
3.6000,5.7000,1.9893,2.2264
3.6500,0.9000,1.1300,1.1764
3.6500,0.9500,0.8930,0.9073
3.6500,1.0000,0.8960,0.9105
3.6500,1.0500,0.8922,0.8989
3.6500,1.1000,0.9484,1.0211
3.6500,1.1500,1.0490,1.1116
3.6500,1.2000,1.1454,1.2366
3.6500,1.2500,1.1338,1.2340
3.6500,1.3000,1.1250,1.2326
3.6500,1.3500,1.1404,1.1765
3.6500,1.4000,1.2490,1.3216
3.6500,1.4500,1.5096,1.6581
3.6500,1.5000,1.5903,1.6777
3.6500,1.5500,1.5999,1.6660
3.6500,1.6000,1.5932,1.6451
3.6500,1.6500,1.6247,1.6548
3.6500,1.7000,1.6488,1.6616
3.6500,1.7500,1.6563,1.6633
3.6500,1.8000,1.5926,1.6614
3.6500,1.8500,1.6873,1.8136
3.6500,1.9000,1.7445,1.8148
3.6500,1.9500,1.6913,1.7736
3.6500,2.0000,1.6164,1.7105
3.6500,2.0500,1.4378,1.4132
3.6500,2.1000,1.4104,1.3918
3.6500,2.1500,1.4081,1.3315
3.6500,2.2000,1.4214,1.3036
3.6500,2.2500,1.3688,1.2659
3.6500,2.3000,1.3659,1.2382
3.6500,2.3500,1.2478,1.2478
3.6500,2.4000,1.2940,1.2940
3.6500,2.4500,1.3635,1.3635
3.6500,2.5000,1.3604,1.3604
3.6500,2.5500,1.3550,1.3550
3.6500,2.6000,1.3703,1.3703
3.6500,2.6500,1.4168,1.4168
3.6500,2.7000,1.3393,1.3393
3.6500,2.7500,1.1615,1.2025
3.6500,2.8000,1.0867,1.1493
3.6500,2.8500,1.0607,1.1354
3.6500,2.9000,1.0607,1.1390
3.6500,2.9500,1.1786,1.1600
3.6500,3.0000,1.1907,1.2019
3.6500,3.0500,1.1046,1.0762
3.6500,3.1000,1.1175,1.0812
3.6500,3.1500,1.0010,1.0393
3.6500,3.2000,0.9926,1.0330
3.6500,3.2500,0.9769,1.0267
3.6500,3.3000,1.0116,1.0338
3.6500,3.3500,0.9818,0.9966
3.6500,3.4000,0.9665,0.9979
3.6500,3.4500,0.9366,0.9838
3.6500,3.5000,0.8026,0.8244
3.6500,3.5500,0.7637,0.7939
3.6500,3.6000,0.7695,0.8009
3.6500,3.6500,0.7695,0.8034
3.6500,3.7000,0.7709,0.8009
3.6500,3.7500,0.9495,0.8113
3.6500,3.8000,0.9598,0.8520
3.6500,3.8500,1.1429,1.0030
3.6500,3.9000,1.3382,1.1988
3.6500,3.9500,1.5939,1.5756
3.6500,4.0000,1.6975,1.7551
3.6500,4.0500,1.7443,1.8817
3.6500,4.1000,1.8222,1.9401
3.6500,4.1500,1.7034,1.8199
3.6500,4.2000,1.6716,1.7090
3.6500,4.2500,1.6328,1.6589
3.6500,4.3000,1.9209,1.9118
3.6500,4.3500,2.1055,1.8424
3.6500,4.4000,2.0228,1.7479
3.6500,4.4500,2.2196,1.9215
3.6500,4.5000,2.2638,1.9604
3.6500,4.5500,2.4383,2.2090
3.6500,4.6000,2.4111,2.1801
3.6500,4.6500,2.4893,2.0287
3.6500,4.7000,2.0627,1.9434
3.6500,4.7500,2.0180,1.9338
3.6500,4.8000,2.4433,2.4577
3.6500,4.8500,2.2582,2.3756
3.6500,4.9000,2.4946,2.7318
3.6500,4.9500,2.4817,2.7501
3.6500,5.0000,2.3397,2.8264
3.6500,5.0500,2.4588,2.8990
3.6500,5.1000,2.5118,2.8904
3.6500,5.1500,2.5539,2.9633
3.6500,5.2000,2.2445,2.6299
3.6500,5.2500,2.2011,2.6364
3.6500,5.3000,2.0025,2.4399
3.6500,5.3500,1.8670,2.2886
3.6500,5.4000,1.9132,2.3315
3.6500,5.4500,1.9941,2.3873
3.6500,5.5000,2.0507,2.4030
3.6500,5.5500,2.0815,2.3893
3.6500,5.6000,1.9699,2.2144
3.6500,5.6500,1.9711,2.1865
3.6500,5.7000,1.9709,2.1735
3.6500,5.7500,1.9828,2.2293
3.7000,0.9000,0.9412,0.9488
3.7000,0.9500,0.9446,0.9711
3.7000,1.0000,0.9452,0.9718
3.7000,1.0500,0.9415,1.0369
3.7000,1.1000,1.0493,1.1259
3.7000,1.1500,1.0363,1.1081
3.7000,1.2000,1.1304,1.2257
3.7000,1.2500,1.1167,1.2196
3.7000,1.3000,1.1285,1.2004
3.7000,1.3500,1.1333,1.2065
3.7000,1.4000,1.1646,1.2248
3.7000,1.4500,1.2570,1.2619
3.7000,1.5000,1.2893,1.2786
3.7000,1.5500,1.4190,1.4676
3.7000,1.6000,1.5042,1.5732
3.7000,1.6500,1.5623,1.5880
3.7000,1.7000,1.5778,1.5931
3.7000,1.7500,1.5822,1.5938
3.7000,1.8000,1.5217,1.5794
3.7000,1.8500,1.5777,1.6727
3.7000,1.9000,1.6293,1.7683
3.7000,1.9500,1.7854,1.7981
3.7000,2.0000,1.5564,1.4981
3.7000,2.0500,1.5164,1.4690
3.7000,2.1000,1.5089,1.4631
3.7000,2.1500,1.4323,1.3248
3.7000,2.2000,1.3608,1.2644
3.7000,2.2500,1.4116,1.2499
3.7000,2.3000,1.5494,1.3905
3.7000,2.3500,1.5533,1.3762
3.7000,2.4000,1.4004,1.4004
3.7000,2.4500,1.3994,1.3994
3.7000,2.5000,1.3631,1.3631
3.7000,2.5500,1.3476,1.3476
3.7000,2.6000,1.3481,1.3481
3.7000,2.6500,1.3480,1.3480
3.7000,2.7000,1.2724,1.2724
3.7000,2.7500,1.0924,1.1312
3.7000,2.8000,1.0150,1.0788
3.7000,2.8500,1.0162,1.0922
3.7000,2.9000,1.2322,1.1653
3.7000,2.9500,1.2090,1.1950
3.7000,3.0000,1.1705,1.1067
3.7000,3.0500,1.1997,1.1241
3.7000,3.1000,1.1989,1.1827
3.7000,3.1500,1.0373,1.0735
3.7000,3.2000,1.0216,1.0629
3.7000,3.2500,0.9971,1.0491
3.7000,3.3000,1.0286,1.0368
3.7000,3.3500,1.0039,1.0188
3.7000,3.4000,0.9797,1.0075
3.7000,3.4500,0.9564,0.9957
3.7000,3.5000,0.7642,0.7949
3.7000,3.5500,0.7620,0.7937
3.7000,3.6000,0.7640,0.7951
3.7000,3.6500,0.7838,0.8109
3.7000,3.7000,0.7814,0.8066
3.7000,3.7500,0.7734,0.7935
3.7000,3.8000,0.8462,0.7894
3.7000,3.8500,1.1005,1.0002
3.7000,3.9000,1.2769,1.1936
3.7000,3.9500,1.4490,1.4403
3.7000,4.0000,1.4936,1.5639
3.7000,4.0500,1.5774,1.7474
3.7000,4.1000,1.7226,1.8668
3.7000,4.1500,1.5913,1.7297
3.7000,4.2000,1.4024,1.5267
3.7000,4.2500,1.3327,1.3774
3.7000,4.3000,1.6363,1.5224
3.7000,4.3500,1.9603,1.7227
3.7000,4.4000,1.9965,1.7280
3.7000,4.4500,2.2486,1.9346
3.7000,4.5000,2.3400,2.0079
3.7000,4.5500,2.4154,2.0959
3.7000,4.6000,2.5656,2.3122
3.7000,4.6500,2.5228,2.2907
3.7000,4.7000,2.1172,1.9671
3.7000,4.7500,2.0447,1.9388
3.7000,4.8000,2.4718,2.4761
3.7000,4.8500,2.4240,2.4595
3.7000,4.9000,2.5289,2.7251
3.7000,4.9500,2.5323,2.7455
3.7000,5.0000,2.3609,2.8075
3.7000,5.0500,2.4222,2.8491
3.7000,5.1000,2.4776,2.8816
3.7000,5.1500,2.4256,2.8590
3.7000,5.2000,2.2564,2.6943
3.7000,5.2500,2.1653,2.6084
3.7000,5.3000,2.0614,2.5080
3.7000,5.3500,1.9955,2.4368
3.7000,5.4000,1.9973,2.4243
3.7000,5.4500,2.0332,2.4345
3.7000,5.5000,2.0675,2.4340
3.7000,5.5500,2.0876,2.4138
3.7000,5.6000,2.0909,2.3695
3.7000,5.6500,2.0767,2.2951
3.7000,5.7000,2.0670,2.2488
3.7000,5.7500,2.1041,2.3495
3.7000,5.8000,1.9906,2.2784
3.7500,0.9000,1.0279,1.0816
3.7500,0.9500,1.0409,1.1352
3.7500,1.0000,1.0688,1.1681
3.7500,1.0500,1.0871,1.1883
3.7500,1.1000,1.0948,1.1966
3.7500,1.1500,1.0874,1.1359
3.7500,1.2000,1.0355,1.1158
3.7500,1.2500,1.0171,1.1063
3.7500,1.3000,1.0008,1.0963
3.7500,1.3500,1.0098,1.1024
3.7500,1.4000,1.0922,1.1428
3.7500,1.4500,1.1276,1.1622
3.7500,1.5000,1.1823,1.2201
3.7500,1.5500,1.1437,1.1252
3.7500,1.6000,1.4185,1.5330
3.7500,1.6500,1.4386,1.5399
3.7500,1.7000,1.5655,1.6258
3.7500,1.7500,1.6118,1.6428
3.7500,1.8000,1.5465,1.6226
3.7500,1.8500,1.5338,1.6171
3.7500,1.9000,1.7647,1.7535
3.7500,1.9500,1.7948,1.7987
3.7500,2.0000,1.6215,1.5655
3.7500,2.0500,1.6040,1.5525
3.7500,2.1000,1.5385,1.4562
3.7500,2.1500,1.4974,1.3790
3.7500,2.2000,1.4456,1.3415
3.7500,2.2500,1.5065,1.3289
3.7500,2.3000,1.5272,1.3468
3.7500,2.3500,1.5694,1.3767
3.7500,2.4000,1.6808,1.4918
3.7500,2.4500,1.6562,1.4825
3.7500,2.5000,1.3400,1.3400
3.7500,2.5500,1.3230,1.3230
3.7500,2.6000,1.3056,1.3056
3.7500,2.6500,1.2684,1.2684
3.7500,2.7000,1.1941,1.1941
3.7500,2.7500,1.0226,1.0226
3.7500,2.8000,0.9013,0.9690
3.7500,2.8500,1.1264,1.0828
3.7500,2.9000,1.2135,1.1507
3.7500,2.9500,1.2772,1.1987
3.7500,3.0000,1.2722,1.1740
3.7500,3.0500,1.2369,1.1497
3.7500,3.1000,1.1898,1.1195
3.7500,3.1500,1.2378,1.1747
3.7500,3.2000,1.1281,1.1023
3.7500,3.2500,1.0697,1.0403
3.7500,3.3000,1.0398,1.0172
3.7500,3.3500,1.0150,1.0296
3.7500,3.4000,0.9906,1.0168
3.7500,3.4500,0.9709,1.0061
3.7500,3.5000,0.7808,0.8064
3.7500,3.5500,0.7810,0.8066
3.7500,3.6000,0.7833,0.8079
3.7500,3.6500,0.7857,0.8082
3.7500,3.7000,0.8017,0.8197
3.7500,3.7500,0.9428,0.9370
3.7500,3.8000,0.9236,0.9196
3.7500,3.8500,0.9722,0.8714
3.7500,3.9000,1.1065,0.9824
3.7500,3.9500,1.3720,1.3834
3.7500,4.0000,1.3023,1.5097
3.7500,4.0500,1.4821,1.6709
3.7500,4.1000,1.6754,1.8348
3.7500,4.1500,1.5591,1.7148
3.7500,4.2000,1.4955,1.4955
3.7500,4.2500,1.5825,1.4773
3.7500,4.3000,1.8067,1.6549
3.7500,4.3500,1.9213,1.6766
3.7500,4.4000,1.9804,1.7169
3.7500,4.4500,2.2815,1.9688
3.7500,4.5000,2.4284,2.0843
3.7500,4.5500,2.5814,2.2489
3.7500,4.6000,2.6909,2.4196
3.7500,4.6500,2.6200,2.3693
3.7500,4.7000,2.3004,2.2054
3.7500,4.7500,2.2736,2.1578
3.7500,4.8000,2.4894,2.4808
3.7500,4.8500,2.4349,2.4467
3.7500,4.9000,2.7378,2.9416
3.7500,4.9500,2.7332,2.9490
3.7500,5.0000,2.3532,2.7655
3.7500,5.0500,2.3923,2.8000
3.7500,5.1000,2.4241,2.8242
3.7500,5.1500,2.3618,2.7964
3.7500,5.2000,2.2045,2.6419
3.7500,5.2500,2.1569,2.5950
3.7500,5.3000,2.1044,2.5434
3.7500,5.3500,2.0694,2.5039
3.7500,5.4000,2.0628,2.4847
3.7500,5.4500,2.0756,2.4769
3.7500,5.5000,2.0924,2.4668
3.7500,5.5500,2.1036,2.4464
3.7500,5.6000,2.1060,2.4131
3.7500,5.6500,2.1018,2.3737
3.7500,5.7000,2.1039,2.3629
3.7500,5.7500,2.1204,2.4029
3.7500,5.8000,2.1392,2.4540
3.7500,5.8500,2.1537,2.4943
3.8000,0.7000,1.0972,1.1437
3.8000,0.7500,1.0912,1.1396
3.8000,0.8000,1.0361,1.1049
3.8000,0.8500,1.0297,1.0979
3.8000,0.9000,1.0228,1.0882
3.8000,0.9500,1.0467,1.1575
3.8000,1.0000,1.0462,1.1553
3.8000,1.0500,1.0868,1.1937
3.8000,1.1000,1.0911,1.1973
3.8000,1.1500,1.0061,1.0804
3.8000,1.2000,0.9505,1.0661
3.8000,1.2500,1.0019,1.0941
3.8000,1.3000,0.9612,1.0614
3.8000,1.3500,0.9813,1.0771
3.8000,1.4000,1.0318,1.0436
3.8000,1.4500,1.0717,1.0652
3.8000,1.5000,1.1421,1.1446
3.8000,1.5500,1.1894,1.1784
3.8000,1.6000,1.2008,1.1625
3.8000,1.6500,1.2231,1.1737
3.8000,1.7000,1.3321,1.3184
3.8000,1.7500,1.5478,1.6228
3.8000,1.8000,1.6908,1.6434
3.8000,1.8500,1.4926,1.3642
3.8000,1.9000,1.5012,1.3615
3.8000,1.9500,1.7471,1.7400
3.8000,2.0000,1.5532,1.4482
3.8000,2.0500,1.5795,1.4872
3.8000,2.1000,1.5451,1.4356
3.8000,2.1500,1.5344,1.3994
3.8000,2.2000,1.5631,1.3892
3.8000,2.2500,1.5859,1.4035
3.8000,2.3000,1.6040,1.4163
3.8000,2.3500,1.6334,1.4293
3.8000,2.4000,1.7080,1.4943
3.8000,2.4500,1.6816,1.4814
3.8000,2.5000,1.3111,1.3111
3.8000,2.5500,1.2968,1.2968
3.8000,2.6000,1.2760,1.2760
3.8000,2.6500,1.2436,1.2436
3.8000,2.7000,1.2074,1.2074
3.8000,2.7500,1.0270,1.0270
3.8000,2.8000,1.0358,1.0072
3.8000,2.8500,1.1339,1.0879
3.8000,2.9000,1.2186,1.1542
3.8000,2.9500,1.2849,1.2047
3.8000,3.0000,1.2909,1.1884
3.8000,3.0500,1.3696,1.2059
3.8000,3.1000,1.3461,1.2066
3.8000,3.1500,1.2678,1.1350
3.8000,3.2000,1.1717,1.0275
3.8000,3.2500,1.2054,1.1185
3.8000,3.3000,1.3019,1.2450
3.8000,3.3500,0.9995,1.0219
3.8000,3.4000,0.9865,1.0195
3.8000,3.4500,0.9381,0.9794
3.8000,3.5000,0.7951,0.8161
3.8000,3.5500,0.7973,0.8178
3.8000,3.6000,0.8019,0.8209
3.8000,3.6500,0.8082,0.8249
3.8000,3.7000,1.0197,1.0268
3.8000,3.7500,0.9862,1.0143
3.8000,3.8000,0.9691,1.0062
3.8000,3.8500,0.9897,1.0109
3.8000,3.9000,1.0289,1.0225
3.8000,3.9500,1.1587,1.0619
3.8000,4.0000,1.2384,1.4791
3.8000,4.0500,1.2563,1.5432
3.8000,4.1000,1.6758,1.8393
3.8000,4.1500,1.7435,1.7435
3.8000,4.2000,1.6448,1.6448
3.8000,4.2500,1.7109,1.5295
3.8000,4.3000,1.8129,1.5997
3.8000,4.3500,1.9667,1.6991
3.8000,4.4000,2.1205,1.7898
3.8000,4.4500,2.2397,1.8694
3.8000,4.5000,2.4793,2.1410
3.8000,4.5500,2.7268,2.4234
3.8000,4.6000,2.6993,2.3834
3.8000,4.6500,2.6323,2.3666
3.8000,4.7000,2.3263,2.2168
3.8000,4.7500,2.5151,2.3688
3.8000,4.8000,2.4928,2.4721
3.8000,4.8500,2.5131,2.5762
3.8000,4.9000,2.6869,2.8702
3.8000,4.9500,2.6834,2.8748
3.8000,5.0000,2.4535,2.8679
3.8000,5.0500,2.4949,2.9240
3.8000,5.1000,2.5254,2.9624
3.8000,5.1500,2.3317,2.7586
3.8000,5.2000,2.3224,2.7653
3.8000,5.2500,2.1575,2.5862
3.8000,5.3000,2.1313,2.5587
3.8000,5.3500,2.1124,2.5353
3.8000,5.4000,2.1059,2.5193
3.8000,5.4500,2.1094,2.5080
3.8000,5.5000,2.1167,2.4963
3.8000,5.5500,2.1226,2.4804
3.8000,5.6000,2.1250,2.4603
3.8000,5.6500,2.1257,2.4424
3.8000,5.7000,2.1294,2.4398
3.8000,5.7500,2.1383,2.4578
3.8000,5.8000,2.1493,2.4855
3.8000,5.8500,2.1591,2.5116
3.8000,5.9000,2.1666,2.5318
3.8500,0.7000,1.0920,1.1436
3.8500,0.7500,1.0842,1.1398
3.8500,0.8000,1.0753,1.1348
3.8500,0.8500,1.0665,1.1286
3.8500,0.9000,1.0593,1.1217
3.8500,0.9500,1.0463,1.1711
3.8500,1.0000,1.0478,1.1699
3.8500,1.0500,1.0519,1.1715
3.8500,1.1000,1.0913,1.2012
3.8500,1.1500,1.0341,1.1308
3.8500,1.2000,0.9514,1.0648
3.8500,1.2500,0.9364,1.0584
3.8500,1.3000,0.8643,0.9450
3.8500,1.3500,0.9997,1.0214
3.8500,1.4000,1.0387,1.0454
3.8500,1.4500,1.0897,1.0774
3.8500,1.5000,1.1254,1.0925
3.8500,1.5500,1.1952,1.1825
3.8500,1.6000,1.2391,1.2085
3.8500,1.6500,1.2727,1.2093
3.8500,1.7000,1.3421,1.3302
3.8500,1.7500,1.3224,1.3149
3.8500,1.8000,1.4494,1.3356
3.8500,1.8500,1.4917,1.3681
3.8500,1.9000,1.5040,1.3670
3.8500,1.9500,1.4976,1.3661
3.8500,2.0000,1.4931,1.3628
3.8500,2.0500,1.4958,1.3613
3.8500,2.1000,1.5544,1.3754
3.8500,2.1500,1.6222,1.4278
3.8500,2.2000,1.5856,1.3900
3.8500,2.2500,1.6121,1.4033
3.8500,2.3000,1.6338,1.4154
3.8500,2.3500,1.6437,1.4223
3.8500,2.4000,1.7467,1.5092
3.8500,2.4500,1.7169,1.4926
3.8500,2.5000,1.6767,1.4699
3.8500,2.5500,1.2773,1.2773
3.8500,2.6000,1.2598,1.2598
3.8500,2.6500,1.1981,1.1981
3.8500,2.7000,1.1636,1.1636
3.8500,2.7500,1.0976,1.0976
3.8500,2.8000,1.0617,1.0617
3.8500,2.8500,1.1870,1.1287
3.8500,2.9000,1.2411,1.1700
3.8500,2.9500,1.3522,1.2430
3.8500,3.0000,1.4071,1.2843
3.8500,3.0500,1.3067,1.1689
3.8500,3.1000,1.3812,1.2346
3.8500,3.1500,1.3613,1.1932
3.8500,3.2000,1.2033,1.0891
3.8500,3.2500,1.3632,1.2886
3.8500,3.3000,1.3193,1.2706
3.8500,3.3500,1.1887,1.1667
3.8500,3.4000,1.1397,1.0856
3.8500,3.4500,0.9380,0.9789
3.8500,3.5000,0.9381,0.9943
3.8500,3.5500,0.9477,1.0025
3.8500,3.6000,1.0191,1.0695
3.8500,3.6500,1.0224,1.0723
3.8500,3.7000,1.0165,1.0731
3.8500,3.7500,1.0241,1.0802
3.8500,3.8000,0.9840,1.0634
3.8500,3.8500,1.0150,1.0698
3.8500,3.9000,1.0615,1.0737
3.8500,3.9500,1.0875,1.0693
3.8500,4.0000,1.4108,1.4024
3.8500,4.0500,1.3671,1.4590
3.8500,4.1000,1.5583,1.6579
3.8500,4.1500,1.8124,1.8124
3.8500,4.2000,1.7644,1.7644
3.8500,4.2500,1.8683,1.6438
3.8500,4.3000,1.9270,1.6784
3.8500,4.3500,2.0238,1.7361
3.8500,4.4000,2.1378,1.8017
3.8500,4.4500,2.1058,1.7842
3.8500,4.5000,2.3536,1.9667
3.8500,4.5500,2.5850,2.2792
3.8500,4.6000,2.5223,2.1907
3.8500,4.6500,2.5838,2.3234
3.8500,4.7000,2.3059,2.2071
3.8500,4.7500,2.2092,2.1641
3.8500,4.8000,2.4876,2.4585
3.8500,4.8500,2.4901,2.5337
3.8500,4.9000,2.5907,2.7466
3.8500,4.9500,2.3563,2.6859
3.8500,5.0000,2.4278,2.8092
3.8500,5.0500,2.4816,2.8910
3.8500,5.1000,2.5154,2.9390
3.8500,5.1500,2.4326,3.0105
3.8500,5.2000,2.3181,2.7537
3.8500,5.2500,2.1608,2.5800
3.8500,5.3000,2.1479,2.5651
3.8500,5.3500,2.1378,2.5510
3.8500,5.4000,2.1332,2.5395
3.8500,5.6500,2.1435,2.4895
3.8500,5.7000,2.1467,2.4891
3.8500,5.7500,2.1520,2.4981
3.8500,5.8000,2.1585,2.5129
3.9000,0.7000,1.0855,1.1433
3.9000,0.7500,1.0747,1.1396
3.9000,0.8000,1.0627,1.1350
3.9000,0.8500,1.0519,1.1302
3.9000,0.9000,1.0458,1.1262
3.9000,0.9500,1.0464,1.1241
3.9000,1.0000,1.0524,1.1240
3.9000,1.0500,1.0498,1.1781
3.9000,1.1000,1.0544,1.1783
3.9000,1.1500,0.9860,1.0765
3.9000,1.2000,0.9402,0.9614
3.9000,1.2500,0.8865,0.9454
3.9000,1.3000,0.8852,0.9483
3.9000,1.3500,0.9365,0.9897
3.9000,1.4000,0.9534,0.9980
3.9000,1.4500,1.0961,1.0774
3.9000,1.5000,1.1269,1.0908
3.9000,1.5500,1.1636,1.1092
3.9000,1.6000,1.2825,1.2051
3.9000,1.6500,1.3340,1.2540
3.9000,1.7000,1.3856,1.3401
3.9000,1.7500,1.3659,1.3188
3.9000,1.8000,1.3539,1.3074
3.9000,1.8500,1.4832,1.3327
3.9000,1.9000,1.5111,1.3735
3.9000,1.9500,1.4862,1.3175
3.9000,2.0000,1.4988,1.3737
3.9000,2.0500,1.5383,1.3755
3.9000,2.1000,1.5712,1.3875
3.9000,2.1500,1.5985,1.3932
3.9000,2.2000,1.5710,1.3724
3.9000,2.2500,1.5384,1.2934
3.9000,2.3000,1.6903,1.4422
3.9000,2.3500,1.7060,1.4514
3.9000,2.4000,1.7841,1.5427
3.9000,2.4500,1.7435,1.5191
3.9000,2.5000,1.5837,1.3538
3.9000,2.5500,1.5322,1.3288
3.9000,2.6000,1.2020,1.2020
3.9000,2.6500,1.1907,1.1907
3.9000,2.7000,1.1681,1.1681
3.9000,2.7500,1.1383,1.1383
3.9000,2.8000,1.1197,1.1197
3.9000,2.8500,1.2342,1.1663
3.9000,2.9000,1.3522,1.2639
3.9000,2.9500,1.3951,1.2923
3.9000,3.0000,1.4383,1.3219
3.9000,3.0500,1.2901,1.1518
3.9000,3.1000,1.2990,1.1336
3.9000,3.1500,1.4084,1.3001
3.9000,3.2000,1.3669,1.2742
3.9000,3.2500,1.3604,1.2893
3.9000,3.3000,1.3195,1.2717
3.9000,3.3500,1.3409,1.2746
3.9000,3.4000,1.1496,1.1028
3.9000,3.4500,1.1748,1.1281
3.9000,3.5000,0.9396,0.9928
3.9000,3.5500,0.9609,1.0116
3.9000,3.6000,1.0375,1.0874
3.9000,3.6500,1.0570,1.1032
3.9000,3.7000,1.0742,1.1220
3.9000,3.7500,1.0782,1.1288
3.9000,3.8000,1.0021,1.0810
3.9000,3.8500,1.0850,1.1379
3.9000,3.9000,1.1242,1.1321
3.9000,3.9500,1.2721,1.1782
3.9000,4.0000,1.2974,1.3066
3.9000,4.0500,1.4026,1.4413
3.9000,4.1000,1.4613,1.4751
3.9000,4.1500,1.4923,1.6496
3.9000,4.2000,1.8435,1.8435
3.9000,4.2500,1.9624,1.7131
3.9000,4.3000,2.0017,1.7325
3.9000,4.3500,2.0651,1.7666
3.9000,4.4000,2.1442,1.8098
3.9000,4.4500,2.0653,1.7613
3.9000,4.5000,2.2639,1.9012
3.9000,4.5500,2.3398,1.9621
3.9000,4.6000,2.3420,2.0262
3.9000,4.6500,2.2876,1.9866
3.9000,4.7000,2.2646,2.1827
3.9000,4.7500,2.1870,2.1553
3.9000,4.8000,2.4857,2.4541
3.9000,4.8500,2.7247,2.8768
3.9000,4.9000,2.6003,2.7447
3.9000,4.9500,2.3619,2.6795
3.9000,5.0000,2.4321,2.8019
3.9000,5.0500,2.4837,2.8829
3.9000,5.1000,2.5163,2.9308
3.9000,5.1500,2.4324,3.0042
3.9000,5.2000,2.4371,3.0077
3.9000,5.2500,2.1645,2.5761
3.9000,5.3000,2.1585,2.5680
3.9000,5.3500,2.1534,2.5596
3.9000,5.4000,2.1505,2.5518
3.9000,5.7000,2.1584,2.5205
3.9000,5.7500,2.1618,2.5253
3.9000,5.8000,2.1657,2.5333
3.9500,0.7000,1.0779,1.1426
3.9500,0.7500,1.0626,1.1383
3.9500,0.8000,1.0443,1.1325
3.9500,0.8500,1.0273,1.1265
3.9500,0.9000,1.0196,1.1233
3.9500,0.9500,1.0258,1.1247
3.9500,1.0000,1.0403,1.1283
3.9500,1.0500,0.9357,1.0187
3.9500,1.1000,0.9778,1.0551
3.9500,1.1500,0.9821,1.0582
3.9500,1.2000,1.0206,1.0365
3.9500,1.2500,0.9234,0.9431
3.9500,1.3000,0.9249,0.9460
3.9500,1.3500,0.9304,0.9493
3.9500,1.4000,0.9638,0.9998
3.9500,1.4500,1.0999,1.0755
3.9500,1.5000,1.1234,1.0861
3.9500,1.5500,1.2303,1.1639
3.9500,1.6000,1.2599,1.1869
3.9500,1.6500,1.3792,1.3568
3.9500,1.7000,1.3850,1.3593
3.9500,1.7500,1.3559,1.3128
3.9500,1.8000,1.3506,1.3071
3.9500,1.8500,1.4846,1.3354
3.9500,1.9000,1.4835,1.3399
3.9500,1.9500,1.5086,1.3829
3.9500,2.0000,1.5005,1.3874
3.9500,2.0500,1.5422,1.3864
3.9500,2.1000,1.5504,1.3567
3.9500,2.1500,1.5507,1.3710
3.9500,2.2000,1.6040,1.3863
3.9500,2.2500,1.6442,1.3954
3.9500,2.3000,1.6434,1.3433
3.9500,2.3500,1.7481,1.4466
3.9500,2.4000,1.8230,1.5516
3.9500,2.4500,1.6859,1.4058
3.9500,2.5000,1.6171,1.3670
3.9500,2.5500,1.5570,1.3368
3.9500,2.6000,1.5053,1.3120
3.9500,2.6500,1.1926,1.1926
3.9500,2.7000,1.1801,1.1801
3.9500,2.7500,1.1650,1.1650
3.9500,2.8000,1.2566,1.1861
3.9500,2.8500,1.3515,1.2631
3.9500,2.9000,1.3780,1.2803
3.9500,2.9500,1.4082,1.3000
3.9500,3.0000,1.2535,1.0599
3.9500,3.0500,1.2796,1.0665
3.9500,3.1000,1.4311,1.3319
3.9500,3.1500,1.3643,1.2669
3.9500,3.2000,1.3430,1.2575
3.9500,3.2500,1.3530,1.2925
3.9500,3.3000,1.3215,1.2784
3.9500,3.3500,1.3484,1.2836
3.9500,3.4000,1.2951,1.2590
3.9500,3.4500,1.2534,1.2467
3.9500,3.5000,1.1141,1.0823
3.9500,3.5500,1.2118,1.1212
3.9500,3.6000,1.0581,1.1032
3.9500,3.6500,1.0931,1.1306
3.9500,3.7000,1.1398,1.1720
3.9500,3.7500,1.1982,1.2252
3.9500,3.8000,1.2689,1.2913
3.9500,3.8500,1.2743,1.2737
3.9500,3.9000,1.3395,1.2492
3.9500,3.9500,1.3309,1.2137
3.9500,4.0000,1.2131,1.1705
3.9500,4.0500,1.3424,1.3354
3.9500,4.1000,1.3618,1.2960
3.9500,4.1500,1.4732,1.4681
3.9500,4.2000,1.8011,1.7229
3.9500,4.2500,2.0156,1.7557
3.9500,4.3000,2.0450,1.7667
3.9500,4.3500,2.0883,1.7869
3.9500,4.4000,2.1413,1.8136
3.9500,4.4500,2.0222,1.7382
3.9500,4.5000,2.1871,1.8516
3.9500,4.5500,2.2267,1.8804
3.9500,4.6000,2.2349,1.8895
3.9500,4.6500,2.2110,1.8781
3.9500,4.7000,2.3785,2.1698
3.9500,4.7500,2.1688,2.1454
3.9500,4.8000,2.5867,2.6332
3.9500,4.8500,2.7777,2.9275
3.9500,4.9000,2.7192,2.8703
3.9500,4.9500,2.4387,2.7975
3.9500,5.0000,2.4676,2.8476
3.9500,5.0500,2.5007,2.8992
3.9500,5.1000,2.5256,2.9358
3.9500,5.1500,2.4371,3.0036
3.9500,5.2000,2.4431,3.0082
4.0000,0.7000,0.9621,1.0572
4.0000,0.7500,0.9457,1.0505
4.0000,0.8000,0.9234,1.0403
4.0000,0.8500,0.8991,1.0275
4.0000,0.9000,0.8885,1.0214
4.0000,0.9500,0.9049,1.0311
4.0000,1.0000,0.9321,1.0449
4.0000,1.0500,0.9325,1.0220
4.0000,1.1000,0.9807,1.0586
4.0000,1.1500,0.9896,1.0646
4.0000,1.2000,0.9818,1.0277
4.0000,1.2500,0.9361,0.9117
4.0000,1.3000,0.9374,0.9443
4.0000,1.3500,0.9403,0.9462
4.0000,1.4000,1.0611,1.0394
4.0000,1.4500,1.0451,1.0423
4.0000,1.5000,1.1949,1.1380
4.0000,1.5500,1.2230,1.2883
4.0000,1.6000,1.2438,1.3044
4.0000,1.6500,1.2613,1.3179
4.0000,1.7000,1.3644,1.3402
4.0000,1.7500,1.3698,1.3421
4.0000,1.8000,1.3820,1.3565
4.0000,1.8500,1.5499,1.4136
4.0000,1.9000,1.4899,1.3440
4.0000,1.9500,1.5190,1.3886
4.0000,2.0000,1.5176,1.3909
4.0000,2.0500,1.5493,1.3839
4.0000,2.1000,1.5769,1.3820
4.0000,2.1500,1.5521,1.3652
4.0000,2.2000,1.6128,1.3830
4.0000,2.2500,1.6911,1.4190
4.0000,2.3000,1.7426,1.4116
4.0000,2.3500,1.8953,1.5623
4.0000,2.4000,1.8156,1.4929
4.0000,2.4500,1.7372,1.4388
4.0000,2.5000,1.6447,1.3808
4.0000,2.5500,1.5754,1.3446
4.0000,2.6000,1.5213,1.3193
4.0000,2.6500,1.4840,1.2913
4.0000,2.7000,1.4560,1.2770
4.0000,2.7500,1.2518,1.2032
4.0000,2.8000,1.3624,1.2712
4.0000,2.8500,1.3771,1.2801
4.0000,2.9000,1.3970,1.2927
4.0000,2.9500,1.2320,1.0467
4.0000,3.0000,1.2484,1.0449
4.0000,3.0500,1.3055,1.1151
4.0000,3.1000,1.3763,1.2925
4.0000,3.1500,1.3724,1.2921
4.0000,3.2000,1.3255,1.2461
4.0000,3.2500,1.3473,1.3004
4.0000,3.3000,1.4411,1.3806
4.0000,3.3500,1.4174,1.3645
4.0000,3.4000,1.3360,1.2917
4.0000,3.4500,1.3604,1.3374
4.0000,3.5000,1.3393,1.2829
4.0000,3.5500,1.4739,1.2852
4.0000,3.6000,1.5331,1.3149
4.0000,3.6500,1.5456,1.3192
4.0000,3.7000,1.3930,1.2495
4.0000,3.7500,1.4672,1.3218
4.0000,3.8000,1.6328,1.4718
4.0000,3.8500,1.6717,1.4857
4.0000,3.9000,1.4224,1.2860
4.0000,3.9500,1.3785,1.2350
4.0000,4.0000,1.2530,1.1840
4.0000,4.0500,1.2791,1.1989
4.0000,4.1000,1.4189,1.3303
4.0000,4.1500,1.5353,1.5132
4.0000,4.2000,1.5211,1.5055
4.0000,4.2500,1.9171,1.7087
4.0000,4.3000,2.1002,1.7740
4.0000,4.3500,2.0991,1.7993
4.0000,4.4000,2.0889,1.7842
4.0000,4.4500,1.9871,1.7211
4.0000,4.5000,2.1332,1.8208
4.0000,4.5500,2.1550,1.8364
4.0000,4.6000,2.1605,1.8427
4.0000,4.6500,2.1494,1.8399
4.0000,4.7000,2.1275,1.8321
4.0000,4.7500,2.1461,2.1388
4.0000,4.8000,2.6009,2.6520
4.0000,4.8500,2.8321,2.9789
4.0000,4.9000,2.8033,2.9530
4.0000,4.9500,2.4939,2.8771
4.0000,5.0000,2.5051,2.8972
4.0000,5.0500,2.5227,2.9244
4.0000,5.1000,2.5387,2.9479
4.0000,5.1500,2.4442,3.0062
4.0000,5.2000,2.4495,3.0102
4.0500,0.7000,0.9581,1.0562
4.0500,0.7500,0.9378,1.0479
4.0500,0.8000,0.9067,1.0326
4.0500,0.8500,0.8617,1.0044
4.0500,0.9000,0.8288,0.9789
4.0500,0.9500,0.8743,1.0139
4.0500,1.0000,0.9232,1.0442
4.0500,1.0500,0.9570,1.0610
4.0500,1.1000,0.9880,1.0642
4.0500,1.1500,1.0004,1.0727
4.0500,1.2000,0.9954,1.0371
4.0500,1.2500,0.9986,1.0090
4.0500,1.3000,1.0106,0.9782
4.0500,1.3500,1.1160,1.1147
4.0500,1.4000,1.0990,1.0907
4.0500,1.4500,1.1472,1.1504
4.0500,1.5000,1.2234,1.3100
4.0500,1.5500,1.2053,1.2738
4.0500,1.6000,1.2220,1.2873
4.0500,1.6500,1.2383,1.2997
4.0500,1.7000,1.2517,1.3094
4.0500,1.7500,1.3608,1.3341
4.0500,1.8000,1.3807,1.3544
4.0500,1.8500,1.4716,1.3777
4.0500,1.9000,1.4366,1.3318
4.0500,1.9500,1.5037,1.3525
4.0500,2.0000,1.5383,1.3947
4.0500,2.0500,1.5485,1.3932
4.0500,2.1000,1.5879,1.3857
4.0500,2.1500,1.5427,1.3559
4.0500,2.2000,1.6191,1.3854
4.0500,2.2500,1.7021,1.4248
4.0500,2.3000,1.8933,1.5872
4.0500,2.3500,2.0033,1.6768
4.0500,2.4000,1.8530,1.5261
4.0500,2.4500,1.6291,1.3058
4.0500,2.5000,1.5258,1.2440
4.0500,2.5500,1.5823,1.3481
4.0500,2.6000,1.5266,1.3230
4.0500,2.6500,1.4859,1.2957
4.0500,2.7000,1.4587,1.3062
4.0500,2.7500,1.4822,1.3457
4.0500,2.8000,1.3785,1.2824
4.0500,2.8500,1.3936,1.2912
4.0500,2.9000,1.2266,1.0457
4.0500,2.9500,1.2435,1.0547
4.0500,3.0000,1.2967,1.1116
4.0500,3.0500,1.4543,1.3247
4.0500,3.1000,1.3688,1.2903
4.0500,3.1500,1.3597,1.2863
4.0500,3.2000,1.3476,1.2823
4.0500,3.2500,1.4448,1.4131
4.0500,3.3000,1.4389,1.4115
4.0500,3.3500,1.4431,1.3889
4.0500,3.4000,1.4371,1.3785
4.0500,3.4500,1.4286,1.3856
4.0500,3.5000,1.4317,1.3815
4.0500,3.5500,1.5350,1.3196
4.0500,3.6000,1.5543,1.3262
4.0500,3.6500,1.5360,1.3284
4.0500,3.7000,1.6343,1.3621
4.0500,3.7500,1.5103,1.3137
4.0500,3.8000,1.6546,1.4399
4.0500,3.8500,1.6914,1.4818
4.0500,3.9000,1.6445,1.4644
4.0500,3.9500,1.6158,1.4697
4.0500,4.0000,1.4830,1.4448
4.0500,4.0500,1.4935,1.4740
4.0500,4.1000,1.4689,1.3641
4.0500,4.1500,1.5293,1.4220
4.0500,4.2000,1.5729,1.5471
4.0500,4.2500,1.8525,1.6088
4.0500,4.3000,1.8594,1.6033
4.0500,4.3500,2.1374,1.7920
4.0500,4.4000,2.0808,1.7831
4.0500,4.4500,2.1030,1.7928
4.0500,4.5000,2.0977,1.8027
4.0500,4.5500,2.1103,1.8120
4.0500,4.6000,2.1140,1.8166
4.0500,4.6500,2.1087,1.8166
4.0500,4.7000,2.0969,1.8138
4.0500,4.7500,2.0466,2.0069
4.0500,4.8000,2.6131,2.6686
4.0500,4.8500,2.8723,3.0155
4.0500,4.9000,2.5338,2.9275
4.0500,4.9500,2.5292,2.9251
4.0500,5.0000,2.5334,2.9335
4.1000,0.7000,0.9578,1.0560
4.1000,0.7500,0.9375,1.0480
4.1000,0.8000,0.9060,1.0327
4.1000,0.8500,0.8580,1.0016
4.1000,0.9000,0.8144,0.9648
4.1000,0.9500,0.8764,1.0150
4.1000,1.0000,0.9319,1.0510
4.1000,1.0500,0.9693,1.0709
4.1000,1.1000,0.9701,1.0394
4.1000,1.1500,1.0173,1.0760
4.1000,1.2000,1.0244,1.0822
4.1000,1.2500,1.0183,1.0549
4.1000,1.3000,1.0745,1.1152
4.1000,1.3500,1.0931,1.0880
4.1000,1.4000,1.0905,1.0863
4.1000,1.4500,1.1324,1.1385
4.1000,1.5000,1.1021,1.1582
4.1000,1.5500,1.2140,1.3036
4.1000,1.6000,1.1998,1.2710
4.1000,1.6500,1.2191,1.2856
4.1000,1.7000,1.2386,1.2993
4.1000,1.7500,1.2572,1.3121
4.1000,1.8000,1.4568,1.3612
4.1000,1.8500,1.4732,1.3726
4.1000,1.9000,1.4853,1.3817
4.1000,1.9500,1.4588,1.3448
4.1000,2.0000,1.4848,1.3888
4.1000,2.0500,1.4889,1.3834
4.1000,2.1000,1.5475,1.3951
4.1000,2.1500,1.5697,1.3929
4.1000,2.2000,1.6080,1.3991
4.1000,2.2500,1.6518,1.3935
4.1000,2.3000,1.8029,1.5223
4.1000,2.3500,1.8558,1.5597
4.1000,2.4000,1.7574,1.4543
4.1000,2.4500,1.6695,1.3978
4.1000,2.5000,1.5135,1.2489
4.1000,2.5500,1.4552,1.2265
4.1000,2.6000,1.4114,1.2158
4.1000,2.6500,1.4864,1.3334
4.1000,2.7000,1.4390,1.3110
4.1000,2.7500,1.4614,1.3256
4.1000,2.8000,1.4818,1.2908
4.1000,2.8500,1.2874,1.1436
4.1000,2.9000,1.2384,1.0534
4.1000,2.9500,1.2945,1.1130
4.1000,3.0000,1.4556,1.3295
4.1000,3.0500,1.3833,1.3048
4.1000,3.1000,1.3728,1.2971
4.1000,3.1500,1.3533,1.2848
4.1000,3.2000,1.4074,1.3786
4.1000,3.2500,1.4125,1.3937
4.1000,3.3000,1.5613,1.4391
4.1000,3.3500,1.5873,1.4526
4.1000,3.4000,1.6122,1.4638
4.1000,3.4500,1.5674,1.3756
4.1000,3.5000,1.4898,1.4195
4.1000,3.5500,1.7076,1.5037
4.1000,3.6000,1.6070,1.3547
4.1000,3.6500,1.5917,1.3665
4.1000,3.7000,1.6348,1.3811
4.1000,3.7500,1.7706,1.4863
4.1000,3.8000,1.6297,1.4281
4.1000,3.8500,1.6254,1.4312
4.1000,3.9000,1.6529,1.4785
4.1000,3.9500,1.6309,1.4869
4.1000,4.0000,1.4958,1.4554
4.1000,4.0500,1.5049,1.4816
4.1000,4.1000,1.5981,1.5266
4.1000,4.1500,1.5174,1.4087
4.1000,4.2000,1.5751,1.5453
4.1000,4.2500,1.8608,1.6118
4.1000,4.3000,1.8635,1.6045
4.1000,4.3500,1.8705,1.6035
4.1000,4.4000,2.1268,1.8094
4.1000,4.4500,2.1282,1.8004
4.1000,4.5000,2.0752,1.7922
4.1000,4.5500,2.0827,1.7982
4.1000,4.6000,2.0852,1.8015
4.1000,4.6500,2.0827,1.8024
4.1000,4.7000,1.7504,1.6558
4.1000,4.7500,1.9909,1.8299
4.1000,4.8000,2.0842,2.1136
4.1000,4.8500,2.8992,3.0391
4.1000,4.9000,2.5546,2.9558
4.1000,4.9500,2.5513,2.9539
4.1000,5.0000,2.5527,2.9575
4.1500,0.7000,0.9611,1.0566
4.1500,0.7500,0.9452,1.0510
4.1500,0.8000,0.9237,1.0420
4.1500,0.8500,0.9000,1.0297
4.1500,0.9000,0.8932,1.0257
4.1500,0.9500,0.9219,1.0445
4.1500,1.0000,0.9619,1.0686
4.1500,1.0500,0.9752,1.0395
4.1500,1.1000,1.0092,1.0562
4.1500,1.1500,1.0434,1.0520
4.1500,1.2000,1.0768,1.0905
4.1500,1.2500,1.0981,1.1547
4.1500,1.3000,1.0746,1.1166
4.1500,1.3500,1.0588,1.1083
4.1500,1.4000,1.1109,1.1168
4.1500,1.4500,1.0714,1.1272
4.1500,1.5000,1.0795,1.1373
4.1500,1.5500,1.1820,1.2796
4.1500,1.6000,1.2533,1.3737
4.1500,1.6500,1.2588,1.3559
4.1500,1.7000,1.2905,1.3778
4.1500,1.7500,1.3204,1.3984
4.1500,1.8000,1.3061,1.3532
4.1500,1.8500,1.4900,1.3844
4.1500,1.9000,1.5088,1.3980
4.1500,1.9500,1.5170,1.4027
4.1500,2.0000,1.4817,1.3565
4.1500,2.0500,1.4987,1.3915
4.1500,2.1000,1.5465,1.3980
4.1500,2.1500,1.5547,1.3880
4.1500,2.2000,1.5747,1.3846
4.1500,2.2500,1.6197,1.4002
4.1500,2.3000,1.7023,1.4619
4.1500,2.3500,1.7235,1.4729
4.1500,2.4000,1.6486,1.3846
4.1500,2.4500,1.6074,1.3640
4.1500,2.5000,1.4797,1.2331
4.1500,2.5500,1.4394,1.2206
4.1500,2.6000,1.4132,1.2138
4.1500,2.6500,1.3857,1.2030
4.1500,2.7000,1.3669,1.1992
4.1500,2.7500,1.4733,1.2797
4.1500,2.8000,1.4935,1.3018
4.1500,2.8500,1.2948,1.1481
4.1500,2.9000,1.2425,1.0465
4.1500,2.9500,1.3092,1.1259
4.1500,3.0000,1.4714,1.3475
4.1500,3.0500,1.4148,1.3391
4.1500,3.1000,1.3840,1.3111
4.1500,3.1500,1.4529,1.4405
4.1500,3.2000,1.3934,1.3812
4.1500,3.2500,1.3831,1.3779
4.1500,3.3000,1.4148,1.4012
4.1500,3.3500,1.6087,1.4683
4.1500,3.4000,1.6728,1.4981
4.1500,3.4500,1.7314,1.5477
4.1500,3.5000,1.6627,1.4820
4.1500,3.5500,1.7698,1.5518
4.1500,3.6000,1.6202,1.3909
4.1500,3.6500,1.6363,1.3946
4.1500,3.7000,1.6568,1.4011
4.1500,3.7500,1.8069,1.5375
4.1500,3.8000,1.8098,1.5376
4.1500,3.8500,1.5809,1.4183
4.1500,3.9000,1.5583,1.4154
4.1500,3.9500,1.6365,1.4977
4.1500,4.0000,1.4955,1.4582
4.1500,4.0500,1.4967,1.4742
4.1500,4.1000,1.5766,1.5042
4.1500,4.1500,1.5820,1.5168
4.1500,4.2000,1.4281,1.3388
4.1500,4.2500,1.8622,1.6070
4.1500,4.3000,1.8636,1.6023
4.1500,4.3500,1.8673,1.6008
4.1500,4.4000,1.9304,1.6710
4.1500,4.5500,2.0656,1.7902
4.1500,4.6000,2.0674,1.7926
4.1500,4.6500,2.0662,1.7936
4.1500,4.7000,1.7318,1.6492
4.1500,4.7500,1.9799,1.8214
4.1500,4.8000,1.9723,1.9100
4.2000,0.7000,0.9661,1.0567
4.2000,0.7500,0.9560,1.0536
4.2000,0.8000,0.9458,1.0512
4.2000,0.8500,0.9208,1.0043
4.2000,0.9000,0.9290,1.0078
4.2000,0.9500,0.9533,1.0232
4.2000,1.0000,0.9970,1.0458
4.2000,1.0500,1.0248,1.0659
4.2000,1.1000,1.0416,1.0779
4.2000,1.1500,1.0671,1.0686
4.2000,1.2000,1.1356,1.1490
4.2000,1.2500,1.1120,1.1324
4.2000,1.3000,1.1195,1.1610
4.2000,1.3500,1.0958,1.1432
4.2000,1.4000,1.0916,1.0982
4.2000,1.4500,1.0824,1.1371
4.2000,1.5000,1.0906,1.1659
4.2000,1.5500,1.1020,1.1973
4.2000,1.6000,1.2061,1.3411
4.2000,1.6500,1.2593,1.3788
4.2000,1.7000,1.3384,1.4226
4.2000,1.7500,1.3827,1.4571
4.2000,1.8000,1.3221,1.3654
4.2000,1.8500,1.3624,1.3981
4.2000,1.9000,1.5471,1.4289
4.2000,1.9500,1.5569,1.4349
4.2000,2.0000,1.5432,1.4200
4.2000,2.0500,1.4877,1.3565
4.2000,2.1000,1.5421,1.4008
4.2000,2.1500,1.5331,1.3802
4.2000,2.2000,1.5340,1.3673
4.2000,2.2500,1.5993,1.4123
4.2000,2.3000,1.6152,1.4159
4.2000,2.3500,1.6276,1.4215
4.2000,2.4000,1.6453,1.4461
4.2000,2.4500,1.5499,1.3363
4.2000,2.5000,1.4448,1.2184
4.2000,2.5500,1.4291,1.2228
4.2000,2.6000,1.4090,1.2130
4.2000,2.6500,1.3924,1.2068
4.2000,2.7000,1.3824,1.2046
4.2000,2.7500,1.3816,1.2073
4.2000,2.8000,1.5075,1.3137
4.2000,2.8500,1.1862,1.0893
4.2000,2.9000,1.3268,1.1701
4.2000,2.9500,1.4398,1.3260
4.2000,3.0000,1.4654,1.3535
4.2000,3.0500,1.5712,1.5077
4.2000,3.1000,1.4798,1.4593
4.2000,3.1500,1.4319,1.4304
4.2000,3.2000,1.3558,1.3585
4.2000,3.2500,1.3221,1.3370
4.2000,3.3000,1.3740,1.3753
4.2000,3.3500,1.6085,1.5044
4.2000,3.4000,1.7373,1.5798
4.2000,3.4500,1.8338,1.5838
4.2000,3.5000,1.7209,1.5133
4.2000,3.5500,1.7037,1.4974
4.2000,3.6000,1.6992,1.4950
4.2000,3.6500,1.6848,1.4290
4.2000,3.7000,1.7102,1.4412
4.2000,3.7500,1.8561,1.6010
4.2000,3.8000,1.8452,1.5908
4.2000,3.8500,1.8214,1.5762
4.2000,3.9000,1.7894,1.6224
4.2000,3.9500,1.5829,1.4449
4.2000,4.0000,1.4447,1.4270
4.2000,4.0500,1.4902,1.4806
4.2000,4.1000,1.5548,1.4837
4.2000,4.1500,1.5516,1.4861
4.2000,4.2000,1.5415,1.4802
4.2000,4.2500,1.8804,1.6278
4.2000,4.3000,2.0470,1.8456
4.2000,4.3500,1.8640,1.5979
4.2000,4.4000,1.9256,1.6691
4.2000,4.6000,2.0564,1.7873
4.2000,4.6500,2.0559,1.7882
4.2000,4.7000,1.7194,1.6450
4.2000,4.7500,1.9724,1.8156
4.2000,4.8000,1.9693,1.8163
4.2500,0.7000,0.9455,1.0309
4.2500,0.7500,0.9410,1.0296
4.2500,0.8000,0.9418,1.0234
4.2500,0.8500,0.9488,1.0269
4.2500,0.9000,0.9676,1.0373
4.2500,0.9500,1.0101,1.0600
4.2500,1.0000,1.0468,1.0844
4.2500,1.0500,1.0775,1.1049
4.2500,1.1000,1.0900,1.1121
4.2500,1.1500,1.1011,1.0945
4.2500,1.2000,1.1512,1.1607
4.2500,1.2500,1.1167,1.1337
4.2500,1.3000,1.0805,1.1031
4.2500,1.3500,1.1276,1.1370
4.2500,1.4000,0.9836,0.9951
4.2500,1.4500,0.9939,1.0175
4.2500,1.5000,1.0131,1.0572
4.2500,1.5500,1.0402,1.1160
4.2500,1.6000,1.1781,1.3165
4.2500,1.6500,1.2639,1.3609
4.2500,1.7000,1.3351,1.4191
4.2500,1.7500,1.3878,1.4603
4.2500,1.8000,1.4405,1.5023
4.2500,1.8500,1.4026,1.4305
4.2500,1.9000,1.6055,1.4808
4.2500,1.9500,1.6207,1.4928
4.2500,2.0000,1.5796,1.4526
4.2500,2.0500,1.5613,1.4550
4.2500,2.1000,1.4846,1.3704
4.2500,2.1500,1.5067,1.3687
4.2500,2.2000,1.4871,1.3434
4.2500,2.2500,1.5306,1.3748
4.2500,2.3000,1.5345,1.3722
4.2500,2.3500,1.5673,1.4025
4.2500,2.4000,1.5584,1.3764
4.2500,2.4500,1.5625,1.3839
4.2500,2.5000,1.4224,1.2184
4.2500,2.5500,1.4143,1.2154
4.2500,2.6000,1.4050,1.2123
4.2500,2.6500,1.3967,1.2102
4.2500,2.7000,1.3914,1.2099
4.2500,2.7500,1.3904,1.2127
4.2500,2.8000,1.2786,1.2158
4.2500,2.8500,1.3471,1.2834
4.2500,2.9000,1.5099,1.4265
4.2500,2.9500,1.5585,1.4854
4.2500,3.0000,1.5595,1.4873
4.2500,3.0500,1.5492,1.4831
4.2500,3.1000,1.4725,1.3973
4.2500,3.1500,1.3879,1.3770
4.2500,3.2000,1.3277,1.3374
4.2500,3.2500,1.2485,1.2749
4.2500,3.3000,1.2724,1.2888
4.2500,3.3500,1.6785,1.5800
4.2500,3.4000,1.9285,1.7509
4.2500,3.4500,1.8163,1.6197
4.2500,3.5000,1.8137,1.5699
4.2500,3.5500,1.7282,1.5108
4.2500,3.6000,1.7404,1.5173
4.2500,3.6500,1.8814,1.6318
4.2500,3.7000,1.7882,1.5087
4.2500,3.7500,1.9319,1.6940
4.2500,3.8000,1.8994,1.6612
4.2500,3.8500,1.8516,1.6199
4.2500,3.9000,1.8104,1.5909
4.2500,3.9500,1.7732,1.6291
4.2500,4.0000,1.4366,1.4227
4.2500,4.0500,1.4222,1.4202
4.2500,4.1000,1.5388,1.4697
4.2500,4.1500,1.5321,1.4678
4.2500,4.2000,1.5240,1.4632
4.2500,4.2500,1.8071,1.5118
4.2500,4.3000,2.0935,1.8660
4.3000,0.7000,0.9475,1.0250
4.3000,0.7500,0.9447,1.0213
4.3000,0.8000,0.9480,1.0237
4.3000,0.8500,0.9649,1.0393
4.3000,0.9000,1.0066,1.0651
4.3000,0.9500,1.0510,1.0933
4.3000,1.0000,1.1050,1.1301
4.3000,1.0500,1.1525,1.1637
4.3000,1.1000,1.1639,1.1696
4.3000,1.1500,1.2205,1.2190
4.3000,1.2000,1.1709,1.1769
4.3000,1.2500,1.1227,1.1364
4.3000,1.3000,1.0750,1.0945
4.3000,1.3500,1.0376,1.0020
4.3000,1.4000,0.9411,0.9349
4.3000,1.4500,0.9235,0.9082
4.3000,1.5000,0.9818,0.9878
4.3000,1.5500,1.0175,1.0597
4.3000,1.6000,1.1893,1.2776
4.3000,1.6500,1.2464,1.3288
4.3000,1.7000,1.2992,1.3707
4.3000,1.7500,1.3932,1.4635
4.3000,1.8000,1.4509,1.5100
4.3000,1.8500,1.4292,1.4519
4.3000,1.9000,1.5430,1.5499
4.3000,1.9500,1.7047,1.5764
4.3000,2.0000,1.6191,1.5000
4.3000,2.0500,1.5629,1.4599
4.3000,2.1000,1.5006,1.4151
4.3000,2.1500,1.4900,1.4073
4.3000,2.2000,1.4350,1.3131
4.3000,2.2500,1.4230,1.3011
4.3000,2.3000,1.4468,1.3185
4.3000,2.3500,1.4942,1.3601
4.3000,2.4000,1.5058,1.3495
4.3000,2.4500,1.5266,1.3681
4.3000,2.5000,1.5604,1.4165
4.3000,2.5500,1.4035,1.2105
4.3000,2.6000,1.4027,1.2128
4.3000,2.6500,1.4000,1.2136
4.3000,2.7000,1.3972,1.2141
4.3000,2.7500,1.3477,1.1651
4.3000,2.8000,1.4988,1.3351
4.3000,2.8500,1.3459,1.2837
4.3000,2.9000,1.5535,1.4836
4.3000,2.9500,1.5549,1.4834
4.3000,3.0000,1.5515,1.4810
4.3000,3.0500,1.5392,1.4737
4.3000,3.1000,1.4625,1.3875
4.3000,3.1500,1.4262,1.3643
4.3000,3.2000,1.3447,1.3458
4.3000,3.2500,1.3096,1.3149
4.3000,3.3000,1.4811,1.4278
4.3000,3.3500,1.6852,1.5803
4.3000,3.4000,1.8420,1.6773
4.3000,3.4500,1.7856,1.6000
4.3000,3.5000,1.7915,1.5564
4.3000,3.5500,1.7786,1.5365
4.3000,3.6000,1.7488,1.5265
4.3000,3.6500,1.8703,1.6002
4.3000,3.7000,2.0143,1.7598
4.3000,3.7500,2.0450,1.8013
4.3000,3.8000,1.9627,1.7431
4.3000,3.8500,1.8794,1.6592
4.3000,3.9000,1.8218,1.6096
4.3000,3.9500,1.7842,1.5827
4.3000,4.0000,1.6816,1.5775
4.3000,4.0500,1.4099,1.4104
4.3000,4.1000,1.4691,1.4629
4.3000,4.1500,1.5193,1.4566
4.3000,4.2000,1.8630,1.5655
4.3000,4.2500,1.8421,1.5429
4.3000,4.3000,1.8792,1.6158
4.3500,0.7500,0.9424,1.0061
4.3500,0.8000,0.9056,0.9863
4.3500,0.8500,0.9286,1.0022
4.3500,0.9000,0.9726,1.0372
4.3500,0.9500,1.0838,1.1199
4.3500,1.0000,1.1659,1.1797
4.3500,1.0500,1.2569,1.2529
4.3500,1.1000,1.2762,1.2672
4.3500,1.1500,1.2649,1.2607
4.3500,1.2000,1.1876,1.1918
4.3500,1.2500,1.1274,1.1391
4.3500,1.3000,1.1515,1.1014
4.3500,1.3500,0.9859,0.9332
4.3500,1.4000,0.9577,0.9403
4.3500,1.4500,0.9268,0.8990
4.3500,1.5000,0.9832,0.9735
4.3500,1.5500,1.0314,1.0573
4.3500,1.6000,1.0601,1.1050
4.3500,1.6500,1.2615,1.3328
4.3500,1.7000,1.3068,1.3729
4.3500,1.7500,1.3524,1.4103
4.3500,1.8000,1.4201,1.4745
4.3500,1.8500,1.4253,1.4575
4.3500,1.9000,1.4165,1.4109
4.3500,1.9500,1.6264,1.4868
4.3500,2.0000,1.5250,1.3802
4.3500,2.0500,1.4744,1.3607
4.3500,2.1000,1.4522,1.3479
4.3500,2.1500,1.3911,1.2986
4.3500,2.2000,1.3751,1.2699
4.3500,2.2500,1.3297,1.2368
4.3500,2.3000,1.3549,1.2623
4.3500,2.3500,1.4303,1.3199
4.3500,2.4000,1.4675,1.3298
4.3500,2.4500,1.5286,1.4081
4.3500,2.5000,1.5440,1.4085
4.3500,2.5500,1.5509,1.4161
4.3500,2.6000,1.4036,1.2165
4.3500,2.6500,1.4044,1.2190
4.3500,2.7000,1.4225,1.2552
4.3500,2.7500,1.4137,1.2382
4.3500,2.8000,1.4132,1.2391
4.3500,2.8500,1.4236,1.3840
4.3500,2.9000,1.5537,1.4845
4.3500,2.9500,1.5532,1.4831
4.3500,3.0000,1.5486,1.4796
4.3500,3.0500,1.4394,1.3975
4.3500,3.1000,1.4253,1.3877
4.3500,3.1500,1.4413,1.3738
4.3500,3.2000,1.3845,1.3720
4.3500,3.2500,1.4657,1.3911
4.3500,3.3000,1.5304,1.4427
4.3500,3.3500,1.6272,1.5125
4.3500,3.4000,1.6902,1.5477
4.3500,3.4500,1.6814,1.5267
4.3500,3.5000,1.7194,1.5137
4.3500,3.5500,1.7250,1.5067
4.3500,3.6000,1.7764,1.5342
4.3500,3.6500,1.8722,1.6010
4.3500,3.7000,2.0105,1.7492
4.3500,3.7500,2.1245,1.9103
4.3500,3.8000,2.0831,1.9405
4.3500,3.8500,1.9982,1.8553
4.3500,3.9000,1.8218,1.6157
4.3500,3.9500,1.7825,1.5836
4.3500,4.0000,1.6776,1.5774
4.3500,4.0500,1.6606,1.5700
4.3500,4.1000,1.4591,1.4562
4.4000,0.8000,0.9647,1.0248
4.4000,0.8500,0.9886,1.0454
4.4000,0.9000,1.0485,1.1032
4.4000,0.9500,1.1214,1.1643
4.4000,1.0000,1.2879,1.2975
4.4000,1.0500,1.3737,1.3303
4.4000,1.1000,1.4438,1.4185
4.4000,1.1500,1.3380,1.2988
4.4000,1.2000,1.2529,1.2052
4.4000,1.2500,1.2223,1.1516
4.4000,1.3000,1.1741,1.1208
4.4000,1.3500,1.0336,1.0065
4.4000,1.4000,1.0472,1.0571
4.4000,1.4500,1.0342,1.0306
4.4000,1.5000,1.0474,1.0529
4.4000,1.5500,1.0673,1.0933
4.4000,1.6000,1.0815,1.1220
4.4000,1.6500,1.2786,1.3443
4.4000,1.7000,1.3137,1.3768
4.4000,1.7500,1.3496,1.4070
4.4000,1.8000,1.3097,1.3537
4.4000,1.8500,1.2991,1.3245
4.4000,1.9000,1.3206,1.3296
4.4000,1.9500,1.3270,1.3357
4.4000,2.0000,1.4738,1.3358
4.4000,2.0500,1.4469,1.3390
4.4000,2.1000,1.4016,1.3030
4.4000,2.1500,1.3616,1.2689
4.4000,2.2000,1.2999,1.2214
4.4000,2.2500,1.2318,1.1469
4.4000,2.3000,1.2754,1.1973
4.4000,2.3500,1.3895,1.2762
4.4000,2.4000,1.4786,1.3738
4.4000,2.4500,1.5172,1.4033
4.4000,2.5000,1.5351,1.4051
4.4000,2.5500,1.5432,1.4143
4.4000,2.6000,1.4092,1.2271
4.4000,2.6500,1.4299,1.2667
4.4000,2.7000,1.4703,1.3168
4.4000,2.7500,1.4593,1.2920
4.4000,2.8000,1.4591,1.2916
4.4000,2.8500,1.4233,1.3854
4.4000,2.9000,1.5545,1.4858
4.4000,2.9500,1.4448,1.4058
4.4000,3.0000,1.4423,1.4030
4.4000,3.0500,1.4369,1.3988
4.4000,3.1000,1.4287,1.3931
4.4000,3.1500,1.4198,1.3876
4.4000,3.2000,1.5019,1.4093
4.4000,3.2500,1.5078,1.4151
4.4000,3.3000,1.5372,1.4374
4.4000,3.3500,1.5751,1.4640
4.4000,3.4000,1.5933,1.4739
4.4000,3.4500,1.5782,1.4590
4.4000,3.5000,1.5524,1.4352
4.4000,3.5500,1.6325,1.4549
4.4000,3.6000,1.7052,1.4944
4.4000,3.6500,1.8031,1.5557
4.4000,3.7000,1.9045,1.6358
4.4000,3.7500,1.9341,1.6948
4.4000,3.8000,2.0294,1.8971
4.4000,3.8500,1.9748,1.8411
4.4000,3.9000,1.9327,1.8033
4.4000,3.9500,1.9039,1.7803
4.4000,4.0000,1.8197,1.6917
4.4000,4.0500,1.6551,1.5679
4.4000,4.1000,1.6449,1.5633
4.4500,0.8000,0.9652,1.0218
4.4500,0.8500,0.9882,1.0419
4.4500,0.9000,1.0456,1.0995
4.4500,0.9500,1.1118,1.1570
4.4500,1.0000,1.1933,1.2238
4.4500,1.0500,1.3883,1.4301
4.4500,1.1000,1.3809,1.4167
4.4500,1.1500,1.3136,1.3600
4.4500,1.2000,1.2159,1.2166
4.4500,1.2500,1.2077,1.2210
4.4500,1.3000,1.1251,1.0784
4.4500,1.3500,1.0936,1.0777
4.4500,1.4000,1.1094,1.0903
4.4500,1.4500,1.1306,1.1485
4.4500,1.5000,1.1197,1.1432
4.4500,1.5500,1.1124,1.1459
4.4500,1.6000,1.1080,1.1499
4.4500,1.6500,1.1053,1.1525
4.4500,1.7000,1.3193,1.3823
4.4500,1.7500,1.2599,1.3149
4.4500,1.8000,1.2860,1.3357
4.4500,1.8500,1.2541,1.2889
4.4500,1.9000,1.2732,1.3044
4.4500,1.9500,1.2546,1.2763
4.4500,2.0000,1.4308,1.2997
4.4500,2.0500,1.4216,1.3181
4.4500,2.1000,1.3888,1.2932
4.4500,2.1500,1.3604,1.2686
4.4500,2.2000,1.3158,1.2347
4.4500,2.2500,1.3164,1.2222
4.4500,2.3000,1.2856,1.1829
4.4500,2.3500,1.4448,1.3507
4.4500,2.4000,1.4886,1.3835
4.4500,2.4500,1.5193,1.4070
4.4500,2.5000,1.5365,1.4218
4.4500,2.5500,1.5403,1.4153
4.4500,2.6000,1.5371,1.4227
4.4500,2.6500,1.4723,1.3325
4.4500,2.7000,1.4618,1.2989
4.4500,2.7500,1.4604,1.2927
4.4500,2.8000,1.4596,1.2907
4.4500,2.8500,1.4230,1.3864
4.4500,2.9000,1.4225,1.3847
4.4500,2.9500,1.4430,1.4066
4.4500,3.0000,1.4408,1.4043
4.4500,3.0500,1.4371,1.4014
4.4500,3.1000,1.4323,1.3983
4.4500,3.1500,1.4281,1.3963
4.4500,3.2000,1.5859,1.4357
4.4500,3.2500,1.5205,1.4222
4.4500,3.3000,1.5291,1.4296
4.4500,3.3500,1.5374,1.4360
4.4500,3.4000,1.5307,1.4314
4.4500,3.4500,1.4965,1.4077
4.4500,3.5000,1.4359,1.3644
4.4500,3.5500,1.5098,1.3828
4.4500,3.6000,1.6241,1.4488
4.4500,3.6500,1.7216,1.5042
4.4500,3.7000,1.7946,1.5519
4.4500,3.7500,1.8262,1.5731
4.4500,3.8000,1.9724,1.8755
4.4500,3.8500,1.8782,1.7408
4.4500,3.9000,1.8505,1.7157
4.5000,0.8000,0.9916,1.0559
4.5000,0.8500,1.0078,1.0690
4.5000,0.9000,1.0432,1.1017
4.5000,0.9500,1.0882,1.1412
4.5000,1.0000,1.2342,1.2906
4.5000,1.0500,1.2569,1.3205
4.5000,1.1000,1.2785,1.3376
4.5000,1.1500,1.1846,1.2631
4.5000,1.2000,1.1624,1.1789
4.5000,1.2500,1.1974,1.2216
4.5000,1.3000,1.1619,1.1460
4.5000,1.3500,1.1569,1.1597
4.5000,1.4000,1.2111,1.2162
4.5000,1.4500,1.2072,1.2260
4.5000,1.5000,1.1648,1.1909
4.5000,1.5500,1.1546,1.1954
4.5000,1.6000,1.1330,1.1782
4.5000,1.6500,1.1197,1.1680
4.5000,1.7000,1.2450,1.3048
4.5000,1.7500,1.2492,1.2969
4.5000,1.8000,1.2660,1.3098
4.5000,1.8500,1.2158,1.2466
4.5000,1.9000,1.2258,1.2545
4.5000,1.9500,1.2841,1.3207
4.5000,2.0000,1.4014,1.2757
4.5000,2.0500,1.4037,1.3030
4.5000,2.1000,1.3822,1.2871
4.5000,2.1500,1.3672,1.2729
4.5000,2.2000,1.3405,1.2527
4.5000,2.2500,1.3198,1.2371
4.5000,2.3000,1.3138,1.2012
4.5000,2.3500,1.4084,1.2949
4.5000,2.4000,1.5102,1.4006
4.5000,2.4500,1.5299,1.4158
4.5000,2.5000,1.5422,1.4267
4.5000,2.5500,1.5448,1.4180
4.5000,2.6000,1.5013,1.3763
4.5000,2.6500,1.4622,1.3048
4.5000,2.7000,1.4615,1.2966
4.5000,2.7500,1.4605,1.2915
4.5000,2.8000,1.4237,1.3894
4.5000,2.8500,1.4225,1.3870
4.5000,2.9000,1.4436,1.4092
4.5000,2.9500,1.4423,1.4075
4.5000,3.0000,1.4404,1.4058
4.5000,3.0500,1.4378,1.4038
4.5000,3.1000,1.4348,1.4020
4.5000,3.1500,1.4320,1.4010
4.5000,3.2000,1.5948,1.4411
4.5000,3.2500,1.5203,1.4229
4.5000,3.3000,1.5166,1.4227
4.5000,3.3500,1.5122,1.4206
4.5000,3.4000,1.4978,1.4106
4.5000,3.4500,1.4618,1.3864
4.5000,3.5000,1.4021,1.3448
4.5000,3.5500,1.4767,1.3654
4.5000,3.6000,1.5838,1.4283
4.5000,3.6500,1.6669,1.4730
4.5000,3.7000,1.7238,1.5066
4.5000,3.7500,1.7522,1.5236
4.5000,3.8000,1.8854,1.6345
4.5000,3.8500,1.9166,1.8306
4.5000,3.9000,1.8291,1.6998
4.5500,0.8500,0.9527,1.0088
4.5500,0.9000,1.0056,1.0519
4.5500,0.9500,1.1061,1.1312
4.5500,1.0000,1.1417,1.1925
4.5500,1.0500,1.1992,1.2716
4.5500,1.1000,1.1800,1.2676
4.5500,1.1500,1.1928,1.2794
4.5500,1.2000,1.1861,1.2741
4.5500,1.2500,1.1912,1.2336
4.5500,1.3000,1.1134,1.1445
4.5500,1.3500,1.1904,1.2077
4.5500,1.4000,1.3074,1.3136
4.5500,1.4500,1.2710,1.2812
4.5500,1.5000,1.2119,1.2296
4.5500,1.5500,1.1579,1.1977
4.5500,1.6000,1.0879,1.1345
4.5500,1.6500,1.0579,1.1107
4.5500,1.7000,1.2531,1.3180
4.5500,1.7500,1.2445,1.3036
4.5500,1.8000,1.2565,1.3132
4.5500,2.2500,1.3497,1.2586
4.5500,2.3000,1.4040,1.2837
4.5500,2.3500,1.3788,1.2519
4.5500,2.4000,1.4488,1.3251
4.5500,2.4500,1.5434,1.4258
4.5500,2.5000,1.5515,1.4329
4.5500,2.5500,1.5521,1.4320
4.5500,2.6000,1.5513,1.4260
4.5500,2.6500,1.4595,1.2933
4.5500,2.7000,1.4602,1.2915
4.5500,2.9500,1.4421,1.4083
4.5500,3.0000,1.4405,1.4070
4.5500,3.0500,1.4385,1.4056
4.5500,3.1000,1.4361,1.4043
4.5500,3.1500,1.6120,1.4483
4.5500,3.2000,1.5968,1.4428
4.5500,3.2500,1.5776,1.4364
4.5500,3.3000,1.5016,1.4165
4.5500,3.3500,1.4955,1.4123
4.5500,3.4000,1.4883,1.4053
4.5500,3.4500,1.4704,1.3920
4.5500,3.5000,1.4518,1.3783
4.5500,3.5500,1.6212,1.4163
4.5500,3.6000,1.5908,1.4360
4.5500,3.6500,1.6444,1.4625
4.5500,3.7000,1.6853,1.4855
4.6000,0.9000,0.9935,0.9943
4.6000,0.9500,1.0046,1.0151
4.6000,1.0000,1.0130,1.0363
4.6000,1.0500,1.0568,1.0861
4.6000,1.1000,1.0973,1.1603
4.6000,1.1500,1.0750,1.1575
4.6000,1.2000,1.1657,1.2179
4.6000,1.2500,1.1013,1.1032
4.6000,1.3000,1.0845,1.1197
4.6000,1.3500,1.1329,1.1572
4.6000,1.4000,1.1752,1.1900
4.6000,1.4500,1.1946,1.2056
4.6000,1.5000,1.1699,1.1699
4.6000,1.5500,1.1258,1.1258
4.6000,1.6000,1.0825,1.0825
4.6000,1.6500,1.0376,1.0628
4.6000,1.7000,1.0098,1.0553
4.6000,1.7500,1.2074,1.2736
4.6000,1.8000,1.2390,1.2990
4.6000,2.3000,1.4262,1.2996
4.6000,2.3500,1.4294,1.3022
4.6000,2.4000,1.4631,1.3353
4.6000,2.4500,1.4702,1.3411
4.6000,2.5000,1.5424,1.4255
4.6000,2.5500,1.5567,1.4252
4.6000,2.6000,1.5595,1.4281
4.6000,2.6500,1.4581,1.2876
4.6000,2.7000,1.4591,1.2877
4.6000,3.0000,1.4407,1.4079
4.6000,3.0500,1.4391,1.4068
4.6000,3.1000,1.4370,1.4057
4.6000,3.1500,1.6161,1.4505
4.6000,3.2000,1.5989,1.4441
4.6000,3.2500,1.5728,1.4348
4.6000,3.3000,1.5338,1.4213
4.6000,3.3500,1.4856,1.4087
4.6000,3.4000,1.4925,1.4081
4.6000,3.4500,1.4904,1.4043
4.6000,3.5000,1.4891,1.4017
4.6000,3.5500,1.6752,1.4468
4.6000,3.6000,1.7085,1.4640
4.6000,3.6500,1.6409,1.4629
4.6000,3.7000,1.6677,1.4775
4.6500,0.9500,0.9828,0.9905
4.6500,1.0000,0.9816,0.9973
4.6500,1.0500,0.9764,1.0011
4.6500,1.1000,0.9946,1.0443
4.6500,1.1500,1.0183,1.0245
4.6500,1.2000,0.9291,0.9636
4.6500,1.2500,0.9467,0.9748
4.6500,1.3000,1.0368,1.0749
4.6500,1.3500,1.0497,1.0790
4.6500,1.4000,1.0690,1.0690
4.6500,1.4500,1.0827,1.0827
4.6500,1.5000,1.0875,1.0875
4.6500,1.5500,1.0712,1.0712
4.6500,1.6000,1.0468,1.0468
4.6500,1.6500,1.0287,1.0287
4.6500,1.7000,1.0210,1.0210
4.6500,1.7500,1.2179,1.2179
4.6500,1.8000,1.2342,1.2342
4.6500,3.0000,1.4410,1.4085
4.6500,3.0500,1.4396,1.4076
4.6500,3.1000,1.4378,1.4067
4.6500,3.1500,1.6214,1.4529
4.6500,3.2000,1.6059,1.4470
4.6500,3.2500,1.5838,1.4387
4.6500,3.3000,1.5593,1.4295
4.6500,3.3500,1.4993,1.4144
4.6500,3.4000,1.5061,1.4153
4.6500,3.4500,1.5098,1.4155
4.6500,3.5000,1.6960,1.4593
4.7000,1.0000,0.9547,0.9627
4.7000,1.0500,0.9727,1.0055
4.7000,1.1000,0.9614,0.9947
4.7000,1.1500,0.9321,0.9148
4.7000,1.2000,0.9071,0.9406
4.7000,1.2500,0.9146,0.9429
4.7000,1.3000,0.9849,1.0235
4.7000,1.3500,0.9578,0.9578
4.7000,1.4000,0.9704,0.9704
4.7000,1.4500,1.0017,1.0017
4.7000,1.5000,1.0210,1.0210
4.7000,1.5500,1.0185,1.0185
4.7000,1.6000,1.0033,1.0033
4.7000,1.6500,0.9916,0.9916
4.7000,1.7000,0.9944,0.9944
4.7000,1.7500,1.0046,1.0046
4.7000,1.8000,1.2106,1.2106
4.7000,3.0000,1.4413,1.4089
4.7000,3.0500,1.4401,1.4082
4.7000,3.1000,1.4386,1.4074
4.7000,3.1500,1.6282,1.4557
4.7000,3.2000,1.6170,1.4512
4.7000,3.2500,1.6034,1.4459
4.7000,3.3000,1.5920,1.4411
4.7000,3.3500,1.5899,1.4391
4.7000,3.4000,1.5227,1.4234
4.7000,3.4500,1.5263,1.4243
4.7000,3.5000,1.7239,1.4739
4.7500,1.0000,0.9226,0.9199
4.7500,1.0500,0.9350,0.9567
4.7500,1.1000,0.9052,0.8871
4.7500,1.1500,0.8107,0.8275
4.7500,1.2000,0.8231,0.8370
4.7500,1.2500,0.8787,0.8787
4.7500,1.3000,0.8682,0.8682
4.7500,1.3500,0.8759,0.8759
4.7500,1.4000,0.8891,0.8891
4.7500,1.4500,0.8949,0.8949
4.7500,1.5000,0.9132,0.9132
4.7500,1.5500,0.9126,0.9126
4.7500,1.6000,0.8972,0.8972
4.7500,1.6500,0.8830,0.8830
4.7500,1.7000,0.8965,0.8965
4.7500,3.0500,1.4407,1.4086
4.7500,3.1000,1.4395,1.4080
4.7500,3.1500,1.6352,1.4585
4.7500,3.2000,1.6279,1.4556
4.7500,3.2500,1.6202,1.4523
4.7500,3.3000,1.6143,1.4497
4.8000,1.0000,0.8862,0.8553
4.8000,1.0500,0.8498,0.8210
4.8000,1.1000,0.8113,0.7868
4.8000,1.1500,0.7866,0.8040
4.8000,1.2000,0.8068,0.8211
4.8000,1.2500,0.8615,0.8615
4.8000,1.3000,0.8529,0.8529
4.8000,1.3500,0.8365,0.8365
4.8000,1.4000,0.8462,0.8462
4.8000,1.4500,0.8691,0.8691
4.8000,1.5000,0.8859,0.8859
4.8000,1.5500,0.8884,0.8884
4.8000,1.6000,0.8743,0.8743
4.8000,1.6500,0.8528,0.8528
4.8000,1.7000,0.8836,0.8836
4.8000,3.1000,1.6450,1.4626
4.8000,3.1500,1.6412,1.4610
4.8000,3.2000,1.6367,1.4591
4.8000,3.2500,1.6323,1.4572
4.8000,3.3000,1.6291,1.4557
4.8500,1.0500,0.8301,0.7976
4.8500,1.1000,0.7374,0.7564
4.8500,1.1500,0.7766,0.7937
4.8500,1.2000,0.8005,0.8149
4.8500,1.2500,0.8572,0.8572
4.8500,1.3000,0.8528,0.8528
4.8500,1.3500,0.7976,0.7976
4.8500,1.4000,0.8467,0.8467
4.8500,1.4500,0.8566,0.8566
4.8500,1.5000,0.8730,0.8730
4.8500,1.5500,0.8812,0.8812
4.8500,1.6000,0.8795,0.8795
4.8500,1.6500,0.8790,0.8790
4.8500,1.7000,0.8924,0.8924
4.9000,1.1000,0.7780,0.7956
4.9000,1.1500,0.7909,0.8071
4.9000,1.2000,0.8058,0.8200
4.9000,1.2500,0.8625,0.8625
4.9000,1.3000,0.8002,0.8002
4.9000,1.3500,0.7942,0.7942
4.9000,1.4000,0.7830,0.7830
4.9000,1.4500,0.8453,0.8453
4.9000,1.5000,0.8699,0.8699
4.9000,1.5500,0.8842,0.8842
4.9000,1.6000,0.8908,0.8908
4.9000,1.6500,0.8963,0.8963
4.9000,1.7000,0.9050,0.9050
4.9500,1.1000,0.8067,0.8225
4.9500,1.1500,0.8105,0.8254
4.9500,1.2000,0.8169,0.8306
4.9500,1.2500,0.8053,0.8053
4.9500,1.3000,0.8045,0.8045
4.9500,1.3500,0.7984,0.7984
4.9500,1.4000,0.7888,0.7888
4.9500,1.4500,0.8049,0.8049
4.9500,1.5000,0.8783,0.8783
4.9500,1.5500,0.8928,0.8928
4.9500,1.6000,0.9017,0.9017
5.0000,1.1000,0.8256,0.8397
5.0000,1.1500,0.8263,0.8400
5.0000,1.2000,0.8117,0.8117
5.0000,1.2500,0.8131,0.8131
5.0000,1.3000,0.8121,0.8121
5.0000,1.3500,0.8087,0.8087
5.0000,1.4000,0.8058,0.8058
5.0000,1.4500,0.8207,0.8207
5.0000,1.5000,0.8941,0.8941
5.0000,1.5500,0.9040,0.9040
5.0000,1.6000,0.9116,0.9116
5.0500,1.1500,0.8377,0.8503
5.0500,1.2000,0.8204,0.8204
5.0500,1.2500,0.8207,0.8207
5.0500,1.3000,0.8200,0.8200
5.0500,1.3500,0.8186,0.8186
5.0500,1.4000,0.8178,0.8178
5.0500,1.4500,0.8331,0.8331
5.0500,1.5000,0.8369,0.8369
5.1000,1.2000,0.8271,0.8271
5.1000,1.2500,0.8270,0.8270
5.1000,1.3000,0.8266,0.8266
5.1000,1.3500,0.8260,0.8260
5.1000,1.4000,0.8260,0.8260
5.1000,1.4500,0.8417,0.8417
5.1000,1.5000,0.8438,0.8438
